<?xml version="1.0" encoding="utf-8"?>
<COLLADA xmlns:xsi="http://www.w3.org/2001/XMLSchema-instance" xmlns:xsd="http://www.w3.org/2001/XMLSchema" version="1.4.1" xmlns="http://www.collada.org/2005/11/COLLADASchema">
    <asset>
        <created>2024-06-01T15:59:38.7512819+02:00</created>
        <modified>2024-06-01T15:59:38.7512839+02:00</modified>
        <unit name="Meter" />
        <contributor>
            <authoring_tool>IONET Exporter</authoring_tool>
        </contributor>
    </asset>
    <library_images>
        <image id="Texture_0_CMP-image" name="Texture_0_CMP">
            <init_from>Texture_0_CMP.png</init_from>
        </image>
        <image id="Texture_0_CMP-image_0" name="Texture_0_CMP">
            <init_from>Texture_0_CMP.png</init_from>
        </image>
    </library_images>
    <library_materials>
        <material id="Joint_0_Object_0_Material_0" name="Joint_0_Object_0_Material_0">
            <instance_effect url="#Joint_0_Object_0_Material_0-effect" />
        </material>
        <material id="Joint_0_Object_1_Material_1" name="Joint_0_Object_1_Material_1">
            <instance_effect url="#Joint_0_Object_1_Material_1-effect" />
        </material>
    </library_materials>
    <library_effects>
        <effect id="Joint_0_Object_0_Material_0-effect" name="Joint_0_Object_0_Material_0">
            <profile_COMMON>
                <newparam sid="Texture_0_CMP-image_surface">
                    <surface type="2D">
                        <init_from>Texture_0_CMP-image</init_from>
                    </surface>
                </newparam>
                <newparam sid="Texture_0_CMP-image_sampler">
                    <sampler2D>
                        <source>Texture_0_CMP-image_surface</source>
                    </sampler2D>
                </newparam>
                <technique sid="standard">
                    <phong>
                        <emission>
                            <color sid="emission">0 0 0 1</color>
                        </emission>
                        <ambient>
                            <color sid="ambient">0.7019608 0.7019608 0.7019608 1</color>
                        </ambient>
                        <diffuse>
                            <color sid="diffuse">1 1 1 1</color>
                            <texture texture="Texture_0_CMP-image_sampler" texcoord="CHANNEL0" />
                        </diffuse>
                        <specular>
                            <color sid="specular">1 1 1 1</color>
                        </specular>
                        <reflective>
                            <color sid="reflective">1 1 1 1</color>
                        </reflective>
                        <shininess>
                            <float sid="shininess">50</float>
                        </shininess>
                        <reflectivity>
                            <float sid="reflectivity">1</float>
                        </reflectivity>
                        <transparency>
                            <float sid="transparency">1</float>
                        </transparency>
                    </phong>
                </technique>
            </profile_COMMON>
        </effect>
        <effect id="Joint_0_Object_1_Material_1-effect" name="Joint_0_Object_1_Material_1">
            <profile_COMMON>
                <newparam sid="Texture_0_CMP-image_0_surface">
                    <surface type="2D">
                        <init_from>Texture_0_CMP-image_0</init_from>
                    </surface>
                </newparam>
                <newparam sid="Texture_0_CMP-image_0_sampler">
                    <sampler2D>
                        <source>Texture_0_CMP-image_0_surface</source>
                    </sampler2D>
                </newparam>
                <technique sid="standard">
                    <phong>
                        <emission>
                            <color sid="emission">0 0 0 1</color>
                        </emission>
                        <ambient>
                            <color sid="ambient">0.7019608 0.7019608 0.7019608 1</color>
                        </ambient>
                        <diffuse>
                            <color sid="diffuse">1 1 1 1</color>
                            <texture texture="Texture_0_CMP-image_0_sampler" texcoord="CHANNEL0" />
                        </diffuse>
                        <specular>
                            <color sid="specular">1 1 1 1</color>
                        </specular>
                        <reflective>
                            <color sid="reflective">1 1 1 1</color>
                        </reflective>
                        <shininess>
                            <float sid="shininess">50</float>
                        </shininess>
                        <reflectivity>
                            <float sid="reflectivity">1</float>
                        </reflectivity>
                        <transparency>
                            <float sid="transparency">1</float>
                        </transparency>
                    </phong>
                </technique>
            </profile_COMMON>
        </effect>
    </library_effects>
    <library_geometries>
        <geometry id="Joint_0_Object_0-geometry" name="Joint_0_Object_0">
            <mesh>
                <source id="Joint_0_Object_0-geometry-POSITION">
                    <float_array id="Joint_0_Object_0-geometry-POSITION-array" count="1875">0 14.624759 -8.445188 0.3178711 14.894885 -8.91533 -0.3022461 14.930988 -9.011314 -1.09375 13.624555 -9.569941 -0.9785156 14.312379 -9.706759 -0.83203125 13.843323 -10.098248 -0.67578125 13.24224 -9.999907 -0.83203125 13.843323 -10.098248 -0.3022461 13.694129 -10.4018755 -1.09375 14.096784 -9.039312 -0.83203125 14.646899 -9.1947975 -0.9785156 14.312379 -9.706759 -0.67578125 14.478769 -8.608985 -0.3022461 14.930988 -9.011314 -0.83203125 14.646899 -9.1947975 0 14.624759 -8.445188 -1.09375 14.096784 -9.039312 0.67578125 14.478769 -8.608985 0.7915039 14.694694 -9.2767935 0.3178711 14.894885 -8.91533 -1.09375 13.624555 -9.569941 1.09375 14.096784 -9.039312 1.0288086 14.24493 -9.646687 0.7915039 14.694694 -9.2767935 0.67578125 13.24224 -9.999907 0 13.09658 -10.164064 0.3178711 13.595007 -10.377354 0.3022461 12.79035 -9.597938 0 13.09658 -10.164064 0.3022461 12.79035 -9.597938 -0.3178711 12.825763 -9.693891 -0.7915039 13.026645 -9.3324585 -1.09375 13.624555 -9.569941 -0.7915039 13.026645 -9.3324585 -1.0288086 13.4760475 -8.962894 0 13.09658 -10.164064 -0.67578125 13.24224 -9.999907 -0.7915039 13.790554 -8.473185 -0.67578125 14.478769 -8.608985 -0.67578125 14.478769 -8.608985 1.09375 14.096784 -9.039312 -0.3022461 13.694129 -10.4018755 0.18652344 14.20989 -10.384382 -0.4892578 14.355881 -10.220585 1.09375 13.624555 -9.569941 0.67578125 13.24224 -9.999907 0.7915039 13.930424 -10.136396 0.3178711 13.595007 -10.377354 0.18652344 14.20989 -10.384382 -0.7915039 13.790554 -8.473185 -0.3178711 14.126001 -8.231538 1.0288086 14.24493 -9.646687 0.7915039 13.930424 -10.136396 0.6044922 14.591485 -9.955075 0.6044922 14.591485 -9.955075 0.18652344 14.20989 -10.384382 0 14.720093 -10.069061 0.7915039 13.930424 -10.136396 0.3178711 13.595007 -10.377354 -0.4892578 14.355881 -10.220585 -0.3022461 13.694129 -10.4018755 -0.4892578 14.355881 -10.220585 -0.4892578 14.82814 -9.689266 -0.9785156 14.312379 -9.706759 -0.4892578 14.82814 -9.689266 -0.4892578 14.82814 -9.689266 0.18652344 14.973801 -9.525108 0.18652344 14.973801 -9.525108 -0.3022461 14.930988 -9.011314 0.18652344 14.973801 -9.525108 0.6044922 14.591485 -9.955075 0.7915039 14.694694 -9.2767935 1.0288086 14.24493 -9.646687 0.67578125 14.478769 -8.608985 0.3022461 14.026849 -8.207706 0.83203125 13.8780155 -8.511005 0.67578125 14.478769 -8.608985 -0.83203125 13.843323 -10.098248 0.3022461 14.026849 -8.207706 0.8041992 10.842079 0.07929611 0.8178711 11.041959 -0.035455227 0 11.101509 0.018830538 1.09375 13.624555 -9.569941 0.9785156 13.408599 -8.902822 1.09375 13.624555 -9.569941 0.9785156 13.408599 -8.902822 0.83203125 13.074439 -9.414455 0.4892578 12.893198 -8.919986 0.83203125 13.074439 -9.414455 -0.18652344 12.747209 -9.083783 0.3022461 12.79035 -9.597938 -0.18652344 12.747209 -9.083783 -0.3178711 12.825763 -9.693891 -0.6044922 13.129164 -8.654146 -0.7915039 13.026645 -9.3324585 0 10.900565 0.13257527 -0.6044922 13.129164 -8.654146 -0.18652344 13.511448 -8.22487 -0.7915039 13.790554 -8.473185 -0.18652344 13.511448 -8.22487 0.4892578 12.893198 -8.919986 0.4892578 13.365097 -8.388996 0.4892578 12.893198 -8.919986 0.4892578 13.365097 -8.388996 0 13.0009165 -8.53983 -0.3178711 14.126001 -8.231538 0.3022461 14.026849 -8.207706 -1.0288086 13.4760475 -8.962894 -0.83203125 14.646899 -9.1947975 3.8085938 6.68146 -3.6991563 3.5722656 6.649779 -3.4986253 3.215332 6.1546545 -3.947928 0.83203125 13.074439 -9.414455 -2.1479492 10.124955 -0.34202218 -2.290039 10.386636 -0.33450675 -2.9145508 10.007043 -0.67928314 -2.734375 9.76945 -0.6653683 3.427246 6.154067 -4.178295 -1.4794922 10.389706 -0.10179138 -1.5771484 10.668753 -0.07852912 -2.1479492 10.124955 -0.34202218 -0.75439453 4.9378953 -5.053296 -0.8041992 4.8565083 -5.356696 0 4.7976685 -5.4103107 0 4.882268 -5.103202 4.0429688 7.2542105 -3.1791496 3.7924805 7.186752 -3.010429 3.5722656 6.649779 -3.4986253 -0.75439453 10.552744 0.04630518 -0.8041992 10.842079 0.07929611 -1.4794922 5.1002426 -4.9051805 -1.5771484 5.0298357 -5.1988707 -0.75439453 4.9378953 -5.053296 2.1479492 5.3649936 -4.66495 2.290039 5.3119526 -4.942893 2.9145508 5.6915455 -4.598117 2.734375 5.7211885 -4.341623 -0.75439453 10.552744 0.04630518 0 10.607681 0.09623003 -2.1479492 5.3649936 -4.66495 -2.290039 5.3119526 -4.942893 -1.4794922 5.1002426 -4.9051805 1.4794922 5.1002426 -4.9051805 1.5771484 5.0298357 -5.1988707 -1.4794922 10.389706 -0.10179138 2.1479492 5.3649936 -4.66495 -2.734375 9.76945 -0.6653683 -3.427246 9.544521 -1.0991046 3.215332 9.33563 -1.0593987 3.427246 9.544521 -1.0991046 2.9145508 10.007043 -0.67928314 2.734375 9.76945 -0.6653683 -3.8666992 7.744974 -2.503486 -4.1220703 7.849294 -2.6387 -4.0429688 7.2542105 -3.1791496 -3.7924805 7.186752 -3.010429 3.5722656 8.840506 -1.5087014 3.8085938 9.017128 -1.5782437 3.215332 9.33563 -1.0593987 -3.7924805 8.303197 -1.9965429 -4.0429688 8.444378 -2.0982502 -3.8666992 7.744974 -2.503486 -3.215332 9.33563 -1.0593987 3.7924805 8.303197 -1.9965429 4.0429688 8.444378 -2.0982502 -3.5722656 8.840506 -1.5087014 -3.8085938 9.017128 -1.5782437 -3.7924805 8.303197 -1.9965429 3.8666992 7.744974 -2.503486 4.1220703 7.849294 -2.6387 3.7924805 8.303197 -1.9965429 -3.215332 9.33563 -1.0593987 -3.5722656 8.840506 -1.5087014 3.7924805 7.186752 -3.010429 3.8666992 7.744974 -2.503486 3.5722656 8.840506 -1.5087014 -2.734375 5.7211885 -4.341623 -2.9145508 5.6915455 -4.598117 -2.1479492 5.3649936 -4.66495 0.75439453 4.9378953 -5.053296 0.8041992 4.8565083 -5.356696 0 5.4080606 -5.691312 0 5.1625137 -5.7393465 -0.7944336 5.2202897 -5.686738 -2.5512695 10.453125 -1.7182617 -2.729004 10.284992 -1.2618259 -2.144043 10.640477 -0.9391699 0 13.0009165 -8.53983 -0.18652344 13.511448 -8.22487 0.83203125 13.8780155 -8.511005 0.9785156 13.408599 -8.902822 -0.6044922 13.129164 -8.654146 -0.18652344 12.747209 -9.083783 -1.6049805 5.128001 -5.405756 -1.5585938 5.3921776 -5.530945 -0.3178711 14.126001 -8.231538 0 14.624759 -8.445188 -1.0288086 13.4760475 -8.962894 -1.09375 14.096784 -9.039312 -0.3178711 12.825763 -9.693891 -0.67578125 13.24224 -9.999907 0.67578125 13.24224 -9.999907 1.09375 14.096784 -9.039312 -0.8178711 11.041959 -0.035455227 -0.7944336 11.135332 -0.31474042 -1.5585938 10.963444 -0.47053337 3.3867188 6.5026107 -4.522072 3.4873047 6.2717276 -4.3674207 2.9658203 5.8010654 -4.794267 2.880371 6.045747 -4.937216 1.4794922 5.1002426 -4.9051805 -3.215332 6.1546545 -3.947928 -3.427246 6.154067 -4.178295 -2.734375 5.7211885 -4.341623 0 4.882268 -5.103202 0 4.7976685 -5.4103107 0.75439453 4.9378953 -5.053296 1.5771484 10.668753 -0.07852912 1.4794922 10.389706 -0.10179138 2.1479492 10.124955 -0.34202218 -3.5722656 6.649779 -3.4986253 -3.8085938 6.68146 -3.6991563 -3.215332 6.1546545 -3.947928 2.734375 9.76945 -0.6653683 2.290039 10.386636 -0.33450675 2.1479492 10.124955 -0.34202218 -3.7924805 7.186752 -3.010429 -3.5722656 6.649779 -3.4986253 -2.3300781 5.414731 -5.145417 1.6049805 5.128001 -5.405756 1.5585938 5.3921776 -5.530945 2.2626953 5.670767 -5.2776318 0.8178711 4.951145 -5.566245 -3.9951172 7.5896454 -3.5346477 -4.1132812 7.391011 -3.3508508 -4.1938477 7.9963846 -2.800673 -4.1132812 8.602094 -2.2508497 -3.9951172 8.765995 -2.4661405 -4.073242 8.177988 -3.0005715 3.9951172 7.5896454 -3.5346477 4.1132812 7.391011 -3.3508508 3.875 6.808346 -3.8795598 3.7631836 7.023972 -4.0486355 0.3178711 14.894885 -8.91533 0 11.193108 -0.26213217 0.7944336 11.135332 -0.31474042 -1.8652344 10.946777 -1.9121094 -1.284668 11.17627 -1.703125 -1.1782227 11.368652 -2.3076172 -2.0043945 10.785156 -1.4165039 -1.3808594 11.032227 -1.1923828 -1.4765625 10.904519 -0.69961023 -0.7529297 11.067202 -0.5518489 -2.3740234 10.637695 -2.192871 -1.7104492 11.157715 -2.4990234 2.3300781 5.414731 -5.145417 0 4.891596 -5.620531 -1.8652344 6.813183 -5.6657715 -1.3808594 6.096568 -5.6746936 -2.0043945 6.3432627 -5.4501905 -1.284668 6.583519 -5.874173 -0.7036133 5.944175 -5.812727 -0.65478516 6.4417505 -6.0028324 0 5.893141 -5.8589616 0 6.394245 -6.046403 3 7.0801153 -4.781081 3.2089844 6.6776276 -4.5380316 2.729004 6.2448716 -4.931055 3.333496 7.542281 -4.361595 3.5654297 7.172043 -4.0893993 1.4794922 10.389706 -0.10179138 0.75439453 10.552744 0.04630518 0.7944336 5.2202897 -5.686738 0.7529297 5.4629974 -5.641387 1.4765625 5.62568 -5.4936256 0 5.1625137 -5.7393465 0 5.4080606 -5.691312 -3.875 9.184423 -1.721786 -3.7631836 9.331649 -1.9528432 -1.4765625 5.62568 -5.4936256 -2.144043 5.889386 -5.253711 -0.7529297 5.4629974 -5.641387 0 5.4080606 -5.691312 2.734375 5.7211885 -4.341623 3.215332 6.1546545 -3.947928 -2.2626953 5.670767 -5.2776318 -2.9658203 5.8010654 -4.794267 -2.880371 6.045747 -4.937216 -3.4873047 6.2717276 -4.3674207 -3.3867188 6.5026107 -4.522072 -3.875 6.808346 -3.8795598 -3.7631836 7.023972 -4.0486355 -2.2626953 10.685209 -0.72351146 -2.3300781 10.578018 -0.45661855 -1.6049805 10.865104 -0.19594455 -2.880371 10.309874 -1.0642624 -2.9658203 10.191704 -0.80707836 -3.3867188 9.85301 -1.479407 -3.4873047 9.721376 -1.23428 -0.8178711 4.951145 -5.566245 0 4.891596 -5.620531 0.75439453 10.552744 0.04630518 2.3300781 10.578018 -0.45661855 1.6049805 10.865104 -0.19594455 2.9658203 10.191704 -0.80707836 3.4873047 9.721376 -1.23428 3.875 9.184423 -1.721786 4.1132812 8.602094 -2.2508497 4.1938477 7.9963846 -2.800673 1.5585938 10.963444 -0.47053337 2.2631836 10.685209 -0.72351146 2.880371 10.309874 -1.0642624 3.3867188 9.85301 -1.479407 3.7631836 9.331649 -1.9528432 3.9951172 8.765995 -2.4661405 4.073242 8.177652 -3.0002167 0 11.122139 -0.5019243 -0.7529297 11.067202 -0.5518489 0.7529297 11.067202 -0.5518489 1.4765625 10.904519 -0.69961023 2.144043 10.640477 -0.9391699 2.729004 10.284992 -1.2618259 3.2089844 9.851881 -1.6551852 3.5654297 9.358156 -2.1038365 3.7851562 8.822268 -2.5903363 3.859375 8.265109 -3.096273 3.7851562 7.7075963 -3.602545 3.5654297 7.172043 -4.0893993 3.2089844 6.6776276 -4.5380316 2.729004 6.2448716 -4.931055 2.144043 5.889386 -5.253711 -1.4765625 10.904519 -0.69961023 -2.144043 10.640477 -0.9391699 -2.729004 10.284992 -1.2618259 -3.2089844 9.851881 -1.6551852 -3.5654297 9.358156 -2.1038365 -3.7851562 8.822268 -2.5903363 -3.859375 8.265109 -3.096273 -3.7851562 7.7075963 -3.602545 -3.5654297 7.172043 -4.0893993 -3.2089844 6.6776276 -4.5380316 -2.729004 6.2448716 -4.931055 -2.144043 5.889386 -5.253711 -1.4765625 5.62568 -5.4936256 -0.7529297 5.4629974 -5.641387 -1.0776367 11.574219 -2.9047852 -1.5644531 11.381836 -3.0795898 -0.97216797 11.811523 -3.555664 -1.4111328 11.637695 -3.713379 -0.8652344 12.071289 -4.2368164 -1.2558594 11.916992 -4.3774414 -0.56152344 12.428711 -4.996582 1.4765625 10.904519 -0.69961023 1.3808594 11.032227 -1.1923828 0.7036133 11.184082 -1.0541992 2.144043 10.640477 -0.9391699 2.0043945 10.785156 -1.4165039 2.729004 10.284992 -1.2618259 2.5512695 10.453125 -1.7182617 3.2089844 9.851881 -1.6551852 3 10.04834 -2.0854492 0 11.235352 -1.0073242 0.65478516 11.317871 -1.574707 0.7529297 11.067202 -0.5518489 -0.7036133 11.184082 -1.0541992 0 11.365723 -1.53125 0 11.122139 -0.5019243 0.60058594 11.498047 -2.1899414 0 11.541992 -2.1499023 0.5493164 11.692871 -2.796875 0 11.73291 -2.7607422 0.49560547 11.918457 -3.458496 0 11.95459 -3.4257812 0.44091797 12.166504 -4.1503906 -0.65478516 11.317871 -1.574707 -0.60058594 11.498047 -2.1899414 -2.3740234 7.1220703 -5.385254 -2.5512695 6.675705 -5.148649 -2.791504 7.498535 -5.0429688 -2.729004 6.2448716 -4.931055 -2.6020508 8.850098 -5.3789062 -2.762207 9.241211 -5.0234375 -2.4916992 9.707031 -5.466797 -2.8442383 8.390137 -5.012207 -3.0195312 8.817871 -4.6240234 -2.347168 9.354004 -5.7875977 -2.2177734 10.198242 -5.9379883 -2.0888672 9.884277 -6.2231445 -1.8520508 10.641602 -6.619629 -1.7963867 8.744141 -6.3413086 -2.1123047 9.028809 -6.0825195 -1.8798828 9.594727 -6.486328 -2.3417969 8.489746 -5.7060547 -2.5600586 7.9960938 -5.370117 -1.9912109 8.173828 -5.993164 -2.1767578 7.650879 -5.6835938 -1.5644531 7.914551 -6.2285156 -1.1782227 7.1567383 -6.132324 -1.7104492 7.3671875 -5.9414062 -1.0776367 7.7216797 -6.4033203 -0.60058594 7.0268555 -6.25 0 6.9833984 -6.290039 0.30371094 13.408042 -7.3800154 -0.49316406 13.349886 -7.432932 -0.3881836 13.086426 -6.597168 -3 7.0801153 -4.781081 -3.1020508 7.928711 -4.652832 -3.2089844 6.6776276 -4.5380316 -3.333496 7.542281 -4.361595 -3.2929688 8.39502 -4.229492 -3.5654297 7.172043 -4.0893993 -3.5390625 8.043438 -3.9065895 -3.3574219 8.879883 -3.7890625 -3.7851562 7.7075963 -3.602545 0.24169922 13.706543 -8.024902 -0.39208984 13.660156 -8.066895 -0.2993164 13.962456 -8.66931 -0.60791016 13.684219 -8.92218 -3.0786133 9.262695 -4.220215 -3.0195312 9.707031 -3.815918 -2.762207 10.0546875 -4.284668 -2.8164062 9.647949 -4.654297 -2.4916992 10.440918 -4.800293 -2.5405273 10.07373 -5.133789 -2.2177734 10.8515625 -5.345215 -2.2612305 10.524902 -5.6416016 -1.9257812 11.198242 -6.114258 -0.5493164 11.692871 -2.796875 -0.49560547 11.918457 -3.458496 -0.44091797 12.166504 -4.1503906 2.791504 7.498535 -5.0429688 -0.24121094 12.526855 -9.096191 -0.18408203 13.097497 -9.454897 0.2993164 13.132825 -9.422622 -3.6083984 8.563965 -3.4335938 -3.859375 8.265109 -3.096273 -3.7851562 8.822268 -2.5903363 -1.0014648 12.891298 -7.84978 -0.796875 13.29541 -8.397949 -0.92285156 12.301389 -8.384967 -0.7338867 12.826172 -8.824219 -0.30371094 11.925238 -8.726969 -0.24121094 12.526855 -9.096191 -0.5605469 13.325986 -9.247475 -0.18408203 13.097497 -9.454897 -3.5390625 9.085451 -2.9603877 -3.2929688 9.364746 -3.3486328 -3.5654297 9.358156 -2.1038365 -2.1123047 11.118652 -4.1845703 -2.347168 10.793457 -4.4799805 -2.6020508 10.445801 -3.9296875 -1.8798828 11.455078 -4.796875 -2.0888672 11.165527 -5.0595703 -1.706543 11.733398 -5.628418 0.5605469 13.769296 -8.844456 0.734375 13.407227 -8.296387 0.7963867 12.9375 -8.723145 0.18408203 13.997785 -8.637034 0.8652344 12.071289 -4.2368164 1.2558594 11.916992 -4.3774414 0.9121094 12.321289 -5.0942383 0.97216797 11.811523 -3.555664 1.4111328 11.637695 -3.713379 1.0776367 11.574219 -2.9047852 0.92285156 13.031891 -7.7220173 1.0014648 12.441936 -8.257894 0.49316406 11.983393 -8.674052 0.39208984 12.572754 -9.054199 -0.8652344 8.978027 -7.0458984 -1.2558594 9.1328125 -6.9057617 -0.9121094 9.793945 -7.38916 -0.97216797 8.336426 -6.711914 -1.4111328 8.510254 -6.553711 0.60791016 13.411061 -9.16975 0.56152344 9.686523 -7.4868164 -0.18945312 9.631836 -7.536621 -0.15966797 10.394531 -7.939453 -0.5493164 7.6030273 -6.5112305 0 7.5629883 -6.5478516 -0.49560547 8.229492 -6.809082 0 8.193359 -6.841797 -0.44091797 8.8828125 -7.1328125 0 8.851074 -7.161621 -0.18945312 9.631836 -7.536621 1.2807617 12.425781 -7.1972656 2.6020508 10.445801 -3.9296875 2.762207 10.0546875 -4.284668 2.4916992 10.440918 -4.800293 2.8442383 10.134766 -3.4277344 3.0195312 9.707031 -3.815918 2.347168 10.793457 -4.4799805 2.2177734 10.8515625 -5.345215 2.0888672 11.165527 -5.0595703 -2.8442383 10.134766 -3.4277344 -3.1020508 9.831055 -2.9248047 -3.333496 9.586426 -2.5048828 -3.2089844 9.851881 -1.6551852 2.3740234 7.1220703 -5.385254 1.8652344 6.813183 -5.6657715 1.7104492 7.3671875 -5.9414062 2.5512695 6.675705 -5.148649 2.0043945 6.3432627 -5.4501905 2.144043 5.889386 -5.253711 1.4765625 5.62568 -5.4936256 -3 10.04834 -2.0854492 -2.791504 10.260742 -2.534668 -2.1767578 10.874512 -2.7563477 -2.5600586 10.528809 -3.0698242 3.0786133 9.262695 -4.220215 3.0195312 8.817871 -4.6240234 2.762207 9.241211 -5.0234375 2.8164062 9.647949 -4.654297 2.4916992 9.707031 -5.466797 2.5405273 10.07373 -5.133789 2.2177734 10.198242 -5.9379883 2.2612305 10.524902 -5.6416016 1.9257812 10.91748 -6.3691406 -1.2807617 11.850586 -7.7197266 -1.9912109 11.122559 -3.3149414 -1.7963867 11.403809 -3.9257812 -0.47314453 12.751953 -5.79834 -1.034668 12.529785 -6.0004883 -1.2275391 12.165527 -5.23584 -0.8491211 12.904297 -6.7626953 -1.1806641 12.605469 -7.0341797 -1.3320312 12.235352 -7.370117 -1.5605469 11.245605 -7.166504 0.15966797 12.797852 -5.756836 -1.5986328 11.708496 -4.5664062 -2.3417969 10.806641 -3.6020508 0.18945312 12.483887 -4.9467773 0 12.19873 -4.1210938 0.7685547 12.661133 -5.8808594 0.6308594 13.012207 -6.664551 0.13085938 13.124512 -6.5625 1.2607422 12.362305 -6.1523438 1.034668 12.766602 -6.887207 1.4960938 11.966797 -5.416504 1.5986328 11.708496 -4.5664062 3.2929688 9.364746 -3.3486328 3.5390625 9.085451 -2.9603877 3.3574219 8.879883 -3.7890625 3.333496 9.586426 -2.5048828 3.7851562 8.822268 -2.5903363 3.5654297 9.358156 -2.1038365 1.5605469 11.946777 -6.529785 1.8520508 11.473633 -5.864258 1.6230469 11.477539 -6.9555664 1.8798828 11.455078 -4.796875 1.7963867 11.403809 -3.9257812 1.5644531 11.381836 -3.0795898 1.3320312 12.041016 -7.5463867 1.4384766 11.026855 -7.3652344 1.1806641 11.670898 -7.8828125 1.034668 10.662598 -7.695801 1.706543 10.382324 -6.8549805 0.8491211 11.37207 -8.154297 2.0888672 9.884277 -6.2231445 2.347168 9.354004 -5.7875977 2.6020508 8.850098 -5.3789062 1.2275391 9.950195 -7.2475586 1.8798828 9.594727 -6.486328 1.5986328 9.341309 -6.716797 2.1123047 9.028809 -6.0825195 1.7963867 8.744141 -6.3413086 2.3417969 8.489746 -5.7060547 1.9912109 8.173828 -5.993164 2.5600586 7.9960938 -5.370117 0.47314453 10.44043 -7.897461 0.3881836 11.189453 -8.319824 1.2558594 9.1328125 -6.9057617 0.8652344 8.978027 -7.0458984 1.4111328 8.510254 -6.553711 0.97216797 8.336426 -6.711914 1.5644531 7.914551 -6.2285156 1.0776367 7.7216797 -6.4033203 -0.13085938 11.151855 -8.354004 -0.30371094 11.925238 -8.726969 -1.4384766 12.165527 -6.3310547 3.6083984 8.563965 -3.4335938 3.2929688 8.39502 -4.229492 3.859375 8.265109 -3.096273 -1.6230469 11.714355 -6.7407227 2.1123047 11.118652 -4.1845703 1.9912109 11.122559 -3.3149414 2.3417969 10.806641 -3.6020508 3.5390625 8.043438 -3.9065895 3.1020508 7.928711 -4.652832 3.7851562 7.7075963 -3.602545 2.1767578 7.650879 -5.6835938 2.1767578 10.874512 -2.7563477 2.5600586 10.528809 -3.0698242 1.7104492 11.157715 -2.4990234 1.1782227 11.368652 -2.3076172 2.3740234 10.637207 -2.192871 2.791504 10.260742 -2.534668 1.8652344 10.946777 -1.9121094 1.284668 11.17627 -1.703125 3.1020508 9.831055 -2.9248047 2.8442383 8.390137 -5.012207 -1.4960938 10.148926 -7.067383 -1.5986328 9.341309 -6.716797 -1.2607422 10.830078 -7.5439453 -1.034668 11.509277 -8.029297 -0.6308594 11.26416 -8.251953 -0.13085938 11.151855 -8.354004 -0.7685547 10.53125 -7.8154297 1.1782227 7.1567383 -6.132324 1.284668 6.583519 -5.874173 1.3808594 6.096568 -5.6746936 0.7529297 5.4629974 -5.641387 -0.15966797 10.394531 -7.939453 0.44091797 8.8828125 -7.1328125 0 8.851074 -7.161621 0.49560547 8.229492 -6.809082 0 8.193359 -6.841797 0.5493164 7.6030273 -6.5112305 0 7.5629883 -6.5478516 0.60058594 7.0268555 -6.25 0 6.9833984 -6.290039 0.65478516 6.4417505 -6.0028324 0 6.394245 -6.046403 0.7036133 5.944175 -5.812727 0 5.893141 -5.8589616 0 5.4080606 -5.691312</float_array>
                    <technique_common>
                        <accessor count="625" offset="0" source="Joint_0_Object_0-geometry-POSITION-array" stride="3">
                            <param name="X" type="float" />
                            <param name="Y" type="float" />
                            <param name="Z" type="float" />
                        </accessor>
                    </technique_common>
                </source>
                <source id="Joint_0_Object_0-geometry-NORMAL">
                    <float_array id="Joint_0_Object_0-geometry-NORMAL-array" count="1398">0 0.66447365 0.74731165 0.27637538 0.8994489 0.3385386 -0.2628594 0.9304581 0.25525007 -0.95106035 -0.20533669 -0.23091364 -0.85065717 0.39288136 -0.3493231 -0.7236207 -0.015109477 -0.6900325 -0.58778 -0.5375737 -0.6045901 -0.26285538 -0.14469072 -0.95392436 -0.95106035 0.20533669 0.23091364 -0.72362316 0.68352556 0.095720634 -0.58778 0.5375737 0.6045901 0.58778 0.5375737 0.6045901 0.6882 0.7251131 0.024328826 0.95106035 0.20533669 0.23091364 0.8944306 0.33419514 -0.29716593 0.58778 -0.5375737 -0.6045901 0 -0.66447365 -0.74731165 0.27637893 -0.2310352 -0.93286514 0.26285252 -0.9304563 -0.25526395 -0.27637538 -0.8994489 -0.3385386 -0.6881901 -0.7251232 -0.024305945 -0.8944306 -0.33419514 0.29716593 -0.6881827 -0.060648784 0.72299814 0.16244842 0.30344412 -0.93889946 -0.42533353 0.43036306 -0.79616517 0.95106035 -0.20533669 -0.23091364 0.68820405 0.060652632 -0.72297746 -0.27637893 0.2310352 0.93286514 0.5257322 0.6356945 -0.56524163 0 0.7473115 -0.6644739 -0.42533612 0.8410261 -0.3343116 0.16244927 0.96794116 -0.19157292 0.26285538 0.14469072 0.95392436 0.7236207 0.015109477 0.6900325 0.15033066 0.1835761 0.9714425 0.19547127 0.7596831 0.62021977 0.0006408855 0.7739884 0.6331994 0.8506586 -0.3928595 0.34934428 0.72362316 -0.68352556 -0.095720634 0.42531112 -0.84103703 0.33431596 -0.16244927 -0.96794116 0.19157292 -0.5257322 -0.6356945 0.56524163 -0.006439423 0.19440207 0.98090076 -0.16245045 -0.30347043 0.9388906 0.42533353 -0.43036306 0.79616517 0 -0.7473115 0.6644739 0.73490596 -0.6296312 0.25194782 0.5122768 -0.70522535 0.4901324 0.4618283 -0.77666074 0.42838398 -0.33295536 -0.20753564 0.9198205 -0.45102566 0.08974747 0.88798714 -0.57115495 0.0137931695 0.8207264 -0.41517922 -0.2649505 0.8703031 0.6618823 -0.7320949 0.16108671 -0.23679541 -0.16364595 0.9576784 -0.3131783 0.14653285 0.93832165 -0.087068744 -0.95864654 0.27095363 -0.1467639 -0.9870004 -0.06550273 0.007202365 -0.99719995 -0.07443467 0.01751778 -0.9636402 0.26662856 0.78001875 -0.51830345 0.35061702 0.54382735 -0.6272543 0.55749786 -0.13061813 -0.13523676 0.98216593 -0.16299897 0.18186873 0.9697191 -0.18866076 -0.93882674 0.28811705 -0.29526687 -0.95470047 -0.036940098 0.31351787 -0.89037794 0.330051 0.4445332 -0.8956206 0.0159356 0.5638274 -0.8218698 0.081417516 0.39468676 -0.8390691 0.37441346 -0.018890891 -0.1236671 0.9921439 -0.28375864 -0.90476936 0.31760567 -0.4327762 -0.90144366 0.01020551 0.22134976 -0.9289782 0.29665425 0.30848137 -0.9506595 -0.032951586 -0.66887635 -0.07825597 0.73924315 0.46055418 -0.30939215 0.8319654 0.6611468 -0.07065631 0.7469221 0.56159604 0.02012646 0.82716674 0.38944295 -0.24439144 0.8880355 -0.5535093 -0.57308114 0.6043223 -0.7958461 -0.412043 0.44367734 -0.7777838 -0.52800286 0.34097698 -0.5354696 -0.65389585 0.53450215 0.51286024 -0.38334963 0.768126 0.7349456 -0.17408352 0.6554006 -0.55040157 -0.49060842 0.6755454 -0.783314 -0.29540506 0.5469508 -0.4802396 -0.33328626 0.8113509 0.5445749 -0.46317732 0.6992173 0.7802073 -0.28610104 0.5562579 -0.5257958 -0.4095621 0.7455183 -0.74047804 -0.18268232 0.64677626 0.55488044 -0.5455574 0.6280724 0.79535687 -0.4023372 0.45335674 -0.36896908 -0.8575419 0.35844636 -0.5540354 -0.829182 0.07417496 0.121522024 -0.95365304 0.27527854 0.16086325 -0.98493403 -0.063466445 0.006073071 -0.07032342 -0.9975057 -0.006744567 -0.10979508 -0.99393135 -0.15283445 -0.09814265 -0.98336655 -0.5989281 0.79745173 0.07318367 -0.511708 0.8406975 -0.17715132 -0.40342715 0.90749234 -0.11706501 -0.38275564 -0.6481763 -0.6583051 -0.29304242 -0.06564635 -0.9538432 -0.19418582 0.7598683 0.62039673 -0.13959098 0.9901967 0.00498701 -0.28055114 0.9595667 -0.022866586 0.6194264 0.13265982 -0.773765 0.83000565 -0.3764438 -0.41155878 0.70571166 -0.48842734 -0.51323473 0.5251928 0.049170215 -0.8495616 -0.44113672 -0.7986298 0.40937617 -0.65437436 -0.74059886 0.15266818 0.30112627 0.1498678 0.94173384 0.20221296 -0.1523369 0.96742105 0.30219078 -0.19125147 0.9338649 -0.49741417 -0.7299594 0.46876264 -0.72997534 -0.6389257 0.24271376 0.440043 0.09465884 0.8929736 -0.5553752 -0.579739 -0.59620565 0.38156694 -0.6485336 -0.6586432 0.28058228 -0.069477156 -0.95731217 0.41077363 -0.019059567 -0.9115382 0.19418499 -0.69052863 -0.69675136 -0.7363954 0.34172773 -0.58390397 -0.9796053 -0.10908813 -0.16873986 -0.9986691 0.035166692 -0.037728604 -0.97935635 0.1793758 0.09319633 -0.73375654 0.5581864 -0.38733602 -0.7494711 0.45005912 -0.4855305 0.73376966 0.3319142 -0.5928027 0.9793569 -0.11001784 -0.16957654 0.9224015 -0.2486878 -0.29551628 0.6898339 0.22811367 -0.68709046 0.0067445845 0.999882 0.013804278 0.15283574 0.9882463 0.003228236 -0.49381727 0.8550018 0.15848175 -0.33991238 0.9160361 0.2129259 -0.34509853 0.9070891 0.24103186 -0.46238428 0.8751457 0.14255145 -0.30829352 0.9315335 0.1928742 -0.27988487 0.95731664 -0.072175846 -0.14566459 0.9883451 -0.044225417 -0.6289601 0.7727642 0.08511668 -0.5012887 0.8451046 0.18576309 0.55427754 -0.5802932 -0.5966877 -0.000640883 -0.70462716 -0.70957744 -0.49792743 -0.2526732 -0.829593 -0.3644786 -0.27977186 -0.88819087 -0.51411676 -0.21494307 -0.83035135 -0.34320462 -0.31473786 -0.884958 -0.2006258 -0.32146513 -0.9254239 -0.17511465 -0.3530039 -0.9190882 -0.028961994 -0.3384292 -0.94054604 -0.00024414682 -0.36593464 -0.9306406 0.7165593 -0.06293372 -0.6946813 0.6030778 0.17269798 -0.7787635 0.51462406 0.09066175 -0.8526092 0.8023581 0.048950337 -0.59483224 0.66819155 0.2659326 -0.6948381 0.093631424 -0.12944311 0.9871564 0.13959134 -0.1000929 -0.9851374 0.14691503 -0.05907327 -0.9873836 0.28205273 -0.027536046 -0.9590036 -0.922404 0.3180251 0.21915959 -0.68984187 0.66199404 -0.29305646 -0.27085197 -0.031055944 -0.96211994 -0.39619425 0.017935004 -0.9179916 -0.13501261 -0.060887966 -0.98897135 -0.42200506 -0.013499485 -0.90649295 -0.7066261 -0.4877194 -0.5126493 -0.534738 0.056257363 -0.84314317 -0.830725 -0.37564072 -0.41084063 -0.6269297 0.14094423 -0.7662205 -0.92290443 -0.24778372 -0.29470447 -0.69501686 0.23734961 -0.6786876 -0.4107809 0.9091512 -0.06858048 -0.5543014 0.6496444 0.5203002 -0.3815693 0.71787494 0.58228904 -0.5251992 0.8409061 -0.130548 -0.70569664 0.5578177 0.4368429 -0.6194291 0.7574407 -0.20637636 -0.8300084 0.44580367 0.3351793 -0.19547036 -0.6903209 -0.6965978 0.5553647 0.64910775 0.5198357 0.38275677 0.717536 0.58192724 0.70661426 0.55711216 0.43625957 0.8307269 0.44502002 0.33443987 0.9229058 0.3171427 0.21832414 0.97960705 0.17842583 0.092381686 0.9986693 0.034192175 -0.03860798 0.29304036 0.9557383 -0.026299652 0.42197978 0.9036088 -0.0736493 0.53471357 0.83384717 -0.13704094 0.62690455 0.7491535 -0.21391527 0.695033 0.6527381 -0.3014335 0.73640496 0.5483682 -0.39623228 0.74947315 0.44006976 -0.49459946 -0.005890051 0.9993934 -0.03432393 0.13403775 0.9900541 -0.04274069 0.26886886 0.9606843 -0.06924807 0.39350632 0.91237843 -0.112775855 0.50317985 0.8469596 -0.17166674 0.5936769 0.7668908 -0.24377486 0.6615175 0.6751978 -0.32634744 0.70406044 0.5753575 -0.41624835 0.7196215 0.4712408 -0.5099776 0.70753354 0.36674842 -0.60406286 0.4062292 0.02304773 -0.9134805 -0.60044885 0.7594944 -0.25025868 -0.66627675 0.6669414 -0.3335632 -0.7065845 0.56656325 -0.42396268 -0.71980286 0.46223098 -0.51790565 -0.7053648 0.35784963 -0.61188567 -0.6637466 0.2575047 -0.7022335 -0.59648794 0.16508447 -0.7854612 -0.50614554 0.08417726 -0.85833025 -0.34866977 0.90004104 0.26144892 -0.50645065 0.8373907 0.20563209 -0.35135448 0.8942098 0.27737868 -0.5103221 0.83106637 0.22113349 -0.36878115 0.8868875 0.27826434 -0.5112097 0.83006346 0.22284362 -0.2671531 0.91327673 0.3074977 0.3613939 0.91520363 0.17831655 0.1988245 0.9561887 0.21487695 0.5102702 0.8514066 0.121372275 0.63973176 0.76720816 0.046205223 0.7448556 0.66575265 -0.0443123 0.028687118 0.972829 0.22974108 0.17361712 0.9535056 0.2463416 -0.14246151 0.96451443 0.22229855 0.0002441431 0.9662268 0.25769305 0.17611994 0.94517595 0.27499858 0.00015258961 0.9580796 0.28650224 0.17788872 0.9385469 0.2957793 9.1553666E-05 0.95157826 0.3074067 0.17920284 0.93303275 0.31198752 9.155566E-05 0.9461667 0.32367977 0.17887034 0.9324086 0.31403783 -0.1731012 0.9535825 0.24640675 -0.1757866 0.94521916 0.2750633 -0.6332926 -0.16922595 -0.7551841 -0.64380354 -0.12955855 -0.754143 -0.7441137 -0.067688316 -0.66461504 -0.8466363 0.009613237 -0.53208506 -0.8980722 0.13806635 -0.41761714 -0.90476394 0.12634407 -0.40674245 -0.8382652 0.02578761 -0.54465264 -0.8891545 0.15295838 -0.43128648 -0.85291564 -0.003021277 -0.52204 -0.9054802 0.12451497 -0.40571126 -0.8480435 -0.019867435 -0.5295541 -0.88712853 0.0534981 -0.45841128 -0.6536655 -0.22729823 -0.72184277 -0.76814073 -0.12246916 -0.62845933 -0.7685421 -0.12445359 -0.62757814 -0.7625063 -0.108920746 -0.6377464 -0.7549939 -0.0915551 -0.6493088 -0.6488782 -0.21295609 -0.73048395 -0.64253396 -0.19458517 -0.7411388 -0.5101136 -0.2984691 -0.80666 -0.34812135 -0.34220082 -0.87276006 -0.5051411 -0.27924365 -0.8166122 -0.3515412 -0.3620395 -0.86333436 -0.17761742 -0.38102293 -0.9073442 -0.00015259012 -0.39414027 -0.9190503 0.27271178 0.90471494 0.32729062 -0.43680826 0.85414416 0.2821991 -0.27197897 0.90505034 0.32697293 -0.7485219 -0.02695301 -0.662562 -0.826126 0.047943994 -0.56144214 -0.8242484 0.08885207 -0.55921364 -0.8762312 0.17321984 -0.4496819 -0.86816084 0.21338066 -0.44806853 -0.89257276 0.30329224 -0.3336581 0.14941916 0.9004213 0.40855274 -0.5604947 0.77357185 0.2956895 -0.33088392 0.8627839 0.38225624 -0.8688294 0.49230516 0.052640803 -0.90578073 0.28497913 -0.31360522 -0.8876193 0.41675535 -0.19607888 -0.8965953 0.40458027 -0.18008812 -0.9149179 0.27143267 -0.29874682 -0.9033334 0.39490318 -0.16745238 -0.92177105 0.2607168 -0.28699294 -0.9042504 0.39331686 -0.16623193 -0.9239808 0.24353833 -0.2948706 -0.9209865 0.322153 -0.21909212 -0.1776456 0.9385828 0.2958115 -0.1790188 0.93305844 0.3120164 -0.17968829 0.9322856 0.3139357 0.7438398 -0.06799356 -0.66489035 -0.15011759 -0.510473 -0.8466888 -0.4017083 -0.45822027 -0.79288375 0.3324682 -0.4797196 -0.8119939 -0.8786259 0.34177604 -0.33347502 -0.8922088 0.44390243 -0.08315078 -0.94384104 0.3086626 -0.117861874 -0.8260633 -0.08781025 -0.55669457 -0.7747645 -0.2235455 -0.5914114 -0.2742396 -0.429112 -0.86061347 -0.89921963 -0.05481089 -0.43405053 -0.8553397 0.46910095 -0.21985978 -0.87460786 0.43313825 -0.21783562 -0.7646639 0.6422554 0.052888032 -0.8502598 0.523718 -0.05270445 -0.84389 0.532421 -0.06616352 -0.76565284 0.6409535 0.05435378 -0.8592013 0.50821483 -0.05908268 -0.81477135 0.5796907 0.010315107 0.89757323 0.4408117 0.006880398 0.77238584 0.61585784 0.1553683 0.9446113 0.08487219 -0.3170271 0.3997036 0.8415393 0.3633849 0.33576196 0.8970539 0.28732947 0.5105364 0.830396 0.22314794 0.4355544 0.861404 0.261296 0.3515371 0.8941476 0.2773478 0.5104841 0.83099014 0.221046 0.3488917 0.89997095 0.2613941 0.82366705 0.56647474 0.026057746 0.89388144 0.035381112 -0.44690508 0.43934712 -0.3779014 -0.814963 0.5629754 -0.38233617 -0.7327195 -0.33820492 -0.38788888 -0.8574145 -0.51389426 -0.3154656 -0.79774314 -0.4384296 -0.35755542 -0.8245809 -0.35410315 -0.37748015 -0.85563993 -0.5138643 -0.3134212 -0.7985679 0.87075174 -0.1065503 -0.48004007 0.2691099 -0.41013473 -0.87141806 -0.09170808 -0.43656707 -0.8949854 -0.092471786 -0.4687984 -0.87845147 -0.17929755 -0.40122977 -0.8982578 -9.1554386E-05 -0.41449723 -0.91005063 -0.18060902 -0.41694498 -0.8908071 -9.155336E-05 -0.43030077 -0.9026856 -0.18026963 -0.41895062 -0.8899344 0.017975006 -0.43564212 -0.8999405 0.8921088 0.44400966 -0.083650455 0.8439901 0.53224325 -0.066316776 0.89664906 0.40439388 -0.18023925 0.9033703 0.3947534 -0.16760616 0.8355394 0.54304874 -0.08349901 0.88768005 0.41651106 -0.19632295 0.8503392 0.52357674 -0.05282766 0.90407765 0.39393175 -0.16571501 0.8453935 0.5328533 -0.03711052 -0.8354066 0.5432859 -0.08328431 -0.82312024 0.55776 -0.1066629 -0.7992883 0.5905169 -0.11148105 0.6329453 -0.1694975 -0.7554144 0.49750298 -0.25287423 -0.8297864 0.5048336 -0.27936444 -0.816761 0.60300654 -0.16020389 -0.7814844 0.46605164 -0.2390564 -0.85184973 -0.71268964 0.7013674 -0.012542946 -0.7401635 0.6724126 -0.004394654 -0.6384405 0.76158136 0.11129983 -0.75123805 0.6597137 0.020477768 0.90579087 0.28470764 -0.31382236 0.8890854 0.15268233 -0.43152672 0.8980317 0.13788171 -0.4177651 0.91491324 0.27124816 -0.29892844 0.9047254 0.12619461 -0.40687463 0.92176735 0.26056316 -0.28714436 0.90562916 0.12512484 -0.40519086 0.9238407 0.27029786 -0.2710303 0.9216769 0.18567206 -0.34064293 -0.8939948 0.03634696 -0.44660068 -0.64496785 0.75300163 0.1304035 -0.64988095 0.7460127 0.14532675 -0.27146077 0.90023047 0.34043226 -0.59385616 0.77208316 0.22632392 -0.5851245 0.7871241 0.19510253 -0.6206503 0.75615144 0.20743275 -0.82308674 0.56731033 0.02621548 -0.9356608 0.27548876 -0.22055581 -0.89934796 0.027741265 -0.4363527 0.09186034 0.9268129 0.36411485 -0.6641529 0.73398024 0.1420351 -0.75892234 0.650034 0.038635824 0.091037236 0.9393346 0.33070046 -0.017822646 0.94408137 0.32923064 0.44135642 0.8478609 0.2938307 0.43711415 0.8541777 0.2816232 0.055603992 0.930314 0.3625246 0.72422993 0.675187 0.1400485 0.69957715 0.69750184 0.15518692 0.714394 0.69110876 0.109589845 0.6388121 0.75279856 0.15878749 0.87471557 0.4327495 -0.21817534 0.8668532 0.4269469 -0.25745267 0.8925718 0.3029257 -0.33399343 0.82155675 0.5508886 -0.1468548 0.89754874 0.4346443 -0.074098885 0.88520634 0.4539559 -0.101655595 0.93461895 0.16250925 -0.31635135 0.76518947 0.64146763 0.054811165 0.6500193 0.7459093 0.14523883 0.50665784 0.8372885 0.20553792 0.93605566 0.19211236 -0.29477572 0.8292443 -0.09976445 -0.54990995 0.8257978 -0.08764889 -0.55711365 0.59703004 -0.31214145 -0.7390013 0.81766737 -0.07293789 -0.57105184 0.62392 -0.29126847 -0.7251803 0.8616601 0.004913483 -0.5074621 0.85283595 -0.0031739108 -0.52216935 0.84654313 0.00943011 -0.53223664 0.5885502 -0.28232712 -0.757562 0.7689967 -0.12396479 -0.6271178 0.667777 -0.22272459 -0.7102589 0.768035 -0.12259384 -0.6285643 0.6535213 -0.22739269 -0.72194356 0.7623831 -0.109073184 -0.63786757 0.6487254 -0.2131086 -0.7305752 0.75481063 -0.09176871 -0.6494917 0.27326295 -0.44184732 -0.8544579 0.2737804 -0.4288443 -0.8608931 0.51456773 -0.31513116 -0.7974411 0.37143564 -0.37756976 -0.84821975 0.5136897 -0.31351796 -0.7986422 0.35391635 -0.37753722 -0.855692 0.5099039 -0.29856297 -0.80675787 0.35132375 -0.36212716 -0.8633861 -0.055940323 -0.4676037 -0.8821663 -0.8265451 0.5615282 0.03884921 0.8788986 0.29871383 -0.3718969 0.87612605 0.17285697 -0.4500263 -0.9339778 0.30023766 -0.1937598 0.76477945 0.6421279 0.052765507 0.6451591 0.7528586 0.13028309 0.75905293 0.6498887 0.038514186 0.8571456 0.1710886 -0.48582923 0.82594067 0.04757765 -0.5617459 0.64228046 -0.19476546 -0.74131113 0.6386849 0.7613986 0.11114729 0.7514548 0.6594723 0.020294743 0.5015932 0.84495074 0.18564075 0.34541065 0.9069853 0.24097566 0.6293279 0.7724915 0.084872745 0.7404386 0.67210776 -0.0046693226 0.49424717 0.8547928 0.15826896 0.34040278 0.9158892 0.21277463 0.8233163 0.5574124 -0.10696581 0.83812755 0.025543923 -0.544876 -0.7177849 -0.18530568 -0.67115325 -0.6424177 -0.24173827 -0.72722906 -0.7274124 -0.21430208 -0.6518787 -0.702804 -0.23206052 -0.6724689 -0.43991643 -0.37726304 -0.81495166 -0.44404128 -0.38883367 -0.80723953 0.34781438 -0.3422906 -0.8728472 0.34272566 -0.3149005 -0.88508576 0.31094858 -0.29639947 -0.9030273 0.18106607 -0.41883546 -0.88982695 0.18042466 -0.41697264 -0.89083153 0.17908147 -0.40128532 -0.8982761 0.17725083 -0.38105267 -0.9074034 0.17462707 -0.35307187 -0.9191548 0.14377175 -0.32994774 -0.9329867</float_array>
                    <technique_common>
                        <accessor count="466" offset="0" source="Joint_0_Object_0-geometry-NORMAL-array" stride="3">
                            <param name="X" type="float" />
                            <param name="Y" type="float" />
                            <param name="Z" type="float" />
                        </accessor>
                    </technique_common>
                </source>
                <source id="Joint_0_Object_0-geometry-TEXCOORD">
                    <float_array id="Joint_0_Object_0-geometry-TEXCOORD-array" count="1014">0.8184967 0.97210693 0.9156647 0.97210693 0.9156647 0.87493896 0.94921875 0.530365 0.95954895 0.530365 0.95954895 0.50019836 0.94921875 0.50019836 0.94921875 0.80181885 0.9352112 0.80181885 0.9352112 0.8319702 0.9358368 0.40971375 0.94921875 0.40971375 0.94921875 0.37954712 0.9358368 0.37954712 0.94921875 0.8319702 0.9358978 0.43988037 0.94921875 0.43988037 0.9358978 0.40971375 0.9349518 0.04777527 0.94921875 0.04777527 0.94921875 0.017608643 0.9349518 0.017608643 0.94921875 0.7716522 0.93530273 0.7716522 0.93530273 0.80181885 0.9359436 0.47003174 0.94921875 0.47003174 0.93496704 0.077941895 0.94921875 0.077941895 0.93496704 0.04777527 0.9350586 0.89230347 0.94921875 0.89230347 0.94921875 0.86213684 0.9350586 0.86213684 0.93595886 0.47003174 0.93595886 0.50019836 0.93499756 0.10809326 0.94921875 0.10809326 0.93499756 0.077941895 0.93499756 0.92245483 0.94921875 0.92245483 0.9359436 0.43988037 0.93499756 0.89230347 0.93577576 0.37954712 0.94921875 0.34939575 0.93577576 0.651001 0.94921875 0.651001 0.94921875 0.6208496 0.93577576 0.6208496 0.9353943 0.25891113 0.94921875 0.25891113 0.94921875 0.2287445 0.9353943 0.2287445 0.9356842 0.6811676 0.94921875 0.6811676 0.9356842 0.651001 0.9355011 0.2890625 0.94921875 0.2890625 0.9355011 0.25891113 0.93577576 0.34939575 0.93559265 0.7113342 0.94921875 0.7113342 0.93559265 0.31922913 0.94921875 0.31922913 0.93559265 0.2890625 0.9355011 0.7414856 0.94921875 0.7414856 0.9355011 0.7113342 0.9356842 0.34939575 0.9356842 0.31922913 0.9353943 0.7716522 0.9353943 0.7414856 0.93559265 0.6811676 0.9350586 0.13825989 0.94921875 0.13825989 0.9350586 0.10809326 0.93496704 0.95262146 0.94921875 0.95262146 0.98405457 0.017608643 0.9728241 0.017608643 0.9728241 0.04777527 0.36886597 0.15014648 0.3522644 0.12109375 0.31082153 0.14642334 0.95954895 0.077941895 0.9728241 0.077941895 0.95954895 0.47003174 0.9728241 0.47003174 0.9728241 0.43988037 0.9728241 0.8319702 0.95954895 0.8319702 0.95954895 0.86213684 0.9728241 0.86213684 0.93496704 0.92245483 0.9351196 0.16842651 0.94921875 0.16842651 0.9351196 0.13825989 0.9349518 0.9827881 0.94921875 0.9827881 0.9349518 0.95262146 0.94921875 0.56051636 0.9358978 0.56051636 0.9358978 0.590683 0.9352112 0.19857788 0.94921875 0.19857788 0.9352112 0.16842651 0.9358368 0.6208496 0.94921875 0.590683 0.9358368 0.590683 0.93530273 0.2287445 0.93530273 0.19857788 0.95954895 0.10809326 0.95954895 0.92245483 0.9728241 0.92245483 0.9728241 0.89230347 0.95954895 0.95262146 0.9728241 0.2287445 0.95954895 0.2287445 0.95954895 0.25891113 0.95954895 0.2890625 0.9728241 0.2890625 0.9728241 0.25891113 0.9728241 0.7716522 0.95954895 0.7716522 0.95954895 0.80181885 0.9728241 0.80181885 0.9728241 0.50019836 0.9728241 0.530365 0.34931946 0.2036438 0.31394958 0.2291565 0.3404541 0.26286316 0.32951355 0.17424011 0.2920227 0.20121765 0.27131653 0.17477417 0.23394775 0.20603943 0.38645935 0.18086243 0.37329102 0.23913574 0.95954895 0.89230347 0.95954895 0.9827881 0.7627716 0.112213135 0.812973 0.087020874 0.7681885 0.0778656 0.8048096 0.12071228 0.856781 0.09979248 0.8458252 0.13250732 0.8991394 0.11616516 0.885437 0.14755249 0.054367065 0.72618103 0.021316528 0.72784424 0.025970459 0.7759857 0.05343628 0.6803589 0.020324707 0.6795044 0.9359436 0.56051636 0.9359436 0.530365 0.9728241 0.95262146 0.98405457 0.95262146 0.98405457 0.92245483 0.9728241 0.9827881 0.98405457 0.9827881 0.95954895 0.31922913 0.9728241 0.31922913 0.82081604 0.0549469 0.7733612 0.045211792 0.8673248 0.06855774 0.91249084 0.086120605 0.9351196 0.86213684 0.9351196 0.8319702 0.9728241 0.10809326 0.95954895 0.13825989 0.9728241 0.13825989 0.95954895 0.16842651 0.9728241 0.16842651 0.95954895 0.19857788 0.9728241 0.19857788 0.9728241 0.40971375 0.95954895 0.40971375 0.95954895 0.43988037 0.9728241 0.37954712 0.95954895 0.37954712 0.9728241 0.34939575 0.95954895 0.34939575 0.95954895 0.04777527 0.95954895 0.017608643 0.93595886 0.530365 0.95954895 0.590683 0.95954895 0.56051636 0.95954895 0.6208496 0.95954895 0.651001 0.95954895 0.6811676 0.95954895 0.7113342 0.95954895 0.7414856 0.9728241 0.56051636 0.9728241 0.590683 0.9728241 0.6208496 0.9728241 0.651001 0.9728241 0.6811676 0.9728241 0.7113342 0.9728241 0.7414856 0.98405457 0.50019836 0.98405457 0.47003174 0.98405457 0.530365 0.98405457 0.56051636 0.98405457 0.590683 0.98405457 0.6208496 0.98405457 0.651001 0.98405457 0.6811676 0.98405457 0.7113342 0.98405457 0.7414856 0.98405457 0.7716522 0.98405457 0.80181885 0.98405457 0.8319702 0.98405457 0.86213684 0.98405457 0.89230347 0.98405457 0.43988037 0.98405457 0.40971375 0.98405457 0.37954712 0.98405457 0.34939575 0.98405457 0.31922913 0.98405457 0.2890625 0.98405457 0.25891113 0.98405457 0.2287445 0.98405457 0.19857788 0.98405457 0.16842651 0.98405457 0.13825989 0.98405457 0.10809326 0.98405457 0.077941895 0.98405457 0.04777527 0.36715698 0.29673767 0.39743042 0.2748108 0.39668274 0.33415222 0.42416382 0.31417847 0.42796326 0.3736725 0.45248413 0.35577393 0.4551239 0.42892456 0.1375885 0.31581116 0.1651001 0.335083 0.19290161 0.29811096 0.11138916 0.356781 0.14015198 0.3739624 0.08831787 0.39949036 0.11819458 0.41452026 0.06846619 0.44374084 0.0993042 0.45654297 0.2234497 0.26330566 0.22044373 0.32061768 0.16682434 0.2768402 0.25657654 0.23094177 0.24928284 0.28779602 0.19897461 0.2401123 0.2536621 0.34780884 0.28045654 0.3173523 0.2870636 0.3751831 0.3117981 0.34706116 0.32395935 0.40542603 0.3464203 0.37989807 0.36296082 0.43745422 0.28051758 0.25724792 0.30944824 0.2889862 0.7200775 0.10702515 0.72273254 0.072250366 0.6769867 0.1051178 0.725296 0.039260864 0.640625 0.19073486 0.6039276 0.19483948 0.61138916 0.24107361 0.637146 0.14854431 0.5973053 0.15289307 0.6446228 0.23719788 0.61950684 0.28982544 0.64912415 0.2861786 0.6423187 0.3457489 0.7110443 0.23677063 0.6779022 0.23576355 0.678772 0.28468323 0.6773834 0.18934631 0.677124 0.14718628 0.7140198 0.19070435 0.7169647 0.14883423 0.7502594 0.19477844 0.7951813 0.16113281 0.7564087 0.15348816 0.78585815 0.20153809 0.83299255 0.17172241 0.8694763 0.18518066 0.5430298 0.59461975 0.58244324 0.5554657 0.53315735 0.5198364 0.6769409 0.07017517 0.6338043 0.10649109 0.67692566 0.03704834 0.63108826 0.07157898 0.5907898 0.111083984 0.6285248 0.038513184 0.58543396 0.076431274 0.548172 0.118896484 0.5803833 0.04360962 0.5816498 0.6243744 0.61190796 0.594162 0.63912964 0.6296387 0.666214 0.61416626 0.5578003 0.16018677 0.5188751 0.17041016 0.53167725 0.21115112 0.56755066 0.20166016 0.54592896 0.25610352 0.5784302 0.24737549 0.56114197 0.3035431 0.59013367 0.29562378 0.59194946 0.35610962 0.33854675 0.32087708 0.37071228 0.35609436 0.4047699 0.39331055 0.0892334 0.72447205 0.55921936 0.78518677 0.6003723 0.77064514 0.59324646 0.7400818 0.5402374 0.08465576 0.5327606 0.052261353 0.48590088 0.06442261 0.6306915 0.52853394 0.64894104 0.5731201 0.68359375 0.5154114 0.68981934 0.5623627 0.7365875 0.5162506 0.73147583 0.5618744 0.69641113 0.6060791 0.727829 0.6054077 0.49575806 0.096221924 0.5062103 0.12983704 0.44003296 0.08000183 0.48301697 0.2806244 0.51405334 0.26719666 0.49653625 0.22328186 0.50502014 0.32565308 0.5327301 0.31356812 0.5432129 0.3736267 0.60150146 0.67871094 0.56036377 0.6614227 0.54953 0.7025757 0.6171112 0.6517334 0.34457397 0.46166992 0.32803345 0.4871521 0.3861847 0.50720215 0.30342102 0.43252563 0.2849579 0.4610443 0.26449585 0.4050293 0.5155487 0.64286804 0.50198364 0.6962738 0.50260925 0.75057983 0.54940796 0.74476624 0.7662811 0.2928772 0.7375183 0.28805542 0.74331665 0.34657288 0.77604675 0.24598694 0.7438202 0.2401886 0.59347534 0.7088318 0.3397827 0.80319214 0.35595703 0.84980774 0.4076233 0.82839966 0.82058716 0.21092224 0.85414124 0.22280884 0.8074951 0.2540741 0.83795166 0.26435852 0.7943573 0.29966736 0.82170105 0.3084259 0.7915802 0.3572693 0.45552063 0.6375122 0.19796753 0.53816223 0.1876831 0.5739136 0.23335266 0.5858002 0.15737915 0.52449036 0.14631653 0.5632477 0.24276733 0.55337524 0.2815857 0.59854126 0.2901001 0.5695801 0.4807434 0.18348694 0.4651184 0.14385986 0.45220947 0.11105347 0.39541626 0.09892273 0.093307495 0.7673645 0.100616455 0.8097229 0.14149475 0.8013153 0.058746338 0.7717743 0.06661987 0.8168335 0.034301758 0.82362366 0.04637146 0.87046814 0.40983582 0.12905884 0.42512512 0.16090393 0.40774536 0.21792603 0.44363403 0.19935608 0.13813782 0.6026459 0.13287354 0.6424713 0.17512512 0.64694214 0.18005371 0.61024475 0.2217102 0.6520386 0.22631836 0.61875916 0.27090454 0.65766907 0.27516174 0.62794495 0.33103943 0.65200806 0.66007996 0.46105957 0.42921448 0.255188 0.45300293 0.29631042 0.4941864 0.47453308 0.5294647 0.4485016 0.49725342 0.39805603 0.5617676 0.49855042 0.59291077 0.48147583 0.62594604 0.46894836 0.65086365 0.4036255 0.46290588 0.50535583 0.47824097 0.3397522 0.4623108 0.23799133 0.41783142 0.46557617 0.3830719 0.41461182 0.4362793 0.54029846 0.48608398 0.573349 0.5077667 0.5449524 0.41488647 0.57858276 0.46855164 0.6044159 0.36087036 0.5528717 0.313385 0.51371765 0.105148315 0.5527191 0.07104492 0.54403687 0.09640503 0.5951843 0.08355713 0.49978638 0.03878784 0.53585815 0.051940918 0.48927307 0.3991394 0.619339 0.3423767 0.6015167 0.3892517 0.6616821 0.3007202 0.54125977 0.26863098 0.4908142 0.24420166 0.43644714 0.44714355 0.671875 0.3853302 0.7046509 0.44351196 0.70684814 0.3872528 0.7473297 0.32691956 0.70321655 0.44451904 0.7416382 0.26875305 0.6874695 0.2195282 0.6854553 0.17288208 0.6838074 0.32992554 0.75398254 0.2687683 0.7172394 0.27087402 0.7467499 0.2197876 0.71881104 0.22244263 0.7518921 0.17337036 0.72062683 0.17655945 0.7571411 0.13124084 0.72247314 0.3948059 0.7888489 0.45004272 0.7756653 0.27505493 0.7758789 0.28123474 0.80441284 0.22747803 0.7845001 0.2348175 0.8164215 0.18241882 0.7931366 0.19090271 0.82836914 0.45977783 0.8082733 0.5164032 0.8016205 0.5679321 0.4277954 0.061813354 0.58903503 0.09080505 0.63812256 0.02909851 0.58325195 0.6087036 0.4127655 0.25454712 0.5216522 0.22628784 0.46923828 0.2108612 0.50320435 0.05593872 0.63456726 0.088409424 0.68130493 0.02293396 0.6312103 0.1348877 0.7621765 0.1879425 0.44976807 0.1712799 0.48658752 0.20729065 0.41423035 0.22923279 0.38017273 0.14979553 0.4304657 0.13189697 0.4701233 0.170578 0.3921814 0.19416809 0.355484 0.117004395 0.5109558 0.13056946 0.6824951 0.693161 0.3426056 0.708313 0.2853241 0.6934662 0.40042114 0.6946869 0.45793152 0.7289734 0.45939636 0.76252747 0.46551514 0.7355957 0.4030304 0.1510315 0.8396454 0.111190796 0.85124207 0.07798767 0.86105347 0.0622406 0.9161835 0.7764282 0.4112091 0.28935242 0.8322296 0.2992401 0.8591156 0.24438477 0.8474426 0.256073 0.8773346 0.20195007 0.8625641 0.21543884 0.89546204 0.16345215 0.8768463 0.1786499 0.9125824 0.12496948 0.89157104 0.141922 0.93032837 0.09286499 0.90411377 0.11129761 0.94555664 0.08198547 0.96035767</float_array>
                    <technique_common>
                        <accessor count="507" offset="0" source="Joint_0_Object_0-geometry-TEXCOORD-array" stride="2">
                            <param name="S" type="float" />
                            <param name="T" type="float" />
                        </accessor>
                    </technique_common>
                </source>
                <vertices id="Joint_0_Object_0-vertices">
                    <input semantic="POSITION" source="#Joint_0_Object_0-geometry-POSITION" />
                </vertices>
                <triangles count="888" material="Joint_0_Object_0_Material_0">
                    <input semantic="VERTEX" source="#Joint_0_Object_0-vertices" offset="0" set="0" />
                    <input semantic="NORMAL" source="#Joint_0_Object_0-geometry-NORMAL" offset="1" set="0" />
                    <input semantic="TEXCOORD" source="#Joint_0_Object_0-geometry-TEXCOORD" offset="2" set="0" />
                    <p>0 0 0 2 2 2 1 1 1 3 3 0 5 5 2 4 4 1 6 6 0 8 7 2 7 5 1 9 8 0 11 4 2 10 9 1 12 10 0 14 9 2 13 2 1 12 10 0 2 2 2 15 0 1 3 3 0 11 4 2 16 8 1 17 11 0 19 1 2 18 12 1 6 6 0 5 5 2 20 3 1 21 13 0 23 12 2 22 14 1 24 15 0 26 17 2 25 16 1 24 15 0 28 16 2 27 18 1 29 18 0 28 16 2 30 19 1 6 6 0 32 3 2 31 20 1 33 20 0 32 3 2 34 21 1 35 16 0 8 7 2 36 6 1 9 8 0 38 10 2 37 22 1 9 8 0 14 9 2 39 10 1 17 11 0 23 12 2 40 13 1 35 16 0 26 17 2 41 7 1 42 23 0 43 24 2 41 7 1 44 25 0 46 26 2 45 15 1 47 17 0 48 23 2 41 7 1 49 22 0 38 10 2 50 27 1 51 14 0 53 28 2 52 26 1 54 28 0 56 29 2 55 23 1 54 28 0 48 23 2 52 26 1 57 26 0 48 23 2 58 17 1 42 23 0 56 29 2 59 24 1 60 7 0 43 24 2 7 5 1 24 15 0 46 26 2 58 17 1 61 24 0 56 29 2 62 30 1 63 4 0 64 30 2 10 9 1 65 30 0 56 29 2 66 31 1 65 30 0 67 31 2 13 2 1 68 2 0 67 31 2 1 1 1 69 31 0 56 29 2 70 28 1 69 31 0 53 28 2 18 12 1 71 12 0 53 28 2 22 14 1 44 25 0 72 14 2 52 26 1 61 24 0 64 30 2 4 4 1 0 0 0 19 1 2 73 11 1 74 32 0 76 11 2 75 33 1 77 5 0 43 24 2 4 4 1 0 0 0 76 11 2 78 32 1 79 34 3 81 36 5 80 35 4 21 13 0 72 14 2 82 25 1 21 13 0 84 25 2 83 37 1 85 37 0 84 25 2 86 38 1 87 39 0 88 38 2 27 18 1 87 39 0 90 18 2 89 40 1 91 40 0 90 18 2 30 19 1 91 40 0 92 19 2 31 20 1 91 40 0 94 20 2 93 41 1 81 36 5 79 34 3 95 42 6 96 41 0 94 20 2 34 21 1 96 41 0 98 22 2 97 43 1 99 43 0 98 22 2 50 27 1 85 37 0 88 38 2 100 39 1 85 37 0 102 39 2 101 44 1 103 44 0 102 39 2 104 45 1 99 43 0 105 27 2 78 32 1 99 43 0 106 32 2 101 44 1 103 44 0 106 32 2 75 33 1 96 41 0 107 21 2 37 22 1 108 9 0 64 30 2 13 2 1 109 46 7 111 48 9 110 47 8 112 38 0 84 25 2 45 15 1 113 49 10 115 51 12 114 50 11 115 51 12 113 49 10 116 52 13 111 48 9 109 46 7 117 53 14 118 54 15 114 50 11 119 55 16 114 50 11 118 54 15 120 49 17 121 56 18 123 58 20 122 57 19 123 58 20 121 56 18 124 59 21 125 60 22 127 47 24 126 61 23 128 62 25 119 55 16 129 63 26 130 64 27 122 57 19 131 65 28 122 57 19 130 64 27 132 56 29 133 66 30 135 68 32 134 67 31 135 68 32 133 66 30 136 69 33 129 63 26 138 70 35 137 62 34 139 71 36 131 65 28 140 72 37 131 65 28 139 71 36 141 64 38 142 73 39 134 67 31 143 74 40 119 55 16 128 62 25 144 54 41 134 67 31 142 73 39 145 66 42 127 47 24 125 60 22 109 46 7 146 52 43 147 75 44 115 51 12 148 76 45 150 78 47 149 77 46 150 78 47 148 76 45 151 79 48 152 80 49 154 82 51 153 81 50 154 82 51 152 80 49 155 83 52 156 84 53 149 77 46 157 85 54 149 77 46 156 84 53 158 76 55 159 86 56 153 81 50 160 87 57 153 81 50 159 86 56 161 80 58 147 75 44 146 52 43 162 88 59 163 89 60 157 85 54 164 90 61 165 91 62 160 87 57 166 92 63 160 87 57 165 91 62 167 86 64 168 93 65 164 90 61 169 94 66 164 90 61 168 93 65 170 89 67 171 88 68 166 92 63 147 75 44 166 92 63 171 88 68 172 91 69 173 61 70 169 94 66 125 60 22 169 94 66 173 61 70 174 93 71 157 85 54 163 89 60 175 84 72 176 95 73 140 72 37 177 96 74 140 72 37 176 95 73 178 71 75 179 97 76 143 74 40 180 98 77 181 99 78 183 101 80 182 100 79 184 102 81 186 104 83 185 103 82 187 45 0 188 43 2 101 44 1 189 33 0 190 37 2 101 44 1 187 45 0 191 41 2 97 43 1 187 45 0 192 40 2 93 41 1 193 105 84 183 101 80 194 106 85 187 45 0 102 39 2 89 40 1 195 27 0 196 0 2 78 32 1 197 21 0 198 8 2 37 22 1 199 19 0 200 6 2 31 20 1 112 38 0 201 15 2 27 18 1 189 33 0 76 11 2 40 13 1 195 27 0 38 10 2 15 0 1 197 21 0 32 3 2 16 8 1 199 19 0 28 16 2 36 6 1 189 33 0 202 13 2 83 37 1 203 107 86 205 109 88 204 108 87 206 110 89 208 112 91 207 111 90 208 112 91 206 110 89 209 113 92 143 74 40 179 97 76 210 73 93 211 114 94 177 96 74 212 115 95 177 96 74 211 114 94 213 95 96 214 59 97 180 98 77 215 58 98 180 98 77 214 59 97 216 97 99 217 116 100 219 118 102 218 117 101 220 119 103 212 115 95 221 120 104 212 115 95 220 119 103 222 114 105 223 79 106 224 121 107 150 78 47 224 121 107 223 79 106 225 118 108 226 83 109 221 120 104 154 82 51 221 120 104 226 83 109 227 119 110 194 106 85 228 122 111 193 105 84 229 123 112 231 125 114 230 124 113 230 124 113 232 126 115 229 123 112 233 127 116 235 129 118 234 128 117 236 130 119 238 132 121 237 131 120 239 133 122 241 135 124 240 134 123 207 111 90 242 136 125 206 110 89 243 1 0 67 31 2 18 12 1 81 36 5 204 108 87 244 137 126 80 35 4 81 36 5 244 137 126 80 35 4 244 137 126 245 138 127 246 139 128 248 141 130 247 140 129 249 142 131 246 139 128 247 140 129 249 142 131 247 140 129 250 143 132 251 144 133 249 142 131 250 143 132 251 144 133 250 143 132 252 145 134 253 146 135 254 147 136 246 139 128 184 102 81 253 146 135 246 139 128 184 102 81 246 139 128 249 142 131 186 104 83 184 102 81 249 142 131 186 104 83 249 142 131 251 144 133 255 148 137 143 74 40 134 67 31 208 112 91 255 148 137 134 67 31 208 112 91 134 67 31 135 68 32 143 74 40 255 148 137 229 123 112 180 98 77 143 74 40 229 123 112 180 98 77 229 123 112 232 126 115 215 58 98 180 98 77 232 126 115 215 58 98 232 126 115 256 149 138 231 125 114 229 123 112 255 148 137 209 113 92 231 125 114 255 148 137 209 113 92 255 148 137 208 112 91 257 150 139 259 152 141 258 151 140 260 153 142 257 150 139 258 151 140 260 153 142 258 151 140 261 154 143 262 155 144 260 153 142 261 154 143 262 155 144 261 154 143 263 156 145 264 157 146 262 155 144 263 156 145 265 158 147 267 160 149 266 159 148 268 161 150 265 158 147 266 159 148 268 161 150 266 159 148 269 162 151 270 117 152 271 163 153 79 34 3 217 116 100 270 117 152 79 34 3 217 116 100 79 34 3 80 35 4 272 164 154 274 166 156 273 165 155 275 100 157 272 164 154 273 165 155 275 100 157 273 165 155 276 99 158 166 92 63 160 87 57 236 130 119 277 167 159 166 92 63 236 130 119 277 167 159 236 130 119 237 131 120 278 168 160 277 167 159 237 131 120 232 126 115 230 124 113 272 164 154 256 149 138 232 126 115 272 164 154 256 149 138 272 164 154 275 100 157 279 169 161 261 154 143 258 151 140 280 170 162 279 169 161 258 151 140 280 170 162 258 151 140 259 152 141 261 154 143 279 169 161 281 171 163 263 156 145 261 154 143 281 171 163 263 156 145 281 171 163 282 99 164 207 111 90 208 112 91 135 68 32 117 53 14 207 111 90 135 68 32 117 53 14 135 68 32 283 69 165 284 48 166 117 53 14 283 69 165 228 122 111 194 106 85 285 172 167 286 173 168 228 122 111 285 172 167 286 173 168 285 172 167 287 174 169 288 175 170 286 173 168 287 174 169 288 175 170 287 174 169 289 176 171 290 177 172 288 175 170 289 176 171 290 177 172 289 176 171 291 178 173 234 128 117 290 177 172 291 178 173 234 128 117 291 178 173 233 127 116 235 129 118 160 87 57 153 81 50 234 128 117 235 129 118 153 81 50 234 128 117 153 81 50 154 82 51 207 111 90 117 53 14 241 135 124 242 136 125 207 111 90 241 135 124 242 136 125 241 135 124 239 133 122 241 135 124 117 53 14 109 46 7 240 134 123 241 135 124 109 46 7 240 134 123 109 46 7 125 60 22 292 179 174 294 181 176 293 180 175 295 182 177 292 179 174 293 180 175 295 182 177 293 180 175 296 183 178 297 184 179 295 182 177 296 183 178 297 184 179 296 183 178 298 185 180 278 168 160 297 184 179 298 185 180 278 168 160 298 185 180 277 167 159 203 107 86 129 63 26 294 181 176 205 109 88 203 107 86 294 181 176 205 109 88 294 181 176 292 179 174 294 181 176 129 63 26 119 55 16 293 180 175 294 181 176 119 55 16 293 180 175 119 55 16 114 50 11 296 183 178 293 180 175 114 50 11 296 183 178 114 50 11 115 51 12 298 185 180 296 183 178 115 51 12 298 185 180 115 51 12 147 75 44 277 167 159 298 185 180 147 75 44 277 167 159 147 75 44 166 92 63 236 130 119 160 87 57 235 129 118 238 132 121 236 130 119 235 129 118 238 132 121 235 129 118 233 127 116 131 65 28 299 186 181 193 105 84 140 72 37 131 65 28 193 105 84 140 72 37 193 105 84 228 122 111 177 96 74 140 72 37 228 122 111 177 96 74 228 122 111 286 173 168 212 115 95 177 96 74 286 173 168 212 115 95 286 173 168 288 175 170 221 120 104 212 115 95 288 175 170 221 120 104 288 175 170 290 177 172 154 82 51 221 120 104 290 177 172 154 82 51 290 177 172 234 128 117 183 101 80 193 105 84 299 186 181 182 100 79 183 101 80 299 186 181 182 100 79 299 186 181 300 149 182 95 42 6 129 63 26 203 107 86 81 36 5 95 42 6 203 107 86 81 36 5 203 107 86 204 108 87 138 70 35 129 63 26 95 42 6 301 163 183 138 70 35 95 42 6 301 163 183 95 42 6 79 34 3 224 121 107 303 188 185 302 187 184 150 78 47 224 121 107 302 187 184 150 78 47 302 187 184 304 189 186 149 77 46 150 78 47 304 189 186 149 77 46 304 189 186 305 190 187 157 85 54 149 77 46 305 190 187 157 85 54 305 190 187 306 191 188 164 90 61 157 85 54 306 191 188 164 90 61 306 191 188 307 192 189 169 94 66 164 90 61 307 192 189 169 94 66 307 192 189 308 193 190 125 60 22 169 94 66 308 193 190 125 60 22 308 193 190 240 134 123 80 35 4 245 138 127 303 188 185 217 116 100 80 35 4 303 188 185 217 116 100 303 188 185 224 121 107 219 118 102 217 116 100 224 121 107 303 188 185 245 138 127 309 194 191 302 187 184 303 188 185 309 194 191 302 187 184 309 194 191 310 195 192 304 189 186 302 187 184 310 195 192 304 189 186 310 195 192 311 196 193 305 190 187 304 189 186 311 196 193 305 190 187 311 196 193 312 197 194 306 191 188 305 190 187 312 197 194 306 191 188 312 197 194 313 198 195 307 192 189 306 191 188 313 198 195 307 192 189 313 198 195 314 199 196 308 193 190 307 192 189 314 199 196 308 193 190 314 199 196 315 200 197 240 134 123 308 193 190 315 200 197 240 134 123 315 200 197 239 133 122 244 137 126 317 145 199 316 201 198 245 138 127 244 137 126 316 201 198 245 138 127 316 201 198 318 202 200 309 194 191 245 138 127 318 202 200 309 194 191 318 202 200 319 203 201 310 195 192 309 194 191 319 203 201 310 195 192 319 203 201 320 204 202 311 196 193 310 195 192 320 204 202 311 196 193 320 204 202 321 205 203 312 197 194 311 196 193 321 205 203 312 197 194 321 205 203 322 206 204 313 198 195 312 197 194 322 206 204 313 198 195 322 206 204 323 207 205 314 199 196 313 198 195 323 207 205 314 199 196 323 207 205 324 208 206 315 200 197 314 199 196 324 208 206 315 200 197 324 208 206 325 209 207 239 133 122 315 200 197 325 209 207 239 133 122 325 209 207 326 210 208 242 136 125 239 133 122 326 210 208 242 136 125 326 210 208 327 162 209 206 110 89 242 136 125 327 162 209 206 110 89 327 162 209 328 159 210 209 113 92 206 110 89 328 159 210 209 113 92 328 159 210 329 160 211 231 125 114 209 113 92 329 160 211 231 125 114 329 160 211 330 211 212 230 124 113 231 125 114 330 211 212 230 124 113 330 211 212 274 166 156 272 164 154 230 124 113 274 166 156 317 145 199 244 137 126 204 108 87 331 144 213 317 145 199 204 108 87 331 144 213 204 108 87 205 109 88 332 104 214 331 144 213 205 109 88 332 104 214 205 109 88 292 179 174 333 103 215 332 104 214 292 179 174 333 103 215 292 179 174 295 182 177 334 212 216 333 103 215 295 182 177 334 212 216 295 182 177 297 184 179 335 213 217 334 212 216 297 184 179 335 213 217 297 184 179 278 168 160 336 214 218 335 213 217 278 168 160 336 214 218 278 168 160 237 131 120 337 215 219 336 214 218 237 131 120 337 215 219 237 131 120 238 132 121 338 216 220 337 215 219 238 132 121 338 216 220 238 132 121 233 127 116 339 217 221 338 216 220 233 127 116 339 217 221 233 127 116 291 178 173 340 218 222 339 217 221 291 178 173 340 218 222 291 178 173 289 176 171 341 219 223 340 218 222 289 176 171 341 219 223 289 176 171 287 174 169 342 170 224 341 219 223 287 174 169 342 170 224 287 174 169 285 172 167 343 169 225 342 170 224 285 172 167 343 169 225 285 172 167 194 106 85 344 171 226 343 169 225 194 106 85 344 171 226 194 106 85 183 101 80 181 99 78 344 171 226 183 101 80 299 186 181 131 65 28 122 57 19 300 149 182 299 186 181 122 57 19 300 149 182 122 57 19 123 58 20 248 141 130 246 139 128 254 147 136 345 220 227 248 141 130 254 147 136 345 220 227 254 147 136 346 221 228 347 222 229 345 220 227 346 221 228 347 222 229 346 221 228 348 223 230 349 224 231 347 222 229 348 223 230 349 224 231 348 223 230 350 225 232 351 226 233 349 224 231 350 225 232 352 203 234 354 228 236 353 227 235 355 204 237 352 203 234 353 227 235 355 204 237 353 227 235 356 229 238 357 205 239 355 204 237 356 229 238 357 205 239 356 229 238 358 230 240 359 206 241 357 205 239 358 230 240 359 206 241 358 230 240 360 231 242 361 232 243 362 233 244 354 228 236 363 202 245 361 232 243 354 228 236 363 202 245 354 228 236 352 203 234 364 234 246 365 235 247 361 232 243 366 201 248 364 234 246 361 232 243 366 201 248 361 232 243 363 202 245 362 233 244 361 232 243 365 235 247 367 236 249 362 233 244 365 235 247 367 236 249 365 235 247 368 237 250 369 238 251 367 236 249 368 237 250 369 238 251 368 237 250 370 239 252 371 240 253 369 238 251 370 239 252 371 240 253 370 239 252 372 241 254 373 242 255 371 240 253 372 241 254 365 235 247 364 234 246 374 243 256 368 237 250 365 235 247 374 243 256 368 237 250 374 243 256 375 244 257 370 239 252 368 237 250 375 244 257 250 143 132 374 243 256 364 234 246 252 145 134 250 143 132 364 234 246 252 145 134 364 234 246 366 201 248 376 245 258 378 247 260 377 246 259 259 152 141 376 245 258 377 246 259 259 152 141 377 246 259 379 219 261 280 170 162 259 152 141 379 219 261 380 248 262 382 250 264 381 249 263 383 251 265 380 248 262 381 249 263 383 251 265 381 249 263 384 252 266 382 250 264 380 248 262 385 253 267 386 254 268 382 250 264 385 253 267 386 254 268 385 253 267 387 255 269 388 256 270 386 254 268 387 255 269 389 257 271 391 259 273 390 258 272 392 260 274 385 253 267 380 248 262 393 261 275 392 260 274 380 248 262 393 261 275 380 248 262 383 251 265 385 253 267 392 260 274 390 258 272 387 255 269 385 253 267 390 258 272 387 255 269 390 258 272 391 259 273 388 256 270 387 255 269 391 259 273 394 262 276 390 258 272 392 260 274 395 263 277 394 262 276 392 260 274 395 263 277 392 260 274 393 261 275 396 264 278 398 266 280 397 265 279 399 267 281 396 264 278 397 265 279 399 267 281 397 265 279 400 268 282 398 266 280 257 150 139 260 153 142 397 265 279 398 266 280 260 153 142 397 265 279 260 153 142 262 155 144 400 268 282 397 265 279 262 155 144 400 268 282 262 155 144 264 157 146 401 269 283 400 268 282 264 157 146 376 245 258 259 152 141 257 150 139 395 263 277 376 245 258 257 150 139 395 263 277 257 150 139 398 266 280 394 262 276 395 263 277 398 266 280 394 262 276 398 266 280 396 264 278 389 257 271 394 262 276 396 264 278 402 270 284 404 272 286 403 271 285 378 247 260 406 274 288 405 273 287 377 246 259 378 247 260 405 273 287 377 246 259 405 273 287 407 218 289 379 219 261 377 246 259 407 218 289 406 274 288 409 276 291 408 275 290 405 273 287 406 274 288 408 275 290 405 273 287 408 275 290 410 217 292 407 218 289 405 273 287 410 217 292 409 276 291 412 278 294 411 277 293 408 275 290 409 276 291 411 277 293 408 275 290 411 277 293 413 216 295 410 217 292 408 275 290 413 216 295 414 279 296 403 271 285 415 280 297 416 281 298 414 279 296 415 280 297 416 281 298 415 280 297 417 282 299 418 283 300 412 278 294 409 276 291 384 252 266 418 283 300 409 276 291 384 252 266 409 276 291 406 274 288 383 251 265 384 252 266 406 274 288 383 251 265 406 274 288 378 247 260 393 261 275 383 251 265 378 247 260 393 261 275 378 247 260 376 245 258 395 263 277 393 261 275 376 245 258 419 284 301 412 278 294 418 283 300 420 285 302 419 284 301 418 283 300 420 285 302 418 283 300 421 286 303 422 287 304 420 285 302 421 286 303 422 287 304 421 286 303 423 288 305 424 289 306 422 287 304 423 288 305 424 289 306 423 288 305 425 290 307 426 291 308 424 289 306 425 290 307 375 244 257 247 140 129 248 141 130 427 292 309 375 244 257 248 141 130 427 292 309 248 141 130 345 220 227 428 293 310 427 292 309 345 220 227 428 293 310 345 220 227 347 222 229 429 294 311 428 293 310 347 222 229 429 294 311 347 222 229 349 224 231 351 226 233 429 294 311 349 224 231 268 161 150 430 295 312 265 158 147 431 296 313 433 298 315 432 297 314 434 299 316 436 214 318 435 215 317 415 280 297 403 271 285 437 300 319 438 301 320 415 280 297 437 300 319 438 301 320 437 300 319 439 302 321 440 303 322 438 301 320 439 302 321 440 303 322 439 302 321 441 304 323 442 296 324 440 303 322 441 304 323 417 282 299 415 280 297 438 301 320 443 305 325 417 282 299 438 301 320 443 305 325 438 301 320 440 303 322 444 297 326 443 305 325 440 303 322 444 297 326 440 303 322 442 296 324 434 299 316 446 307 328 445 306 327 436 214 318 434 299 316 445 306 327 436 214 318 445 306 327 447 213 329 448 308 330 450 310 332 449 309 331 451 311 333 448 308 330 449 309 331 451 311 333 449 309 331 452 312 334 453 313 335 451 311 333 452 312 334 454 314 336 456 316 338 455 315 337 457 317 339 454 314 336 455 315 337 457 317 339 455 315 337 414 279 296 416 281 298 457 317 339 414 279 296 458 318 340 460 320 342 459 319 341 461 321 343 458 318 340 459 319 341 461 321 343 459 319 341 462 322 344 463 323 345 461 321 343 462 322 344 456 316 338 465 325 347 464 324 346 455 315 337 456 316 338 464 324 346 455 315 337 464 324 346 402 270 284 414 279 296 455 315 337 402 270 284 414 279 296 402 270 284 403 271 285 465 325 347 467 327 349 466 326 348 468 328 350 470 330 352 469 329 351 471 331 353 468 328 350 469 329 351 471 331 353 469 329 351 472 332 354 399 267 281 471 331 353 472 332 354 467 327 349 465 325 347 456 316 338 473 333 355 467 327 349 456 316 338 473 333 355 456 316 338 454 314 336 474 334 356 476 336 358 475 335 357 477 337 359 401 269 283 478 338 360 479 339 361 477 337 359 478 338 360 479 339 361 478 338 360 480 340 362 481 341 363 479 339 361 480 340 362 481 341 363 480 340 362 482 342 364 483 335 365 481 341 363 482 342 364 465 325 347 484 343 366 464 324 346 485 344 367 487 346 369 486 345 368 488 347 370 485 344 367 486 345 368 488 347 370 486 345 368 489 348 371 487 346 369 485 344 367 490 349 372 491 350 373 487 346 369 490 349 372 491 350 373 490 349 372 492 351 374 419 284 301 493 352 375 446 307 328 412 278 294 419 284 301 446 307 328 412 278 294 446 307 328 434 299 316 411 277 293 412 278 294 434 299 316 411 277 293 434 299 316 435 215 317 413 216 295 411 277 293 435 215 317 446 307 328 493 352 375 494 353 376 445 306 327 446 307 328 494 353 376 445 306 327 494 353 376 495 354 377 447 213 329 445 306 327 495 354 377 447 213 329 495 354 377 496 212 378 497 355 379 499 357 381 498 356 380 500 358 382 497 355 379 498 356 380 500 358 382 498 356 380 501 359 383 502 211 384 500 358 382 501 359 383 502 211 384 501 359 383 503 166 385 184 102 81 185 103 82 504 360 386 253 146 135 184 102 81 504 360 386 253 146 135 504 360 386 505 361 387 506 362 388 253 146 135 505 361 387 494 353 376 507 363 389 505 361 387 495 354 377 494 353 376 505 361 387 495 354 377 505 361 387 504 360 386 496 212 378 495 354 377 504 360 386 496 212 378 504 360 386 185 103 82 508 364 390 510 366 392 509 365 391 489 348 371 511 367 393 508 364 390 510 366 392 508 364 390 511 367 393 512 368 394 510 366 392 511 367 393 512 368 394 511 367 393 513 369 395 514 370 396 512 368 394 513 369 395 514 370 396 513 369 395 515 371 397 516 372 398 514 370 396 515 371 397 437 300 319 517 373 399 439 302 321 254 147 136 253 146 135 506 362 388 346 221 228 254 147 136 506 362 388 346 221 228 506 362 388 518 374 400 348 223 230 346 221 228 518 374 400 348 223 230 518 374 400 519 375 401 350 225 232 348 223 230 519 375 401 520 376 402 522 378 404 521 377 403 404 272 286 520 376 402 521 377 403 404 272 286 521 377 403 523 379 405 403 271 285 404 272 286 523 379 405 403 271 285 523 379 405 524 380 406 437 300 319 403 271 285 524 380 406 437 300 319 524 380 406 525 381 407 517 373 399 437 300 319 525 381 407 517 373 399 525 381 407 526 382 408 520 376 402 527 383 409 351 226 233 522 378 404 520 376 402 351 226 233 522 378 404 351 226 233 350 225 232 528 384 410 522 378 404 350 225 232 528 384 410 350 225 232 519 375 401 448 308 330 528 384 410 519 375 401 448 308 330 519 375 401 529 385 411 450 310 332 448 308 330 529 385 411 351 226 233 527 383 409 530 386 412 429 294 311 351 226 233 530 386 412 429 294 311 530 386 412 531 387 413 428 293 310 429 294 311 531 387 413 428 293 310 531 387 413 372 241 254 427 292 309 428 293 310 372 241 254 427 292 309 372 241 254 370 239 252 375 244 257 427 292 309 370 239 252 530 386 412 373 242 255 531 387 413 532 388 414 530 386 412 527 383 409 533 389 415 532 388 414 527 383 409 533 389 415 527 383 409 534 390 416 535 391 417 460 320 342 532 388 414 536 392 418 535 391 417 532 388 414 536 392 418 532 388 414 533 389 415 530 386 412 532 388 414 460 320 342 373 242 255 530 386 412 460 320 342 373 242 255 460 320 342 458 318 340 371 240 253 373 242 255 458 318 340 371 240 253 458 318 340 461 321 343 369 238 251 371 240 253 461 321 343 369 238 251 461 321 343 463 323 345 367 236 249 369 238 251 463 323 345 460 320 342 535 391 417 537 393 419 459 319 341 460 320 342 537 393 419 459 319 341 537 393 419 538 394 420 462 322 344 459 319 341 538 394 420 539 395 421 541 397 423 540 396 422 542 398 424 539 395 421 540 396 422 542 398 424 540 396 422 543 208 425 544 207 426 542 398 424 543 208 425 545 399 427 537 393 419 535 391 417 484 343 366 545 399 427 535 391 417 484 343 366 535 391 417 536 392 418 464 324 346 484 343 366 536 392 418 464 324 346 536 392 418 533 389 415 402 270 284 464 324 346 533 389 415 402 270 284 533 389 415 534 390 416 404 272 286 402 270 284 534 390 416 404 272 286 534 390 416 520 376 402 545 399 427 547 401 429 546 400 428 537 393 419 545 399 427 546 400 428 537 393 419 546 400 428 548 402 430 538 394 420 537 393 419 548 402 430 538 394 420 548 402 430 549 403 431 462 322 344 538 394 420 549 403 431 462 322 344 549 403 431 550 404 432 463 323 345 462 322 344 550 404 432 546 400 428 547 401 429 516 372 398 491 350 373 546 400 428 516 372 398 491 350 373 516 372 398 515 371 397 487 346 369 491 350 373 515 371 397 487 346 369 515 371 397 513 369 395 486 345 368 487 346 369 513 369 395 486 345 368 513 369 395 511 367 393 489 348 371 486 345 368 511 367 393 545 399 427 551 405 433 547 401 429 552 406 434 516 372 398 547 401 429 553 407 435 552 406 434 547 401 429 553 407 435 547 401 429 551 405 433 554 408 436 555 409 437 552 406 434 556 410 438 554 408 436 552 406 434 556 410 438 552 406 434 553 407 435 516 372 398 552 406 434 555 409 437 514 370 396 516 372 398 555 409 437 514 370 396 555 409 437 557 411 439 512 368 394 514 370 396 557 411 439 512 368 394 557 411 439 558 412 440 510 366 392 512 368 394 558 412 440 510 366 392 558 412 440 559 413 441 509 365 391 510 366 392 559 413 441 555 409 437 554 408 436 560 414 442 561 415 443 555 409 437 560 414 442 561 415 443 560 414 442 562 416 444 563 417 445 561 415 443 562 416 444 563 417 445 562 416 444 564 418 446 565 419 447 563 417 445 564 418 446 565 419 447 564 418 446 566 420 448 567 421 449 565 419 447 566 420 448 568 422 450 560 414 442 554 408 436 569 423 451 568 422 450 554 408 436 569 423 451 554 408 436 556 410 438 466 326 348 569 423 451 556 410 438 466 326 348 556 410 438 553 407 435 465 325 347 466 326 348 553 407 435 465 325 347 553 407 435 551 405 433 484 343 366 465 325 347 551 405 433 484 343 366 551 405 433 545 399 427 560 414 442 568 422 450 474 334 356 570 424 452 560 414 442 474 334 356 570 424 452 474 334 356 571 425 453 572 426 454 570 424 452 571 425 453 572 426 454 571 425 453 573 427 455 574 428 456 572 426 454 573 427 455 574 428 456 573 427 455 575 429 457 499 357 381 574 428 456 575 429 457 476 336 358 474 334 356 568 422 450 576 430 458 476 336 358 568 422 450 576 430 458 568 422 450 569 423 451 577 304 459 576 430 458 569 423 451 577 304 459 569 423 451 466 326 348 431 296 313 577 304 459 466 326 348 431 296 313 466 326 348 467 327 349 433 298 315 431 296 313 467 327 349 433 298 315 467 327 349 473 333 355 507 363 389 494 353 376 493 352 375 529 385 411 507 363 389 493 352 375 529 385 411 493 352 375 450 310 332 521 377 403 453 313 335 578 431 460 523 379 405 521 377 403 578 431 460 523 379 405 578 431 460 524 380 406 453 313 335 521 377 403 522 378 404 451 311 333 453 313 335 522 378 404 451 311 333 522 378 404 528 384 410 448 308 330 451 311 333 528 384 410 541 397 423 580 433 462 579 432 461 540 396 422 541 397 423 579 432 461 540 396 422 579 432 461 581 209 463 543 208 425 540 396 422 581 209 463 578 431 460 426 291 308 582 434 464 524 380 406 578 431 460 582 434 464 524 380 406 582 434 464 525 381 407 583 435 465 585 437 467 584 436 466 549 403 431 583 435 465 584 436 466 549 403 431 584 436 466 550 404 432 506 362 388 505 361 387 507 363 389 518 374 400 506 362 388 507 363 389 518 374 400 507 363 389 529 385 411 519 375 401 518 374 400 529 385 411 580 433 462 587 439 469 586 438 468 579 432 461 580 433 462 586 438 468 579 432 461 586 438 468 588 210 470 581 209 463 579 432 461 588 210 470 426 291 308 578 431 460 453 313 335 424 289 306 426 291 308 453 313 335 424 289 306 453 313 335 452 312 334 422 287 304 424 289 306 452 312 334 422 287 304 452 312 334 449 309 331 420 285 302 422 287 304 449 309 331 420 285 302 449 309 331 450 310 332 419 284 301 420 285 302 450 310 332 583 435 465 549 403 431 548 402 430 492 351 374 583 435 465 548 402 430 492 351 374 548 402 430 546 400 428 491 350 373 492 351 374 546 400 428 430 295 312 589 440 471 497 355 379 265 158 147 430 295 312 497 355 379 265 158 147 497 355 379 500 358 382 267 160 149 265 158 147 500 358 382 267 160 149 500 358 382 502 211 384 585 437 467 591 442 473 590 441 472 584 436 466 585 437 467 590 441 472 584 436 466 590 441 472 592 443 474 550 404 432 584 436 466 592 443 474 550 404 432 592 443 474 593 444 475 463 323 345 550 404 432 593 444 475 463 323 345 593 444 475 367 236 249 591 442 473 595 446 477 594 445 476 590 441 472 591 442 473 594 445 476 590 441 472 594 445 476 596 447 478 592 443 474 590 441 472 596 447 478 592 443 474 596 447 478 597 448 479 593 444 475 592 443 474 597 448 479 593 444 475 597 448 479 362 233 244 367 236 249 593 444 475 362 233 244 595 446 477 360 231 242 358 230 240 594 445 476 595 446 477 358 230 240 594 445 476 358 230 240 356 229 238 596 447 478 594 445 476 356 229 238 596 447 478 356 229 238 353 227 235 597 448 479 596 447 478 353 227 235 597 448 479 353 227 235 354 228 236 362 233 244 597 448 479 354 228 236 567 421 449 566 420 448 589 440 471 598 449 480 539 395 421 542 398 424 360 231 242 598 449 480 542 398 424 360 231 242 542 398 424 544 207 426 359 206 241 360 231 242 544 207 426 567 421 449 589 440 471 430 295 312 587 439 469 567 421 449 430 295 312 587 439 469 430 295 312 268 161 150 586 438 468 587 439 469 268 161 150 586 438 468 268 161 150 269 162 151 588 210 470 586 438 468 269 162 151 599 450 481 587 439 469 580 433 462 509 365 391 599 450 481 580 433 462 509 365 391 580 433 462 541 397 423 508 364 390 509 365 391 541 397 423 508 364 390 541 397 423 539 395 421 489 348 371 508 364 390 539 395 421 489 348 371 539 395 421 598 449 480 488 347 370 489 348 371 598 449 480 567 421 449 587 439 469 599 450 481 565 419 447 567 421 449 599 450 481 565 419 447 599 450 481 559 413 441 563 417 445 565 419 447 559 413 441 563 417 445 559 413 441 558 412 440 561 415 443 563 417 445 558 412 440 561 415 443 558 412 440 557 411 439 555 409 437 561 415 443 557 411 439 598 449 480 360 231 242 595 446 477 488 347 370 598 449 480 595 446 477 488 347 370 595 446 477 591 442 473 485 344 367 488 347 370 591 442 473 485 344 367 591 442 473 585 437 467 490 349 372 485 344 367 585 437 467 490 349 372 585 437 467 583 435 465 492 351 374 490 349 372 583 435 465 499 357 381 497 355 379 589 440 471 574 428 456 499 357 381 589 440 471 574 428 456 589 440 471 566 420 448 572 426 454 574 428 456 566 420 448 572 426 454 566 420 448 564 418 446 570 424 452 572 426 454 564 418 446 570 424 452 564 418 446 562 416 444 560 414 442 570 424 452 562 416 444 526 382 408 582 434 464 388 256 270 600 451 482 526 382 408 388 256 270 600 451 482 388 256 270 391 259 273 601 452 483 600 451 482 391 259 273 601 452 483 391 259 273 389 257 271 472 332 354 601 452 483 389 257 271 472 332 354 389 257 271 396 264 278 399 267 281 472 332 354 396 264 278 388 256 270 582 434 464 426 291 308 386 254 268 388 256 270 426 291 308 386 254 268 426 291 308 425 290 307 382 250 264 386 254 268 425 290 307 382 250 264 425 290 307 423 288 305 381 249 263 382 250 264 423 288 305 381 249 263 423 288 305 421 286 303 384 252 266 381 249 263 421 286 303 526 382 408 600 451 482 602 453 484 517 373 399 526 382 408 602 453 484 517 373 399 602 453 484 603 454 485 439 302 321 517 373 399 603 454 485 439 302 321 603 454 485 604 455 486 441 304 323 439 302 321 604 455 486 441 304 323 604 455 486 605 430 487 602 453 484 470 330 352 606 456 488 603 454 485 602 453 484 606 456 488 603 454 485 606 456 488 604 455 486 470 330 352 602 453 484 600 451 482 469 329 351 470 330 352 600 451 482 469 329 351 600 451 482 601 452 483 472 332 354 469 329 351 601 452 483 499 357 381 575 429 457 607 457 489 498 356 380 499 357 381 607 457 489 498 356 380 607 457 489 608 458 490 501 359 383 498 356 380 608 458 490 501 359 383 608 458 490 609 459 491 503 166 385 501 359 383 609 459 491 503 166 385 609 459 491 610 165 492 606 456 488 483 335 365 611 336 493 604 455 486 606 456 488 611 336 493 604 455 486 611 336 493 605 430 487 474 334 356 475 335 357 612 460 494 571 425 453 474 334 356 612 460 494 571 425 453 612 460 494 573 427 455 483 335 365 606 456 488 470 330 352 481 341 363 483 335 365 470 330 352 481 341 363 470 330 352 468 328 350 479 339 361 481 341 363 468 328 350 479 339 361 468 328 350 471 331 353 477 337 359 479 339 361 471 331 353 477 337 359 471 331 353 399 267 281 400 268 282 477 337 359 399 267 281 612 460 494 475 335 357 613 342 495 614 461 496 612 460 494 613 342 495 614 461 496 613 342 495 615 340 497 616 462 498 614 461 496 615 340 497 616 462 498 615 340 497 617 338 499 618 463 500 616 462 498 617 338 499 618 463 500 617 338 499 619 269 501 620 464 502 618 463 500 619 269 501 620 464 502 619 269 501 621 157 503 622 465 504 620 464 502 621 157 503 622 465 504 621 157 503 623 156 505 624 99 506 622 465 504 623 156 505 573 427 455 612 460 494 614 461 496 575 429 457 573 427 455 614 461 496 575 429 457 614 461 496 616 462 498 607 457 489 575 429 457 616 462 498 607 457 489 616 462 498 618 463 500 608 458 490 607 457 489 618 463 500 608 458 490 618 463 500 620 464 502 609 459 491 608 458 490 620 464 502 609 459 491 620 464 502 622 465 504 610 165 492 609 459 491 622 465 504 610 165 492 622 465 504 624 99 506 373 242 255 372 241 254 531 387 413 384 252 266 421 286 303 418 283 300 390 258 272 394 262 276 389 257 271 520 376 402 534 390 416 527 383 409 247 140 129 375 244 257 374 243 256 526 382 408 525 381 407 582 434 464 374 243 256 250 143 132 247 140 129 401 269 283 477 337 359 400 268 282 509 365 391 559 413 441 599 450 481 419 284 301 450 310 332 493 352 375</p>
                </triangles>
            </mesh>
        </geometry>
        <geometry id="Joint_0_Object_1-geometry" name="Joint_0_Object_1">
            <mesh>
                <source id="Joint_0_Object_1-geometry-POSITION">
                    <float_array id="Joint_0_Object_1-geometry-POSITION-array" count="312">-0.078125 13.079129 -8.422742 0.671875 14.129501 -8.452546 -0.66796875 14.561584 -8.573669 -1.6005859 10.318848 -7.114746 -2.7202148 5.567486 -5.093054 -3.9887695 6.987117 -3.8355248 -4.220215 8.281353 -2.4183578 -3.713379 8.553607 -1.8612578 -2.9995117 9.542812 -0.9629681 0.3798828 4.8584633 -5.2130632 -1.1264648 4.9724407 -5.114711 -0.875 4.8940926 -5.7532353 -2.7695312 10.319893 -0.6207011 -2.6069336 10.31543 -1.5708008 -3.7441406 9.143936 -2.3527374 -0.3798828 10.579683 -0.02767539 1.1259766 10.469293 -0.12129283 1.4467773 10.894069 -0.2223165 -0.7055664 11.035805 -0.14408445 -0.078125 13.079129 -8.422742 -0.66796875 14.561584 -8.573669 -1.2612305 13.632512 -9.493227 1.4208984 4.8996725 -5.492613 0.5751953 12.633904 -9.503431 -0.078125 13.079129 -8.422742 -1.2612305 13.632512 -9.493227 0.5751953 12.633904 -9.503431 -1.2612305 13.632512 -9.493227 -0.5053711 13.341515 -10.43434 0.5751953 12.633904 -9.503431 -0.5053711 13.341515 -10.43434 0.57177734 14.128126 -10.472971 1.1381836 14.456373 -9.372828 0.5751953 12.633904 -9.503431 0.57177734 14.128126 -10.472971 -0.20458984 14.841827 -10.113268 1.1381836 14.456373 -9.372828 0.57177734 14.128126 -10.472971 -0.66796875 14.561584 -8.573669 1.1381836 14.456373 -9.372828 -0.20458984 14.841827 -10.113268 -1.2612305 13.632512 -9.493227 -0.66796875 14.561584 -8.573669 -0.20458984 14.841827 -10.113268 0.57177734 14.128126 -10.472971 -0.5053711 13.341515 -10.43434 -0.20458984 14.841827 -10.113268 -0.5053711 13.341515 -10.43434 -1.2612305 13.632512 -9.493227 -1.3222656 5.8903923 -5.6982727 0.2446289 8.9921875 -7.3496094 1.5522461 5.430833 -5.7168193 0.671875 14.129501 -8.452546 0.5751953 12.633904 -9.503431 1.1381836 14.456373 -9.372828 0.5751953 12.633904 -9.503431 -0.66796875 14.561584 -8.573669 0.671875 14.129501 -8.452546 -0.27539062 13.88605 -8.799959 -0.6044922 13.460294 -9.181651 -1.8662109 11.380859 -6.148926 4.2192383 7.8380175 -2.8684218 3.7441406 9.143581 -2.353073 3.7128906 9.475527 -1.4163222 3.803711 6.4423323 -4.282054 3.7998047 7.701868 -3.7329464 2.4951172 6.027458 -5.2568913 1.5522461 5.430833 -5.7168193 1.4208984 4.8996725 -5.492613 -0.875 4.8940926 -5.7532353 0.05908203 13.061355 -9.543471 -1.8291016 10.253801 -0.3169663 -3.7441406 9.143936 -2.3527374 -2.6069336 10.31543 -1.5708008 -0.0625 12.5625 -5.3129883 0.38964844 13.845627 -8.8302765 3.7998047 7.701868 -3.7329464 1.3671875 10.1015625 -7.311035 1.9077148 11.105957 -6.398926 2.4951172 6.027458 -5.2568913 0.2446289 8.9921875 -7.3496094 1.5522461 5.430833 -5.7168193 0.5546875 13.382539 -9.257978 0.05908203 13.061355 -9.543471 -0.7055664 11.035805 -0.14408445 1.4467773 10.894069 -0.2223165 2.6958008 10.333246 -1.2901201 1.3300781 12.099609 -5.4975586 3.7441406 9.143581 -2.353073 -2.7202148 5.567486 -5.093054 -1.3222656 5.8903923 -5.6982727 1.5522461 5.430833 -5.7168193 -3.9887695 6.987117 -3.8355248 -3.4213867 6.3664103 -3.8485174 -3.8613281 7.438562 -2.8744924 -2.4609375 5.5001884 -4.6352363 3.4223633 9.073904 -1.388828 2.461914 9.94048 -0.601774 3.8613281 8.001752 -2.362853 3.7128906 6.886371 -3.3757327 2.9990234 5.8985667 -4.2733707 1.8291016 5.1879315 -4.9190373 0.3798828 4.8584633 -5.2130632 2.6958008 10.333246 -1.2901201</float_array>
                    <technique_common>
                        <accessor count="104" offset="0" source="Joint_0_Object_1-geometry-POSITION-array" stride="3">
                            <param name="X" type="float" />
                            <param name="Y" type="float" />
                            <param name="Z" type="float" />
                        </accessor>
                    </technique_common>
                </source>
                <source id="Joint_0_Object_1-geometry-NORMAL">
                    <float_array id="Joint_0_Object_1-geometry-NORMAL-array" count="168">-0.20773661 -0.5223267 0.8270552 0.5897089 0.06381108 0.8050911 -0.34094635 0.6810832 0.6479824 -0.7258017 -0.12808266 -0.6758748 -0.6108179 -0.68743056 -0.39286217 -0.9634768 -0.17569198 -0.20210108 -0.89594686 -0.08361985 0.4362189 -0.5954206 -0.3602546 0.7181163 -0.5954122 -0.17915645 0.7831904 0.02697855 -0.99187124 0.12435292 -0.2583977 -0.9650162 0.044434726 -0.14975391 -0.7569933 -0.63603055 -0.7061559 0.43511546 0.55858606 -0.57909006 0.81225204 0.07000963 -0.82226336 0.549456 -0.14826019 -0.029602665 0.18685174 0.98194206 0.20462684 0.07727116 0.9757854 0.3797742 0.5535616 0.7411755 -0.24054162 0.6915577 0.681093 -0.9462105 -0.3208028 -0.04208779 0.3799539 -0.8911227 -0.24806337 0.48909524 -0.86914325 -0.073320605 -0.36866543 -0.3016705 -0.87925005 0.4986454 0.07885904 -0.86321145 0.7920623 0.6088551 0.04396349 -0.29477718 0.78713375 -0.54178125 -0.240301 -0.27177945 -0.93187517 0.26053575 -0.3834029 -0.8860718 0.32095832 -0.3435145 -0.8826005 -0.52370423 0.82544494 0.21065274 -0.9071876 0.1344625 -0.39866096 -0.896055 0.40934524 -0.1718194 0.95906925 -0.17836945 0.21993303 0.8600367 0.4718726 -0.19409573 0.82201445 0.21610452 0.5268692 0.8635181 -0.3866773 -0.3237548 0.8760845 0.1261956 -0.46534997 0.592881 -0.16029154 -0.789176 -0.036164485 -0.40932822 -0.9116702 -0.27869037 -0.001418014 0.96037996 0.087587796 0.9509837 0.29657775 0.6175674 0.76641256 0.17669849 0.6863962 -0.19721186 -0.699977 0.91658974 0.30713722 -0.25598836 0.8791084 0.026206316 -0.47590083 0.5880005 0.8006524 0.11494011 0.66298056 0.7387576 0.12121887 -0.6699464 -0.71382225 0.20403348 -0.6512306 -0.5840398 0.4845578 -0.4593319 -0.87849766 0.13136269 0.53188264 -0.33070529 0.77957356 0.48190877 0.020329507 0.87598556 0.630557 -0.44162166 0.638254 0.60432374 -0.6517878 0.4582198 0.5261938 -0.83482844 0.16180721 0.31223848 -0.91920644 0.23993051</float_array>
                    <technique_common>
                        <accessor count="56" offset="0" source="Joint_0_Object_1-geometry-NORMAL-array" stride="3">
                            <param name="X" type="float" />
                            <param name="Y" type="float" />
                            <param name="Z" type="float" />
                        </accessor>
                    </technique_common>
                </source>
                <source id="Joint_0_Object_1-geometry-TEXCOORD">
                    <float_array id="Joint_0_Object_1-geometry-TEXCOORD-array" count="178">0.84233093 0.97210693 0.9156952 0.93933105 0.9156952 0.87490845 0.68000793 0.2828827 0.6997528 0.040100098 0.57888794 0.047195435 0.95376587 0.27972412 0.93559265 0.30412292 0.935791 0.36445618 0.93499756 0.017608643 0.93499756 0.06288147 0.96409607 0.046447754 0.9556732 0.39375305 0.9789276 0.38638306 0.97984314 0.30630493 0.9359894 0.48510742 0.9358978 0.54545593 0.96113586 0.55488586 0.9627991 0.478302 0.8670807 0.97210693 0.9156952 0.9235077 0.94918823 0.017608643 0.86642456 0.9241638 0.8924866 0.97210693 0.9156952 0.92285156 0.8184967 0.97210693 0.9156952 0.94181824 0.85821533 0.97210693 0.9156952 0.97210693 0.87783813 0.9127655 0.86776733 0.97210693 0.9156952 0.8988342 0.8918457 0.9488983 0.9156952 0.9412689 0.86553955 0.9250488 0.86709595 0.9235077 0.89134216 0.97210693 0.88623047 0.97210693 0.81344604 0.077194214 0.82341003 0.28985596 0.91160583 0.088134766 0.8677368 0.9228668 0.8519287 0.93865967 0.63920593 0.6297455 0.68133545 0.61032104 0.56181335 0.30143738 0.9553528 0.74375916 0.97984314 0.6941223 0.95632935 0.6607208 0.95814514 0.8174286 0.9840851 0.77038574 0.9840851 0.8756256 0.9758148 0.92337036 0.9541168 0.9303131 0.9658966 0.98280334 0.7277832 0.6055603 0.9358978 0.4248047 0.4624176 0.074539185 0.34480286 0.14907837 0.38806152 0.42817688 0.60905457 0.6659546 0.026382446 0.6295166 0.26934814 0.7482147 0.2731781 0.6289215 0.033554077 0.79660034 0.304245 0.8425598 0.07369995 0.936615 0.59365845 0.7088318 0.5970154 0.75538635 0.20307922 0.2386322 0.15486145 0.29640198 0.10041809 0.3827362 0.31143188 0.51382446 0.04763794 0.5119171 0.96125793 0.12484741 0.9840851 0.07946777 0.9840851 0.017608643 0.96710205 0.20820618 0.9351959 0.18347168 0.9353943 0.24377441 0.9350891 0.123184204 0.93569946 0.66615295 0.9358978 0.6057892 0.93548584 0.7264404 0.9352875 0.78674316 0.9350891 0.84706116 0.93499756 0.90740967 0.93499756 0.96772766 0.9789276 0.61398315</float_array>
                    <technique_common>
                        <accessor count="89" offset="0" source="Joint_0_Object_1-geometry-TEXCOORD-array" stride="2">
                            <param name="S" type="float" />
                            <param name="T" type="float" />
                        </accessor>
                    </technique_common>
                </source>
                <vertices id="Joint_0_Object_1-vertices">
                    <input semantic="POSITION" source="#Joint_0_Object_1-geometry-POSITION" />
                </vertices>
                <triangles count="87" material="Joint_0_Object_1_Material_1">
                    <input semantic="VERTEX" source="#Joint_0_Object_1-vertices" offset="0" set="0" />
                    <input semantic="NORMAL" source="#Joint_0_Object_1-geometry-NORMAL" offset="1" set="0" />
                    <input semantic="TEXCOORD" source="#Joint_0_Object_1-geometry-TEXCOORD" offset="2" set="0" />
                    <p>0 0 0 2 2 2 1 1 1 3 3 3 5 5 5 4 4 4 6 6 6 8 8 8 7 7 7 9 9 9 11 11 11 10 10 10 12 12 12 14 14 14 13 13 13 15 15 15 17 17 17 16 16 16 17 17 17 15 15 15 18 18 18 19 0 19 21 19 2 20 2 20 11 11 11 9 9 9 22 20 21 23 21 22 25 19 24 24 0 23 26 21 25 28 22 2 27 19 26 29 21 27 31 23 2 30 22 28 32 24 29 34 23 31 33 21 30 35 25 32 37 23 20 36 24 33 38 2 25 40 25 34 39 24 28 41 19 25 43 25 35 42 2 28 44 23 25 46 25 2 45 22 36 47 22 25 46 25 2 48 19 37 49 26 38 51 28 40 50 27 39 52 1 41 54 24 2 53 21 28 52 1 41 55 21 2 24 0 23 56 2 42 36 24 33 57 1 28 58 29 43 60 31 45 59 30 44 61 32 46 63 34 48 62 33 47 64 35 49 61 32 46 62 33 47 64 35 49 62 33 47 65 36 50 66 37 51 64 35 49 65 36 50 64 35 49 66 37 51 67 28 52 68 20 53 64 35 49 67 28 52 68 20 53 67 28 52 69 11 54 3 3 3 4 4 4 49 26 38 70 38 55 3 3 3 49 26 38 70 38 55 49 26 38 50 27 39 12 12 12 13 13 13 18 18 18 71 39 56 12 12 12 18 18 18 71 39 56 18 18 18 15 15 15 72 14 57 5 5 5 60 31 45 73 13 58 72 14 57 60 31 45 73 13 58 60 31 45 58 29 43 74 40 59 73 13 58 58 29 43 74 40 59 58 29 43 75 41 60 60 31 45 5 5 5 3 3 3 59 30 44 60 31 45 3 3 3 59 30 44 3 3 3 70 38 55 76 36 61 78 43 63 77 42 62 79 37 64 76 36 61 77 42 62 79 37 64 77 42 62 80 27 65 81 28 66 79 37 64 80 27 65 78 43 63 75 41 60 82 44 67 77 42 62 78 43 63 82 44 67 77 42 62 82 44 67 83 38 68 80 27 65 77 42 62 83 38 68 84 18 69 73 13 58 74 40 59 85 17 70 84 18 69 74 40 59 85 17 70 74 40 59 86 45 71 74 40 59 75 41 60 87 46 72 86 45 71 74 40 59 87 46 72 86 45 71 87 46 72 88 33 73 89 4 74 10 10 10 11 11 11 90 26 75 89 4 74 11 11 11 90 26 75 11 11 11 91 28 76 92 5 77 94 48 79 93 47 78 89 4 74 92 5 77 93 47 78 89 4 74 93 47 78 95 49 80 10 10 10 89 4 74 95 49 80 92 5 77 14 14 14 6 6 6 94 48 79 92 5 77 6 6 6 94 48 79 6 6 6 7 7 7 6 6 6 14 14 14 12 12 12 8 8 8 6 6 6 12 12 12 8 8 8 12 12 12 71 39 56 96 50 81 97 51 82 63 34 48 98 52 83 96 50 81 63 34 48 98 52 83 63 34 48 61 32 46 99 53 84 98 52 83 61 32 46 99 53 84 61 32 46 64 35 49 100 54 85 99 53 84 64 35 49 100 54 85 64 35 49 68 20 53 101 55 86 100 54 85 68 20 53 101 55 86 68 20 53 102 9 87 103 45 88 62 33 47 63 34 48 17 17 17 103 45 88 63 34 48 17 17 17 63 34 48 97 51 82 16 16 16 17 17 17 97 51 82 87 46 72 75 41 60 78 43 63 88 33 73 87 46 72 78 43 63 88 33 73 78 43 63 76 36 61</p>
                </triangles>
            </mesh>
        </geometry>
    </library_geometries>
    <library_controllers>
        <controller id="Joint_0_Object_0-controller" name="Joint_0_Object_0">
            <skin source="#Joint_0_Object_0-geometry">
                <bind_shape_matrix>1 0 0 0 0 1 0 0 0 0 1 0 0 0 0 1</bind_shape_matrix>
                <source id="Joint_0_Object_0-joints">
                    <Name_array id="Joint_0_Object_0-joints-array" count="4">JOBJ_4 JOBJ_1 JOBJ_2 JOBJ_3</Name_array>
                    <technique_common>
                        <accessor count="4" offset="0" source="#Joint_0_Object_0-joints-array" stride="1">
                            <param name="JOINT" type="Name" />
                        </accessor>
                    </technique_common>
                </source>
                <source id="Joint_0_Object_0-matrices">
                    <float_array id="Joint_0_Object_0-matrices-array" count="64">1.000001 1E-06 1E-06 1E-06 1E-06 0.6744904 -0.73828447 -14.332112 1E-06 0.7382868 0.6744904 -3.8769405 1E-06 1E-06 1E-06 1.000001 1.000001 1E-06 1E-06 1E-06 1E-06 0.68701285 -0.72664624 -7.7723637 1E-06 0.7266478 0.6870124 -3.8991477 1E-06 1E-06 1E-06 1.000001 1.000001 1E-06 1E-06 1E-06 1E-06 0.63665134 -0.771152 -8.98209 1E-06 0.7711544 0.6366514 -4.5126796 1E-06 1E-06 1E-06 1.000001 1.000001 1E-06 1E-06 1E-06 1E-06 0.65910995 -0.7520473 -11.620398 1E-06 0.7520496 0.65910995 -4.171901 1E-06 1E-06 1E-06 1.000001</float_array>
                    <technique_common>
                        <accessor count="4" offset="0" source="#Joint_0_Object_0-matrices-array" stride="16">
                            <param name="TRANSFORM" type="float4x4" />
                        </accessor>
                    </technique_common>
                </source>
                <source id="Joint_0_Object_0-weights">
                    <float_array id="Joint_0_Object_0-weights-array" count="449">1 0.820476 0.179524 0.63678 0.36322 0.636169 0.363831 0.574438 0.425562 0.81981 0.18019 0.819373 0.180627 0.637282 0.362718 0.575457 0.424543 0.528978 0.471022 0.529904 0.470096 0.298414 0.701585 0.299963 0.700037 0.155866 0.844134 0.156475 0.843525 0.706032 0.293968 0.805417 0.194583 0.808134 0.191866 0.81029 0.18971 0.820075 0.179925 0.848327 0.151673 0.813387 0.186613 0.631245 0.368755 0.817492 0.182508 0.633196 0.366803 0.572007 0.427993 0.572656 0.427344 0.527774 0.472226 0.527975 0.472025 0.297227 0.702773 0.297098 0.702902 0.154473 0.845527 0.635035 0.364965 0.573551 0.426449 0.937241 0.062759 0.894506 0.105494 0.620996 0.379004 0.608832 0.391168 0.347655 0.652345 0.733853 0.266147 0.716507 0.283493 0.358783 0.641217 0.181697 0.818303 0.810875 0.189125 0.52923 0.47077 0.372738 0.627262 0.366929 0.633071 0.192276 0.807724 0.628968 0.371032 0.765705 0.234295 0.657445 0.342555 0.819234 0.180766 0.683959 0.316041 0.896064 0.103936 0.876566 0.123434 0.7057 0.2943 0.891075 0.108925 0.888128 0.111872 0.07299 0.92701 0.866523 0.133477 0.841411 0.158589 0.745726 0.254274 0.860123 0.139877 0.86016 0.13984 0.687076 0.312924 0.632839 0.367161 0.566482 0.433518 0.589256 0.410744 0.324565 0.675435 0.336185 0.663815 0.169474 0.830526 0.176054 0.823946 0.645443 0.354556 0.52839 0.47161 0.297438 0.702562 0.154521 0.845479 0.893948 0.106052 0.851356 0.148644 0.945618 0.054382 0.857506 0.142494 0.853849 0.146151 0.701444 0.298556 0.306467 0.693533 0.314529 0.685471 0.551458 0.448542 0.160746 0.839254 0.164857 0.835143 0.684766 0.315234 0.857414 0.142586 0.853745 0.146255 0.155778 0.844222 0.156362 0.843638 0.705772 0.294228 0.298066 0.701934 0.299571 0.700429 0.528035 0.471965 0.851304 0.148696 0.197537 0.802463 0.19656 0.80344 0.519052 0.480948 0.372668 0.627332 0.373204 0.626796 0.619272 0.380728 0.617445 0.382555 0.209451 0.790549 0.706081 0.293919 0.690546 0.309454 0.373414 0.626586 0.371839 0.628161 0.195857 0.804143 0.195839 0.804161 0.070273 0.929727 0.551116 0.448884 0.565516 0.434484 0.323423 0.676577 0.604476 0.395524 0.633366 0.366634 0.313844 0.686156 0.168679 0.831321 0.164395 0.835605 0.60302 0.39698 0.669337 0.330663 0.879633 0.120367 0.937211 0.062789 0.876805 0.123195 0.839443 0.160557 0.648632 0.351368 0.577293 0.422707 0.587713 0.412287 0.685432 0.314568 0.712233 0.287767 0.605989 0.394011 0.587352 0.412648 0.345359 0.654641 0.334479 0.665521 0.179667 0.820333 0.174791 0.825209 0.646118 0.353882 0.06259 0.93741 0.531646 0.468354 0.302459 0.697541 0.244878 0.755122 0.241708 0.758292 0.699841 0.300159 0.072466 0.927534 0.069747 0.930253 0.066899 0.933101 0.199326 0.800674 0.245873 0.754127 0.158911 0.841089 0.539439 0.460561 0.707642 0.292358 0.154886 0.845114 0.245 0.755 0.07312 0.92688 0.07404 0.92596 0.242076 0.757924 0.072884 0.927116 0.699636 0.300364 0.158745 0.841255 0.704367 0.295633 0.744325 0.255675 0.893408 0.106592 0.235435 0.764565 0.685029 0.314971 0.222928 0.777072 0.160502 0.839498 0.30207 0.69793 0.529042 0.470958 0.068095 0.931905 0.203903 0.796097 0.06412 0.93588 0.200772 0.799228 0.534899 0.465101 0.063586 0.936414 0.186507 0.813493 0.356362 0.643638 0.617794 0.382206 0.528135 0.471865 0.19067 0.80933 0.194675 0.805325 0.364623 0.635377 0.370702 0.629299 0.628441 0.371559 0.656138 0.343862 0.762299 0.237701 0.211028 0.788972 0.063562 0.936438 0.195088 0.804912 0.195706 0.804294 0.371526 0.628474 0.370316 0.629684 0.681006 0.318994 0.703148 0.296852 0.063539 0.936461 0.234533 0.765467 0.94558 0.05442 0.832347 0.167653 0.220756 0.779244 0.306015 0.693985 0.531127 0.468873 0.539198 0.460802 0.865549 0.134451 0.821565 0.178435 0.576956 0.423044 0.588714 0.411286 0.573753 0.426247 0.572187 0.427813 0.636988 0.363012 0.65196 0.34804 0.632859 0.367141 0.630645 0.369356 0.674244 0.325756 0.728649 0.271351 0.5015 0.4985 0.196253 0.803747 0.191058 0.808942 0.061155 0.938845 0.061068 0.938932 0.195067 0.804933 0.896368 0.103632 0.195091 0.804909 0.372267 0.627733 0.706305 0.293695 0.891298 0.108702</float_array>
                    <technique_common>
                        <accessor count="449" offset="0" source="#Joint_0_Object_0-weights-array" stride="1">
                            <param name="WEIGHT" type="float" />
                        </accessor>
                    </technique_common>
                </source>
                <joints>
                    <input semantic="JOINT" source="#Joint_0_Object_0-joints" />
                    <input semantic="INV_BIND_MATRIX" source="#Joint_0_Object_0-matrices" />
                </joints>
                <vertex_weights count="625">
                    <input semantic="JOINT" source="#Joint_0_Object_0-joints" offset="0" set="0" />
                    <input semantic="WEIGHT" source="#Joint_0_Object_0-weights" offset="1" set="0" />
                    <vcount>1 1 1 1 1 1 1 1 1 1 1 1 1 1 1 1 1 1 1 1 1 1 1 1 1 1 1 1 1 1 1 1 1 1 1 1 1 1 1 1 1 1 1 1 1 1 1 1 1 1 1 1 1 1 1 1 1 1 1 1 1 1 1 1 1 1 1 1 1 1 1 1 1 1 1 1 1 1 1 1 1 1 1 1 1 1 1 1 1 1 1 1 1 1 1 1 1 1 1 1 1 1 1 1 1 1 1 1 1 1 1 1 1 1 1 1 1 1 1 1 1 1 1 1 1 1 1 1 1 1 1 1 1 1 1 1 1 1 1 1 1 1 1 1 1 1 1 1 1 1 1 1 1 1 1 1 1 1 1 1 1 1 1 1 1 1 1 1 1 1 1 1 1 1 1 1 1 1 1 1 1 1 1 1 2 1 1 1 1 1 1 1 1 1 1 1 1 1 1 1 1 1 1 1 1 1 1 1 1 1 1 1 1 1 1 1 1 1 1 1 1 1 1 1 1 1 1 1 1 1 1 1 1 1 1 1 1 1 1 1 1 1 1 1 1 1 2 2 2 2 2 1 1 2 2 1 1 1 1 1 1 1 1 1 1 1 1 1 1 1 1 1 1 1 1 1 1 1 1 1 1 1 1 1 1 1 1 1 1 1 1 1 1 1 1 1 1 1 1 1 1 1 1 1 1 1 1 1 1 1 1 1 1 1 1 1 1 1 1 1 1 1 1 1 1 1 1 1 1 1 1 1 1 1 1 1 1 1 1 1 1 1 1 1 1 2 2 2 2 2 2 2 1 2 2 1 2 1 2 1 2 2 2 1 2 2 1 2 2 2 2 2 2 2 2 2 2 1 2 1 2 2 2 2 2 2 2 2 2 2 2 2 2 2 2 2 2 2 2 2 2 2 1 1 2 1 2 1 1 2 1 1 2 1 2 2 1 1 2 2 2 2 2 2 2 2 2 2 2 2 2 2 1 1 2 1 1 1 2 1 2 1 2 1 1 1 2 1 2 2 2 2 2 2 1 2 2 1 2 2 2 2 2 2 1 1 1 2 2 2 2 2 2 1 2 2 2 2 2 2 2 2 2 2 2 2 2 2 2 2 2 2 2 2 2 2 1 2 1 2 1 1 1 1 2 2 2 2 2 2 2 2 2 2 2 2 2 2 2 2 2 2 2 2 2 2 2 2 2 2 2 2 2 2 2 2 2 2 2 2 1 2 2 1 1 2 2 2 2 2 2 2 2 2 2 2 2 2 2 2 2 2 2 2 2 2 2 2 2 2 2 2 2 2 2 2 2 1 2 2 2 1 2 2 2 2 1 2 1 2 2 2 2 2 2 2 2 2 2 2 2 2 2 2 2 2 2 2 1 1 1 2 2 2 2 2 2 2 2 2 1 1 1 1 1</vcount>
                    <v>0 0 0 0 0 0 0 0 0 0 0 0 0 0 0 0 0 0 0 0 0 0 0 0 0 0 0 0 0 0 0 0 0 0 0 0 0 0 0 0 0 0 0 0 0 0 0 0 0 0 0 0 0 0 0 0 0 0 0 0 0 0 0 0 0 0 0 0 0 0 0 0 0 0 0 0 0 0 0 0 0 0 0 0 0 0 0 0 0 0 0 0 0 0 0 0 0 0 0 0 0 0 0 0 0 0 0 0 0 0 0 0 0 0 0 0 0 0 0 0 0 0 0 0 0 0 0 0 0 0 0 0 0 0 0 0 0 0 0 0 0 0 0 0 0 0 0 0 0 0 0 0 0 0 0 0 0 0 1 0 1 0 1 0 0 0 0 0 0 0 0 0 0 0 0 0 0 0 0 0 0 0 0 0 0 0 0 0 0 0 1 0 0 0 0 0 0 0 0 0 0 0 0 0 0 0 0 0 0 0 0 0 0 0 0 0 0 0 1 0 1 0 1 0 0 0 1 0 1 0 1 0 1 0 1 0 1 0 1 0 1 0 1 0 1 0 1 0 1 0 1 0 1 0 1 0 1 0 1 0 1 0 1 0 1 0 1 0 1 0 1 0 1 0 1 0 1 0 1 0 1 0 1 0 1 0 1 0 1 0 1 0 1 0 1 0 1 0 1 0 1 0 1 0 1 0 1 0 1 0 1 0 1 0 1 0 1 0 1 0 1 0 1 0 1 0 1 0 1 0 1 0 1 0 1 0 1 0 1 0 1 0 1 0 1 0 1 0 1 0 1 0 1 0 1 0 1 0 1 0 1 0 1 0 1 0 1 0 1 1 2 2 1 0 1 0 0 0 0 0 0 0 0 0 0 0 0 0 1 0 1 0 0 0 0 0 0 0 0 0 0 0 0 0 0 0 0 0 1 0 1 0 1 0 1 0 1 0 1 0 1 0 1 0 1 0 1 0 1 0 1 0 1 0 1 0 1 0 1 0 1 0 1 0 1 0 1 0 1 0 1 0 1 0 1 0 1 0 1 0 1 0 1 0 1 0 1 0 1 0 1 0 1 0 1 0 1 0 1 0 1 0 1 0 1 0 1 0 0 0 1 0 1 0 1 3 2 4 1 5 2 6 1 7 2 8 1 9 2 10 1 11 2 12 1 0 1 0 1 13 2 14 1 15 2 16 1 0 1 0 1 0 1 0 1 0 1 0 1 0 1 0 1 0 1 0 1 0 1 0 1 0 1 0 1 0 1 0 1 0 1 0 1 0 1 0 1 0 1 0 1 0 1 0 1 0 1 0 1 0 1 0 1 0 1 0 1 0 1 0 1 0 1 0 1 0 1 0 1 0 1 0 1 0 1 0 1 0 1 0 1 0 1 0 1 0 1 0 1 0 1 0 1 0 1 0 1 0 1 0 1 0 1 0 1 0 1 0 1 0 1 0 1 0 1 0 1 0 1 0 1 0 1 0 1 0 1 0 1 0 1 0 1 0 1 0 1 0 1 0 1 0 1 0 1 0 1 0 1 0 1 0 1 0 1 0 1 0 1 0 1 0 1 0 1 0 1 0 1 0 1 0 1 0 1 0 1 17 2 18 1 19 2 20 1 21 2 22 1 23 2 24 1 25 2 26 1 27 2 28 2 29 3 30 1 0 1 31 2 32 1 33 2 34 1 0 1 35 2 36 1 0 1 37 2 38 1 0 1 39 2 40 1 41 2 42 1 43 2 44 1 0 1 45 2 46 1 47 2 48 1 0 1 49 2 50 1 51 2 52 1 53 2 54 1 55 2 56 1 57 2 58 1 59 2 60 1 61 2 62 1 63 2 64 1 65 2 66 1 67 2 68 1 0 1 69 2 70 1 0 1 71 2 72 1 73 2 74 1 75 2 76 1 77 2 78 1 79 2 80 1 81 2 82 1 83 2 84 2 85 3 86 2 87 3 88 1 89 2 90 1 91 2 92 1 93 2 94 1 95 2 96 1 97 2 98 1 99 2 100 1 101 2 102 1 103 2 104 1 105 2 106 1 107 2 108 1 109 2 110 1 111 2 112 1 113 2 114 3 0 3 0 2 115 3 116 1 0 1 117 2 118 1 0 1 0 1 119 2 120 1 0 1 0 1 121 2 122 1 0 0 123 3 124 0 125 3 126 0 0 0 0 1 127 2 128 1 129 2 130 1 131 2 132 1 133 2 134 1 135 2 136 1 137 2 138 1 139 2 140 1 141 2 142 2 143 3 144 1 145 2 146 1 147 2 148 1 149 2 150 1 151 2 152 0 153 3 154 0 0 0 0 1 155 2 156 1 0 1 0 3 0 0 157 3 158 3 0 0 159 3 160 3 0 0 153 3 154 0 0 0 0 1 0 1 161 2 162 1 0 1 163 2 164 1 165 2 166 1 167 2 168 1 169 2 170 1 171 2 172 2 173 3 174 0 0 0 175 3 176 0 177 3 178 0 0 1 179 2 180 1 181 2 182 2 183 3 184 1 185 2 186 1 187 2 188 1 189 2 190 3 0 3 0 3 0 0 191 3 192 1 193 2 194 1 195 2 196 2 197 3 198 1 199 2 200 1 201 2 202 0 0 2 203 3 204 2 205 3 206 2 207 3 208 1 209 2 210 1 211 2 212 1 213 2 214 1 215 2 216 1 217 2 218 1 219 2 220 2 205 3 206 2 221 3 222 1 223 2 224 1 225 2 226 1 227 2 228 1 229 2 230 1 231 2 232 1 233 2 234 1 235 2 236 1 237 2 238 1 239 2 240 1 241 2 242 1 243 2 244 1 0 1 245 2 246 1 0 1 247 2 248 1 0 1 0 1 0 1 0 1 249 2 250 1 251 2 252 1 253 2 254 1 255 2 256 1 257 2 258 1 259 2 260 1 261 2 262 1 263 2 264 1 265 2 266 1 267 2 268 1 269 2 270 1 271 2 272 2 273 3 274 2 275 3 276 1 277 2 278 1 279 2 280 2 281 3 282 2 283 3 284 2 285 3 286 2 287 3 288 2 289 3 290 2 291 3 292 2 293 3 294 2 295 3 296 1 297 2 298 1 299 2 300 2 301 3 302 1 303 2 304 2 305 3 306 2 307 3 308 2 309 3 310 2 311 3 312 2 313 3 314 2 315 3 316 1 317 2 318 1 319 2 320 1 0 1 321 2 322 1 323 2 324 1 0 1 0 2 325 3 326 2 327 3 328 2 329 3 330 1 331 2 332 1 333 2 334 1 335 2 336 2 337 3 338 2 339 3 340 2 341 3 342 2 343 3 344 2 345 3 346 2 347 3 348 1 349 2 350 1 351 2 352 1 353 2 354 2 355 3 356 1 357 2 358 1 359 2 360 1 361 2 362 1 363 2 364 1 365 2 366 1 367 2 368 1 369 2 370 2 371 3 372 2 373 3 374 1 375 2 376 1 377 2 378 1 379 2 380 1 381 2 382 1 383 2 384 1 385 2 386 2 387 3 388 3 0 2 389 3 390 1 391 2 392 1 393 2 394 1 0 2 395 3 396 1 397 2 398 1 399 2 400 1 401 2 402 1 0 1 403 2 404 1 0 1 405 2 406 1 407 2 408 1 409 2 410 1 411 2 412 1 413 2 414 1 415 2 416 1 417 2 418 1 419 2 420 1 421 2 422 1 423 2 424 1 425 2 426 2 427 3 428 1 429 2 430 2 431 3 432 2 433 3 434 2 435 3 436 2 387 3 388 2 437 3 438 1 439 2 440 1 0 1 0 1 0 2 207 3 208 1 441 2 442 1 219 2 220 1 443 2 444 1 215 2 216 1 445 2 446 1 211 2 212 1 447 2 448 1 113 2 114 1 0 1 0 1 0 1 0 1 0</v>
                </vertex_weights>
            </skin>
        </controller>
        <controller id="Joint_0_Object_1-controller" name="Joint_0_Object_1">
            <skin source="#Joint_0_Object_1-geometry">
                <bind_shape_matrix>1 0 0 0 0 1 0 0 0 0 1 0 0 0 0 1</bind_shape_matrix>
                <source id="Joint_0_Object_1-joints">
                    <Name_array id="Joint_0_Object_1-joints-array" count="4">JOBJ_4 JOBJ_2 JOBJ_3 JOBJ_1</Name_array>
                    <technique_common>
                        <accessor count="4" offset="0" source="#Joint_0_Object_1-joints-array" stride="1">
                            <param name="JOINT" type="Name" />
                        </accessor>
                    </technique_common>
                </source>
                <source id="Joint_0_Object_1-matrices">
                    <float_array id="Joint_0_Object_1-matrices-array" count="64">1.000001 1E-06 1E-06 1E-06 1E-06 0.6744904 -0.73828447 -14.332112 1E-06 0.7382868 0.6744904 -3.8769405 1E-06 1E-06 1E-06 1.000001 1.000001 1E-06 1E-06 1E-06 1E-06 0.63665134 -0.771152 -8.98209 1E-06 0.7711544 0.6366514 -4.5126796 1E-06 1E-06 1E-06 1.000001 1.000001 1E-06 1E-06 1E-06 1E-06 0.65910995 -0.7520473 -11.620398 1E-06 0.7520496 0.65910995 -4.171901 1E-06 1E-06 1E-06 1.000001 1.000001 1E-06 1E-06 1E-06 1E-06 0.68701285 -0.72664624 -7.7723637 1E-06 0.7266478 0.6870124 -3.8991477 1E-06 1E-06 1E-06 1.000001</float_array>
                    <technique_common>
                        <accessor count="4" offset="0" source="#Joint_0_Object_1-matrices-array" stride="16">
                            <param name="TRANSFORM" type="float4x4" />
                        </accessor>
                    </technique_common>
                </source>
                <source id="Joint_0_Object_1-weights">
                    <float_array id="Joint_0_Object_1-weights-array" count="17">1 0.476613 0.523386 0.917907 0.082093 0.180247 0.819753 0.612323 0.387677 0.556992 0.443008 0.497252 0.502748 0.614394 0.385606 0.655097 0.344903</float_array>
                    <technique_common>
                        <accessor count="17" offset="0" source="#Joint_0_Object_1-weights-array" stride="1">
                            <param name="WEIGHT" type="float" />
                        </accessor>
                    </technique_common>
                </source>
                <joints>
                    <input semantic="JOINT" source="#Joint_0_Object_1-joints" />
                    <input semantic="INV_BIND_MATRIX" source="#Joint_0_Object_1-matrices" />
                </joints>
                <vertex_weights count="104">
                    <input semantic="JOINT" source="#Joint_0_Object_1-joints" offset="0" set="0" />
                    <input semantic="WEIGHT" source="#Joint_0_Object_1-weights" offset="1" set="0" />
                    <vcount>1 1 1 2 1 1 1 1 1 1 1 1 1 2 1 1 1 1 1 1 1 1 1 1 1 1 1 1 1 1 1 1 1 1 1 1 1 1 1 1 1 1 1 1 1 1 1 1 1 1 2 1 1 1 1 1 1 1 1 1 2 1 1 1 1 1 1 1 1 1 1 1 1 2 2 1 1 2 2 1 2 1 1 1 1 1 1 2 1 1 1 1 1 1 1 1 1 1 1 1 1 1 1 1</vcount>
                    <v>0 0 0 0 0 0 1 1 2 2 3 0 3 0 3 0 3 0 3 0 3 0 3 0 3 0 3 0 3 3 1 4 3 0 3 0 3 0 3 0 3 0 0 0 0 0 0 0 3 0 0 0 0 0 0 0 0 0 0 0 0 0 0 0 0 0 0 0 0 0 0 0 0 0 0 0 0 0 0 0 0 0 0 0 0 0 0 0 0 0 0 0 0 0 0 0 0 0 0 0 0 0 3 0 3 5 1 6 3 0 0 0 0 0 0 0 0 0 0 0 0 0 0 0 0 0 1 7 2 8 3 0 3 0 3 0 3 0 3 0 3 0 3 0 3 0 3 0 0 0 3 0 3 0 3 3 1 4 1 9 2 10 0 0 3 0 1 11 2 12 1 13 2 14 3 0 3 5 1 6 3 0 0 0 0 0 3 0 3 0 3 0 1 15 2 16 3 0 3 0 3 0 3 0 3 0 3 0 3 0 3 0 3 0 3 0 3 0 3 0 3 0 3 0 3 0 3 0</v>
                </vertex_weights>
            </skin>
        </controller>
    </library_controllers>
    <library_visual_scenes>
        <visual_scene id="Scene" name="Scene">
            <node id="JOBJ_0" sid="JOBJ_0" name="JOBJ_0" type="JOINT">
                <matrix>1 0 0 0 0 1 0 0 0 0 1 0 0 0 0 1</matrix>
                <node id="JOBJ_1" sid="JOBJ_1" name="JOBJ_1" type="JOINT">
                    <matrix>1 0 0 0 0 0.68701077 0.72664666 8.173001 0 -0.7266462 0.68701124 -2.969 0 0 0 1</matrix>
                    <node id="JOBJ_2" sid="JOBJ_2" name="JOBJ_2" type="JOINT">
                        <matrix>1 0 0 0 0 0.99774194 0.06717099 1.4925652 0 -0.06717105 0.997741 0 0 0 0 1</matrix>
                        <node id="JOBJ_3" sid="JOBJ_3" name="JOBJ_3" type="JOINT">
                            <matrix>1 0 0 0 0 0.99956506 -0.029482026 2.5102563 0 0.029482024 0.9995651 0 0 0 0 1</matrix>
                            <node id="JOBJ_4" sid="JOBJ_4" name="JOBJ_4" type="JOINT">
                                <matrix>1 0 0 0 0 0.999787 -0.020638004 2.6286497 0 0.020638004 0.999787 0 0 0 0 1</matrix>
                                <node id="JOBJ_5" sid="JOBJ_5" name="JOBJ_5" type="JOINT">
                                    <matrix>1 0 0 0 0 1 0 2.713266 0 0 1 0 0 0 0 1</matrix>
                                </node>
                            </node>
                        </node>
                    </node>
                </node>
            </node>
            <node id="Joint_0_Object_0" sid="Joint_0_Object_0" name="Joint_0_Object_0">
                <instance_controller url="#Joint_0_Object_0-controller">
                    <skeleton>#JOBJ_0</skeleton>
                    <bind_material>
                        <technique_common>
                            <instance_material target="#Joint_0_Object_0_Material_0" symbol="Joint_0_Object_0_Material_0" />
                        </technique_common>
                    </bind_material>
                </instance_controller>
            </node>
            <node id="Joint_0_Object_1" sid="Joint_0_Object_1" name="Joint_0_Object_1">
                <instance_controller url="#Joint_0_Object_1-controller">
                    <skeleton>#JOBJ_0</skeleton>
                    <bind_material>
                        <technique_common>
                            <instance_material target="#Joint_0_Object_1_Material_1" symbol="Joint_0_Object_1_Material_1" />
                        </technique_common>
                    </bind_material>
                </instance_controller>
            </node>
        </visual_scene>
    </library_visual_scenes>
    <scene>
        <instance_visual_scene url="#Scene" />
    </scene>
</COLLADA>