mtllib model.mtl
v -1.3037109 10.43082 1.1787109
vt 0.7758789 0.60009766
vn -0.44558117 -0.009522009 0.8951909
v -1.0859375 10.851231 1.269043
vt 0.65966797 0.79589844
vn -0.4671717 0.032715447 0.8835612
v -0.7631836 10.21207 1.4458008
vt 0.48718262 0.49804688
vn -0.3495078 -0.0639686 0.9347472
v -0.6660156 10.89957 1.5009766
vt 0.43530273 0.8183594
vn -0.35779965 0.045106437 0.9327084
v -0.60595703 11.25211 1.4677734
vt 0.40344238 0.98254395
vn -0.35133827 0.14753033 0.9245519
v -0.4116211 11.170567 1.5439453
vt 0.29968262 0.94470215
vn -0.26575553 0.097110026 0.95913696
v -0.7763672 9.61832 1.3691406
vt 0.4942627 0.22143555
vn -0.32801273 -0.16608162 0.9299595
v -1.3955078 9.647129 1.078125
vt 0.8249512 0.23486328
vn -0.42679003 -0.12995365 0.894965
v -1.4130859 9.922031 1.0952148
vt 0.8343506 0.3630371
vn -0.43934056 -0.07812669 0.89491683
v -0.23730469 9.910801 1.5375977
vt 0.2064209 0.3577881
vn -0.23023789 -0.11713322 0.96605915
v -0.23632812 10.421055 1.5898438
vt 0.20605469 0.595459
vn -0.23266852 -0.058838524 0.97077465
v -0.31152344 10.940586 1.5786133
vt 0.24621582 0.8376465
vn -0.21601304 0.017151644 0.9762398
v -0.8071289 11.171543 1.3920898
vt 0.5107422 0.9451904
vn -0.44472265 0.12384604 0.8870648
v -1.0883789 9.195957 1.1396484
vt 0.66101074 0.024780273
vn -0.41060716 -0.18220045 0.8934231
v -0.69433594 9.29166 1.309082
vt 0.45056152 0.06921387
vn -0.28346685 -0.24092239 0.9282257
v -1.2802734 9.401035 1.0786133
vt 0.7635498 0.12011719
vn -0.43250802 -0.17773966 0.8839375
v -0.265625 9.593418 1.4863281
vt 0.22167969 0.20996094
vn -0.2284672 -0.17499745 0.9576945
v -0.33496094 9.400547 1.4228516
vt 0.25854492 0.12011719
vn -0.22877273 -0.22926104 0.94609857
o Joint_0_Object_0
g polygon_0
usemtl Material_347D0DAB
f 1/1/1 3/3/3 2/2/2
f 4/4/4 6/6/6 5/5/5
f 7/7/7 9/9/9 8/8/8
f 7/7/7 10/10/10 3/3/3
f 9/9/9 7/7/7 3/3/3
f 9/9/9 3/3/3 1/1/1
f 3/3/3 10/10/10 11/11/11
f 4/4/4 3/3/3 11/11/11
f 4/4/4 11/11/11 12/12/12
f 6/6/6 4/4/4 12/12/12
f 2/2/2 3/3/3 4/4/4
f 13/13/13 2/2/2 4/4/4
f 13/13/13 4/4/4 5/5/5
f 14/14/14 15/15/15 7/7/7
f 16/16/16 14/14/14 7/7/7
f 16/16/16 7/7/7 8/8/8
f 17/17/17 10/10/10 7/7/7
f 18/18/18 17/17/17 7/7/7
f 18/18/18 7/7/7 15/15/15
v 0.7763672 9.61832 1.3691406
vn 0.32801273 -0.16608162 0.9299595
v 0.33496094 9.400547 1.4228516
vn 0.22877273 -0.22926104 0.94609857
v 0.26611328 9.593418 1.4863281
vn 0.2284672 -0.17499745 0.9576945
v 0.41210938 11.170567 1.5439453
vn 0.26575553 0.097110026 0.95913696
v 0.6064453 11.25211 1.4677734
vn 0.35133827 0.14753033 0.9245519
v 0.6660156 10.89957 1.5009766
vn 0.35779965 0.045106437 0.9327084
v 0.23730469 9.910801 1.5375977
vn 0.23023789 -0.11713322 0.96605915
v 0.7631836 10.21207 1.4458008
vn 0.3495078 -0.0639686 0.9347472
v 0.23632812 10.421055 1.5898438
vn 0.23266852 -0.058838524 0.97077465
v 0.31201172 10.940586 1.5786133
vn 0.21601304 0.017151644 0.9762398
v 1.4130859 9.922031 1.0952148
vn 0.43934056 -0.07812669 0.89491683
v 1.3955078 9.647129 1.078125
vn 0.42679003 -0.12995365 0.894965
v 1.2807617 9.401035 1.0786133
vn 0.43250802 -0.17773966 0.8839375
v 1.0888672 9.195957 1.1396484
vn 0.41060716 -0.18220045 0.8934231
v 0.69433594 9.29166 1.309082
vn 0.28346685 -0.24092239 0.9282257
v 0.8071289 11.171543 1.3920898
vn 0.44472265 0.12384604 0.8870648
v 1.0864258 10.851231 1.269043
vn 0.4671717 0.032715447 0.8835612
v 1.3037109 10.43082 1.1787109
vn 0.44558117 -0.009522009 0.8951909
o Joint_0_Object_1
g polygon_0
usemtl Material_347D0DAB
f 19/7/19 21/17/21 20/18/20
f 22/6/22 24/4/24 23/5/23
f 19/7/19 25/10/25 21/17/21
f 25/10/25 19/7/19 26/3/26
f 27/11/27 25/10/25 26/3/26
f 27/11/27 26/3/26 24/4/24
f 28/12/28 27/11/27 24/4/24
f 28/12/28 24/4/24 22/6/22
f 29/9/29 26/3/26 19/7/19
f 30/8/30 29/9/29 19/7/19
f 30/8/30 19/7/19 31/16/31
f 32/14/32 31/16/31 19/7/19
f 33/15/33 32/14/32 19/7/19
f 33/15/33 19/7/19 20/18/20
f 34/13/34 23/5/23 24/4/24
f 35/2/35 34/13/34 24/4/24
f 35/2/35 24/4/24 26/3/26
f 36/1/36 35/2/35 26/3/26
f 36/1/36 26/3/26 29/9/29
v -1.0721498 11.639993 2.4480722
vt 0.31762695 0.5180664
vn -0.2867532 0.8613583 0.41932622
v -1.1619935 11.502297 2.3582284
vt 0.24060059 0.5180664
vn -0.68173367 -0.33400005 -0.6509095
v -0.8203125 11.8359375 2.0810547
vt 0.32556152 0.3548584
vn -0.214908 0.9557028 0.20111385
v -0.9832825 12.3514185 2.5574472
vt 0.3609619 0.51782227
vn -0.86940837 -0.42847842 -0.24603939
v -1.1991029 12.275247 3.239576
vt 0.37145996 0.7709961
vn -0.81838393 -0.49189708 -0.29712805
v -1.0374818 12.299661 3.3064706
vt 0.3881836 0.77075195
vn 0.858313 -0.25416124 0.44575876
v -0.71130985 12.381692 2.6516855
vt 0.38171387 0.5185547
vn 0.8638669 -0.21973582 0.45326614
v -1.3148255 11.165383 2.8621347
vt 0.28405762 0.7709961
vn 0.79094154 -0.4170175 0.4477811
v -1.438849 11.165383 2.8006113
vt 0.26342773 0.77111816
vn -0.71731704 -0.29957387 -0.6290563
v -1.579474 10.867532 3.0857675
vt 0.28637695 0.9501953
v -1.3748841 11.275247 2.824537
vt 0.3088379 0.77160645
vn -0.3655056 0.7488959 0.5527754
v -0.94617313 11.533059 2.458326
vt 0.2845459 0.5180664
vn 0.80612737 -0.33119157 0.49037838
v -0.6777344 11.705078 2.137207
vt 0.27893066 0.3552246
vn 0.7753557 -0.2484825 0.58058596
v -0.5834961 11.917248 1.7469727
vt 0.32580566 0.22668457
vn -0.10601937 0.9939087 0.0300907
v -0.4091797 11.746349 1.8109375
vt 0.2755127 0.22631836
vn 0.793318 -0.24372691 0.55789226
v -0.3022461 11.886387 1.2832031
vt 0.32470703 0.03503418
vn 0.11096894 0.99279964 0.045107834
v -0.10644531 11.704746 1.4287109
vt 0.27209473 0.03527832
vn 0.8463666 0.07397925 0.52743787
v -1.5965638 10.848489 3.100416
vt 0.28649902 0.96191406
vn -0.714687 -0.27704877 -0.6422356
v -0.9472656 11.644043 2.0112305
vt 0.22241211 0.35534668
vn -0.7112065 -0.43238816 -0.5542796
v -0.7294922 11.687267 1.6708008
vt 0.21166992 0.22644043
vn -0.7394645 -0.49079937 -0.46076912
v -0.5371094 11.704746 1.3530273
vt 0.20507812 0.03527832
vn -0.82427573 -0.32161647 -0.4659746
v -0.49316406 12.672852 1.7539062
vt 0.5554199 0.5184326
vn -0.9840217 -0.10888816 0.140871
v -0.34326172 12.803711 1.6835938
vt 0.6386719 0.5189209
vn 0.10559379 0.72176105 -0.68404025
v -0.48230594 13.001321 2.178541
vt 0.5609131 0.7709961
vn -0.9548978 -0.22761533 0.19068658
v -0.33447266 12.408459 1.4061524
vt 0.6390381 0.3109131
vn 0.09430732 0.49528128 -0.86359864
v -0.2133789 12.645508 1.8139648
vt 0.5258789 0.5184326
vn 0.8678664 -0.23706259 0.43658826
v -0.15966797 12.252209 1.6053711
vt 0.51086426 0.30944824
vn 0.8493419 -0.11877969 0.51430506
v -0.5053711 12.290783 1.534082
vt 0.54907227 0.30944824
vn -0.97552085 -0.0657387 0.20985113
v -0.54589844 11.712559 1.3466797
vt 0.53479004 0.026000977
vn -0.8789041 -0.1325162 0.4582216
v -0.31152344 11.899082 1.1870117
vt 0.63830566 0.026123047
vn 0.06219903 0.40340862 -0.9129035
v -0.3870911 13.111184 2.1292245
vt 0.6251221 0.7709961
vn 0.062318575 0.89675266 -0.43812215
v -0.29187626 12.988137 2.21858
vt 0.54333496 0.7709961
vn 0.8334072 -0.32130185 0.4496639
v -0.4447083 13.292336 2.681959
vt 0.5827637 0.9842529
vn -0.10193552 0.45285007 0.88574034
v -0.107421875 11.741367 1.4145508
vt 0.501709 0.026123047
vn 0.6988902 -0.14362346 0.7006603
v -0.6533203 12.465332 2.074707
vt 0.48095703 0.35510254
vn 0.0014039037 0.96191823 -0.27333397
v -0.47314453 12.265392 1.6444336
vt 0.48425293 0.2043457
vn 0.09302167 0.84909743 -0.5199814
v -0.30126953 12.076427 1.7972656
vt 0.3590088 0.20458984
vn 0.84402746 -0.17005065 0.50862604
v -0.8203125 12.249023 2.0898438
vt 0.35217285 0.3548584
vn -0.8868776 -0.42952222 -0.17017308
v -0.6635742 12.052013 1.6893555
vt 0.34265137 0.2043457
vn -0.91860014 -0.3785487 -0.113466956
v -0.48339844 12.268555 2.1601562
vt 0.3684082 0.35351562
vn 0.84086764 -0.23151937 0.4892243
v -0.3022461 11.886387 1.2602539
vt 0.48327637 0.026000977
vn 0.2063133 0.76201636 -0.61381257
v -0.10644531 11.704746 1.4052734
vt 0.33398438 0.026000977
vn 0.7802632 -0.22590582 0.5832289
v -0.5371094 11.704746 1.3295898
vn -0.8842564 -0.46120256 0.07336759
v -0.8431458 12.518411 2.5530527
vt 0.47351074 0.51782227
vn -0.090882055 0.995308 -0.033203382
v -1.1204896 12.399758 3.2420175
vt 0.45544434 0.7709961
vn -0.2047228 0.95909643 0.195506
v -1.3216615 12.156106 3.7576425
vt 0.40185547 0.9713135
vn -0.36170635 -0.29706797 0.8836963
o Joint_0_Object_2
g polygon_0
usemtl Material_872C5853
f 37/19/37 39/21/39 38/20/38
f 40/22/40 42/24/42 41/23/41
f 42/24/42 40/22/40 43/25/43
f 44/26/44 46/28/45 45/27/45
f 38/20/38 44/26/44 45/27/45
f 38/20/38 45/27/45 47/29/46
f 37/19/37 38/20/38 47/29/46
f 37/19/37 47/29/46 48/30/47
f 39/21/39 37/19/37 48/30/47
f 39/21/39 48/30/47 49/31/48
f 50/32/49 39/21/39 49/31/48
f 50/32/49 49/31/48 51/33/50
f 52/34/51 50/32/49 51/33/50
f 52/34/51 51/33/50 53/35/52
f 46/28/45 47/29/46 45/27/45
f 54/36/53 46/28/45 45/27/45
f 54/36/53 45/27/45 46/28/45
f 47/29/46 46/28/45 44/26/44
f 48/30/47 47/29/46 44/26/44
f 48/30/47 44/26/44 38/20/38
f 55/37/54 48/30/47 38/20/38
f 55/37/54 38/20/38 39/21/39
f 50/32/49 55/37/54 39/21/39
f 49/31/48 48/30/47 55/37/54
f 56/38/55 49/31/48 55/37/54
f 56/38/55 55/37/54 50/32/49
f 57/39/56 56/38/55 50/32/49
f 57/39/56 50/32/49 52/34/51
f 58/40/57 60/42/59 59/41/58
f 61/43/60 58/40/57 59/41/58
f 61/43/60 59/41/58 62/44/61
f 63/45/62 61/43/60 62/44/61
f 63/45/62 62/44/61 64/46/63
f 65/47/64 63/45/62 64/46/63
f 65/47/64 64/46/63 66/48/65
f 59/41/58 60/42/59 67/49/66
f 62/44/61 59/41/58 67/49/66
f 62/44/61 67/49/66 68/50/67
f 60/42/59 62/44/61 68/50/67
f 60/42/59 68/50/67 69/51/68
f 67/49/66 60/42/59 69/51/68
f 67/49/66 69/51/68 68/50/67
f 62/44/61 60/42/59 58/40/57
f 64/46/63 62/44/61 58/40/57
f 64/46/63 58/40/57 61/43/60
f 66/48/65 64/46/63 61/43/60
f 66/48/65 61/43/60 63/45/62
f 70/52/69 66/48/65 63/45/62
f 70/52/69 63/45/62 65/47/64
f 71/53/70 73/55/72 72/54/71
f 74/56/73 71/53/70 72/54/71
f 74/56/73 72/54/71 75/57/74
f 76/58/75 74/56/73 75/57/74
f 76/58/75 75/57/74 73/55/72
f 71/53/70 76/58/75 73/55/72
f 77/59/76 72/54/71 73/55/72
f 78/60/77 77/59/76 73/55/72
f 78/60/77 73/55/72 79/60/78
f 79/60/78 73/55/72 75/57/74
f 77/59/76 79/60/78 75/57/74
f 77/59/76 75/57/74 72/54/71
f 76/58/75 80/61/79 43/25/43
f 74/56/73 76/58/75 43/25/43
f 74/56/73 43/25/43 40/22/40
f 71/53/70 74/56/73 40/22/40
f 71/53/70 40/22/40 80/61/79
f 76/58/75 71/53/70 80/61/79
f 43/25/43 80/61/79 81/62/80
f 42/24/42 43/25/43 81/62/80
f 42/24/42 81/62/80 82/63/81
f 41/23/41 42/24/42 82/63/81
f 41/23/41 82/63/81 81/62/80
f 40/22/40 41/23/41 81/62/80
f 40/22/40 81/62/80 80/61/79
f 57/39/56 53/35/52 51/33/50
f 56/38/55 57/39/56 51/33/50
f 56/38/55 51/33/50 49/31/48
v 1.0577148 7.757889 0.21972653
vt 0.5645752 0.19677734
vn -0.04089393 0.3325225 0.9422083
v 1.0577148 7.570389 0.20117185
vt 0.5588379 0.19677734
vn -0.04998976 -0.48817837 0.871311
v 0.8604492 7.577713 0.18896481
vt 0.5550537 0.14294434
vn -0.14453416 -0.45252377 0.87996143
v 0.6382812 7.775955 -0.11425779
vt 0.46020508 0.08239746
vn -0.6502424 0.38985243 -0.6520735
v 0.7374023 7.810135 -0.14404294
vt 0.45080566 0.109375
vn -0.3271589 0.51637393 -0.791407
v 0.73886716 7.891678 0.044921886
vt 0.51000977 0.10974121
vn -0.38729107 0.8991622 0.2037475
v 0.64072263 7.839432 0.02929688
vt 0.505249 0.08312988
vn -0.6785581 0.72036904 0.14362216
v 0.7383789 7.747635 0.17333983
vt 0.5500488 0.10961914
vn -0.35700563 0.296762 0.88570833
v 0.63974607 7.7295685 0.12744139
vt 0.5358887 0.08276367
vn -0.64779836 0.25636035 0.71738183
v -2.4482422 7.755371 0.29492188
vt 0.5880127 0.57543945
vn 0.04089501 0.39375183 0.91830665
v -2.1513672 7.9243164 0.056640625
vt 0.5136719 0.4946289
vn 0.035462786 0.99387354 0.1046793
v -2.1567383 7.75 0.2841797
vt 0.5847168 0.49609375
vn 0.061710015 0.39284438 0.9175321
v -0.6358398 7.597245 -0.10986328
vt 0.46166992 0.08178711
vn 0.6228929 -0.34846607 -0.70041126
v -0.56943357 7.6783 0.017578125
vt 0.50146484 0.0637207
vn 0.9983383 0.022523044 0.05304207
v -0.6382812 7.775956 -0.11425781
vn 0.6502423 0.38985243 -0.65207356
v -2.7373047 7.8149414 -0.22509766
vt 0.42565918 0.6541748
vn 0.061523546 0.57244974 -0.8176284
v -2.440918 7.5839844 -0.23095703
vt 0.42382812 0.5734863
vn 0.052859627 -0.39681345 -0.916376
v -2.440918 7.8066406 -0.2084961
vt 0.4309082 0.57336426
vn 0.054507814 0.57108074 -0.81908214
v -0.7374023 7.810136 -0.14404297
vn 0.32715884 0.5163738 -0.79140705
v -0.6382812 7.607499 0.12207031
vt 0.5341797 0.08239746
vn 0.6337153 -0.31429398 0.70684105
v -0.6338867 7.497636 0.014160153
vt 0.5004883 0.08117676
vn 0.6501055 -0.7583853 0.04705955
v -0.73447263 7.454667 0.014648434
vt 0.50061035 0.10864258
vn 0.31972376 -0.9470856 0.028383253
v -0.7359375 7.5860147 -0.14160156
vt 0.45166016 0.10900879
vn 0.26765966 -0.4109813 -0.8714658
v 3.5525389 7.4986115 0.3198242
vt 0.5958252 0.93640137
vn -0.074283265 -0.5501356 0.8317649
v 3.1074219 7.517578 0.29296875
vt 0.58740234 0.7548828
vn -0.06097573 -0.5581812 0.8274755
v 3.5520506 7.782791 0.34863278
vt 0.6048584 0.93640137
vn -0.08002241 0.38076252 0.92120373
v 0.56943357 7.678299 0.017578123
vn -0.9983383 0.022523033 0.053042054
v -2.446289 7.4003906 0.0063476562
vt 0.49804688 0.5749512
vn 0.045534134 -0.9942433 -0.096988924
v -2.743164 7.385742 0.0068359375
vt 0.49816895 0.6558838
vn 0.048279166 -0.99500245 -0.08740299
v -2.7456055 7.525879 0.28125
vt 0.5838623 0.6563721
vn 0.040040888 -0.56533337 0.8238901
v -2.737793 7.57959 -0.24902344
vt 0.4182129 0.6542969
vn 0.059633862 -0.40010232 -0.9145283
v -3.0981445 7.824707 -0.24560547
vt 0.41918945 0.7524414
vn 0.08411085 0.5751644 -0.8137022
v -3.100586 7.972168 0.060546875
vt 0.5148926 0.7531738
vn 0.06848185 0.9913388 0.1120612
v -3.5867176 8.015214 0.06494141
vt 0.5163574 0.93444824
vn 0.09210487 0.9874571 0.12823881
v -3.5935535 7.782792 0.3486328
vn 0.073426 0.38074103 0.9217619
v -0.8604492 7.577714 0.18896484
vn 0.14453413 -0.45252368 0.8799615
v -0.7374023 7.5889444 0.1616211
vt 0.5465088 0.109375
vn 0.31410182 -0.41353282 0.8545939
v -0.8609375 7.4224405 0.01367187
vt 0.5003662 0.14294434
vn 0.12573373 -0.9918928 0.018432794
v -0.7383789 7.747636 0.17333984
vn 0.35700557 0.29676208 0.8857084
v -0.63974607 7.7295694 0.1274414
vn 0.64779824 0.25636044 0.71738183
v -3.0986328 7.5751953 -0.2709961
vt 0.41125488 0.7525635
vn 0.082157396 -0.4062091 -0.9100793
v -3.1049805 7.368164 0.0073242188
vt 0.49829102 0.75427246
vn 0.06866797 -0.99455637 -0.078373045
v -3.5935535 7.4986124 0.31982422
vn 0.06805648 -0.5503114 0.8321813
v -3.1074219 7.517578 0.29296875
vn 0.057680253 -0.55843025 0.82754374
v -3.5911121 7.3267374 0.0073242127
vt 0.49829102 0.935791
vn 0.08447423 -0.99470854 -0.058472794
v -3.1069336 7.76709 0.31835938
vt 0.5953369 0.7548828
vn 0.055666223 0.3874662 0.9202017
v 3.5500975 7.3267365 0.0073241973
vn -0.092289396 -0.994003 -0.05865753
v 3.0986328 7.5751953 -0.2709961
vn -0.08710261 -0.40651953 -0.90948063
v 3.1049805 7.368164 0.0073242188
vn -0.07275822 -0.9942606 -0.078434825
v 3.5427732 7.564041 -0.32324216
vt 0.39501953 0.9338379
vn -0.11682584 -0.40565535 -0.90652937
v 3.0981445 7.824707 -0.24560547
vn -0.08917903 0.5752383 -0.8131101
v -2.739746 7.9536133 0.060546875
vt 0.5148926 0.65478516
vn 0.050904278 0.9928165 0.1082784
v -2.442871 7.938965 0.05859375
vt 0.5142822 0.5739746
vn 0.04944129 0.9935868 0.10169035
v -2.7451172 7.760742 0.30517578
vt 0.5913086 0.6563721
vn 0.040711667 0.39063668 0.91964424
v -1.8417969 7.7460938 0.25683594
vt 0.5761719 0.41027832
vn 0.051331576 0.3678051 0.92848504
v -1.8369141 7.923828 0.05908203
vt 0.51452637 0.40905762
vn -0.0006714044 0.9890397 0.14764793
v -1.0577148 7.7578897 0.21972656
vn 0.04089392 0.33252257 0.94220823
v 3.5427732 7.848221 -0.29394528
vt 0.40405273 0.9337158
vn -0.118841365 0.57205 -0.8115637
v 3.5452147 8.015213 0.06494142
vn -0.100467116 0.9866651 0.12805595
v 3.100586 7.972168 0.060546875
vn -0.07263636 0.99102855 0.112189606
v 3.1069336 7.76709 0.31835938
vn -0.058961917 0.3872809 0.92007446
v -0.73886716 7.891679 0.04492188
vn 0.38729098 0.89916223 0.20374745
v -0.8604492 7.761796 0.20703125
vt 0.56066895 0.14294434
vn 0.16046709 0.32313156 0.93265015
v -0.64072263 7.839921 0.029296879
vn 0.6785581 0.7203691 0.14362216
v -1.0567383 7.928788 0.05322266
vt 0.5126953 0.1965332
vn -0.0010376346 0.9816634 0.1906196
v -1.05625 7.826249 -0.17285156
vt 0.4420166 0.19641113
vn 0.007141168 0.5471844 -0.83698165
v -0.8604492 7.833085 -0.16845703
vt 0.44335938 0.14294434
vn 0.12475936 0.5523226 -0.824242
v -0.8604492 7.575761 -0.16796875
vt 0.44348145 0.14294434
vn 0.12671286 -0.41853094 -0.8993196
v 0.8604492 7.930252 0.05175782
vt 0.51208496 0.14282227
vn -0.14081194 0.9699969 0.19818656
v 0.8604492 7.833084 -0.168457
vn -0.12475939 0.55232275 -0.82424194
v 1.05625 7.826248 -0.17285153
vn -0.00714117 0.5471845 -0.83698153
v 1.0567383 7.928787 0.053222664
vn 0.0010376348 0.9816634 0.19061963
v 0.8604492 7.761795 0.20703122
vn -0.16046713 0.3231315 0.9326502
v -0.8604492 7.930253 0.051757816
vn 0.1408119 0.9699969 0.19818653
v -3.5842762 7.564042 -0.3232422
vn 0.10699966 -0.40657437 -0.9073304
v -3.583788 7.848222 -0.2939453
vn 0.10883111 0.57308763 -0.8122354
v -2.1499023 7.7993164 -0.19628906
vt 0.43469238 0.49414062
vn 0.033692796 0.5665516 -0.82333714
v -1.8354492 7.8061523 -0.18603516
vt 0.4378662 0.40856934
vn 0.012695928 0.57180506 -0.8202913
v -1.0567383 7.576249 -0.17822266
vt 0.44030762 0.1965332
vn 0.03302029 -0.41400495 -0.90967554
v -2.4487305 7.532715 0.27197266
vt 0.5809326 0.5755615
vn 0.03876018 -0.5684013 0.82183796
v -2.1567383 7.5390625 0.2626953
vt 0.578125 0.49609375
vn 0.06231792 -0.56769735 0.82087535
v -1.8417969 7.5478516 0.2368164
vt 0.5699463 0.4104004
vn 0.061219238 -0.55744296 0.82795507
v -1.0577148 7.5703897 0.20117188
vn 0.04998975 -0.4881783 0.87131107
v -1.0577148 7.4219522 0.011230464
vt 0.4996338 0.19677734
vn 0.017395562 -0.9998481 0.0010376129
v -2.1547852 7.414551 0.005859375
vt 0.4979248 0.49560547
vn 0.03918509 -0.99452007 -0.09692512
v -2.1499023 7.588379 -0.21777344
vt 0.42797852 0.4942627
vn 0.03296041 -0.39076397 -0.91990066
v -1.840332 7.4189453 0.0043945312
vt 0.49743652 0.4099121
vn 0.017028963 -0.9978728 -0.06292782
v -1.8359375 7.5771484 -0.20898438
vt 0.43066406 0.4086914
vn 0.019837033 -0.40626243 -0.91354114
v 1.8369141 7.923828 0.05908203
vn 0.0006714044 0.9890397 0.14764793
v 1.8354492 7.8061523 -0.18603516
vn -0.012695928 0.57180506 -0.8202913
v 2.4487305 7.532715 0.27197266
vn -0.03876018 -0.5684013 0.82183796
v 2.1567383 7.75 0.2841797
vn -0.061710015 0.39284438 0.9175321
v 2.4482422 7.755371 0.29492188
vn -0.04089501 0.39375183 0.91830665
v 2.1567383 7.5390625 0.2626953
vn -0.06231792 -0.56769735 0.82087535
v 2.1499023 7.7993164 -0.19628906
vn -0.033692796 0.5665516 -0.82333714
v 0.7374023 7.5889435 0.16162108
vn -0.31410187 -0.41353288 0.8545938
v 0.6382812 7.607498 0.1220703
vn -0.63371533 -0.314294 0.706841
v 2.442871 7.938965 0.05859375
vn -0.04944129 0.9935868 0.10169035
v 2.440918 7.8066406 -0.2084961
vn -0.054507814 0.57108074 -0.81908214
v 2.1513672 7.9243164 0.056640625
vn -0.035462786 0.99387354 0.1046793
v 1.8417969 7.7460938 0.25683594
vn -0.051331576 0.3678051 0.92848504
v 1.8417969 7.5478516 0.2368164
vn -0.061219238 -0.55744296 0.82795507
v 2.737793 7.57959 -0.24902344
vn -0.059633862 -0.40010232 -0.9145283
v 2.7373047 7.8149414 -0.22509766
vn -0.061523546 0.57244974 -0.8176284
v 2.739746 7.9536133 0.060546875
vn -0.050904278 0.9928165 0.1082784
v 2.7451172 7.760742 0.30517578
vn -0.040711667 0.39063668 0.91964424
v 2.7456055 7.525879 0.28125
vn -0.040040888 -0.56533337 0.8238901
v 2.743164 7.385742 0.0068359375
vn -0.048279166 -0.99500245 -0.08740299
v 2.446289 7.4003906 0.0063476562
vn -0.045534134 -0.9942433 -0.096988924
v 2.440918 7.5839844 -0.23095703
vn -0.052859627 -0.39681345 -0.916376
v 2.1552734 7.414551 0.005859375
vn -0.03918509 -0.99452007 -0.09692512
v 2.1499023 7.588379 -0.21777344
vn -0.03296041 -0.39076397 -0.91990066
v 1.840332 7.4189453 0.0043945312
vn -0.017028963 -0.9978728 -0.06292782
v 1.8359375 7.5771484 -0.20898438
vn -0.019837033 -0.40626243 -0.91354114
v 1.0577148 7.4219513 0.011230453
vn -0.017395565 -0.9998481 0.0010375704
v 1.0567383 7.576248 -0.17822264
vn -0.033020303 -0.41400486 -0.9096756
v 0.8609375 7.4224396 0.013671858
vn -0.12573376 -0.9918928 0.018432753
v 0.8604492 7.57576 -0.16796874
vn -0.12671289 -0.41853085 -0.8993196
v 0.73447263 7.454666 0.014648423
vn -0.31972384 -0.9470856 0.028383214
v 0.7359375 7.586014 -0.14160155
vn -0.26765975 -0.4109812 -0.87146586
v 0.6338867 7.497635 0.014160144
vn -0.6501056 -0.7583852 0.047059514
v 0.6358398 7.5972443 -0.109863274
vn -0.622893 -0.34846598 -0.7004112
o Joint_0_Object_3
g polygon_0
usemtl Material_872C5853
f 83/64/82 85/66/84 84/65/83
f 86/67/85 88/69/87 87/68/86
f 89/70/88 91/72/90 90/71/89
f 92/73/91 94/75/93 93/74/92
f 95/76/94 97/67/96 96/77/95
f 98/78/97 100/80/99 99/79/98
f 95/76/94 101/68/100 97/67/96
f 102/81/101 104/83/103 103/82/102
f 104/83/103 105/84/104 103/82/102
f 106/85/105 108/87/107 107/86/106
f 89/70/88 109/77/108 91/72/90
f 110/88/109 112/90/111 111/89/110
f 99/79/98 110/88/109 111/89/110
f 99/79/98 111/89/110 113/91/112
f 98/78/97 99/79/98 113/91/112
f 98/78/97 113/91/112 114/92/113
f 115/93/114 98/78/97 114/92/113
f 115/93/114 114/92/113 116/94/115
f 117/87/116 115/93/114 116/94/115
f 118/66/117 120/96/119 119/95/118
f 121/71/120 118/66/117 119/95/118
f 121/71/120 119/95/118 122/72/121
f 123/97/122 114/92/113 113/91/112
f 124/98/123 123/97/122 113/91/112
f 124/98/123 113/91/112 111/89/110
f 125/85/124 127/99/126 126/86/125
f 117/87/116 125/85/124 126/86/125
f 117/87/116 126/86/125 128/100/127
f 115/93/114 117/87/116 128/100/127
f 129/99/128 131/98/130 130/97/129
f 132/101/131 129/99/128 130/97/129
f 132/101/131 130/97/129 133/92/132
f 100/80/99 98/78/97 134/102/133
f 135/103/134 100/80/99 134/102/133
f 135/103/134 134/102/133 136/104/135
f 93/74/92 94/75/93 137/105/136
f 138/106/137 93/74/92 137/105/136
f 138/106/137 137/105/136 139/64/138
f 140/107/139 132/101/131 133/92/132
f 141/94/140 140/107/139 133/92/132
f 141/94/140 133/92/132 142/93/141
f 108/87/107 141/94/140 142/93/141
f 108/87/107 142/93/141 143/100/142
f 107/86/106 108/87/107 143/100/142
f 144/69/143 145/108/144 121/71/120
f 146/70/145 144/69/143 121/71/120
f 146/70/145 121/71/120 122/72/121
f 118/66/117 121/71/120 145/108/144
f 139/64/138 118/66/117 145/108/144
f 139/64/138 145/108/144 147/109/146
f 138/106/137 139/64/138 147/109/146
f 138/106/137 147/109/146 148/110/147
f 149/111/148 101/68/100 105/84/104
f 150/112/149 149/111/148 105/84/104
f 150/112/149 105/84/104 104/83/103
f 105/84/104 101/68/100 95/76/94
f 103/82/102 105/84/104 95/76/94
f 103/82/102 95/76/94 96/77/95
f 102/81/101 103/82/102 96/77/95
f 87/68/86 88/69/87 151/113/150
f 152/111/151 87/68/86 151/113/150
f 152/111/151 151/113/150 153/110/152
f 154/109/153 153/110/152 151/113/150
f 155/108/154 154/109/153 151/113/150
f 155/108/154 151/113/150 88/69/87
f 145/108/144 144/69/143 156/113/155
f 147/109/146 145/108/144 156/113/155
f 147/109/146 156/113/155 148/110/147
f 111/89/110 112/90/111 126/86/125
f 124/98/123 111/89/110 126/86/125
f 124/98/123 126/86/125 127/99/126
f 123/97/122 124/98/123 127/99/126
f 123/97/122 127/99/126 157/101/156
f 114/92/113 123/97/122 157/101/156
f 114/92/113 157/101/156 158/107/157
f 116/94/115 114/92/113 158/107/157
f 126/86/125 112/90/111 136/104/135
f 128/100/127 126/86/125 136/104/135
f 128/100/127 136/104/135 134/102/133
f 115/93/114 128/100/127 134/102/133
f 115/93/114 134/102/133 98/78/97
f 136/104/135 112/90/111 92/73/91
f 135/103/134 136/104/135 92/73/91
f 135/103/134 92/73/91 93/74/92
f 159/114/158 135/103/134 93/74/92
f 159/114/158 93/74/92 138/106/137
f 160/115/159 159/114/158 138/106/137
f 160/115/159 138/106/137 148/110/147
f 161/116/160 160/115/159 148/110/147
f 161/116/160 148/110/147 150/112/149
f 120/96/119 161/116/160 150/112/149
f 120/96/119 150/112/149 104/83/103
f 119/95/118 120/96/119 104/83/103
f 119/95/118 104/83/103 102/81/101
f 122/72/121 119/95/118 102/81/101
f 122/72/121 102/81/101 96/77/95
f 146/70/145 122/72/121 96/77/95
f 146/70/145 96/77/95 97/67/96
f 144/69/143 146/70/145 97/67/96
f 144/69/143 97/67/96 101/68/100
f 156/113/155 144/69/143 101/68/100
f 156/113/155 101/68/100 149/111/148
f 148/110/147 156/113/155 149/111/148
f 148/110/147 149/111/148 150/112/149
f 92/73/91 112/90/111 162/117/161
f 94/75/93 92/73/91 162/117/161
f 94/75/93 162/117/161 163/118/162
f 137/105/136 94/75/93 163/118/162
f 137/105/136 163/118/162 164/119/163
f 139/64/138 137/105/136 164/119/163
f 139/64/138 164/119/163 165/65/164
f 118/66/117 139/64/138 165/65/164
f 118/66/117 165/65/164 166/120/165
f 120/96/119 118/66/117 166/120/165
f 120/96/119 166/120/165 161/116/160
f 167/121/166 110/88/109 99/79/98
f 168/122/167 167/121/166 99/79/98
f 168/122/167 99/79/98 100/80/99
f 159/114/158 168/122/167 100/80/99
f 159/114/158 100/80/99 135/103/134
f 162/117/161 112/90/111 110/88/109
f 163/118/162 162/117/161 110/88/109
f 163/118/162 110/88/109 167/121/166
f 164/119/163 163/118/162 167/121/166
f 164/119/163 167/121/166 169/123/168
f 165/65/164 164/119/163 169/123/168
f 165/65/164 169/123/168 166/120/165
f 166/120/165 169/123/168 170/124/169
f 161/116/160 166/120/165 170/124/169
f 161/116/160 170/124/169 160/115/159
f 169/123/168 167/121/166 168/122/167
f 170/124/169 169/123/168 168/122/167
f 170/124/169 168/122/167 159/114/158
f 160/115/159 170/124/169 159/114/158
f 171/106/170 172/115/171 153/110/152
f 173/117/172 175/73/174 174/75/173
f 173/117/172 174/75/173 176/118/175
f 177/114/176 172/115/171 171/106/170
f 171/106/170 153/110/152 154/109/153
f 83/64/82 171/106/170 154/109/153
f 83/64/82 154/109/153 155/108/154
f 85/66/84 83/64/82 155/108/154
f 85/66/84 155/108/154 90/71/89
f 178/95/177 85/66/84 90/71/89
f 178/95/177 90/71/89 91/72/90
f 179/81/178 178/95/177 91/72/90
f 179/81/178 91/72/90 109/77/108
f 180/103/179 181/80/180 177/114/176
f 182/74/181 180/103/179 177/114/176
f 182/74/181 177/114/176 171/106/170
f 183/105/182 182/74/181 171/106/170
f 183/105/182 171/106/170 83/64/82
f 184/119/183 183/105/182 83/64/82
f 184/119/183 83/64/82 84/65/83
f 175/73/174 180/103/179 182/74/181
f 174/75/173 175/73/174 182/74/181
f 174/75/173 182/74/181 183/105/182
f 176/118/175 174/75/173 183/105/182
f 176/118/175 183/105/182 184/119/183
f 130/97/129 131/98/130 185/91/184
f 133/92/132 130/97/129 185/91/184
f 133/92/132 185/91/184 186/78/185
f 142/93/141 133/92/132 186/78/185
f 142/93/141 186/78/185 187/102/186
f 143/100/142 142/93/141 187/102/186
f 143/100/142 187/102/186 188/104/187
f 107/86/106 143/100/142 188/104/187
f 107/86/106 188/104/187 189/90/188
f 190/89/189 107/86/106 189/90/188
f 190/89/189 189/90/188 191/88/190
f 192/79/191 190/89/189 191/88/190
f 192/79/191 191/88/190 193/121/192
f 194/122/193 192/79/191 193/121/192
f 194/122/193 193/121/192 195/123/194
f 196/124/195 194/122/193 195/123/194
f 196/124/195 195/123/194 197/120/196
f 198/116/197 196/124/195 197/120/196
f 198/116/197 197/120/196 199/96/198
f 200/112/199 198/116/197 199/96/198
f 200/112/199 199/96/198 201/83/200
f 202/84/201 200/112/199 201/83/200
f 202/84/201 201/83/200 203/82/202
f 204/76/203 202/84/201 203/82/202
f 204/76/203 203/82/202 109/77/108
f 86/67/85 204/76/203 109/77/108
f 86/67/85 109/77/108 89/70/88
f 88/69/87 86/67/85 89/70/88
f 88/69/87 89/70/88 90/71/89
f 155/108/154 88/69/87 90/71/89
f 190/89/189 185/91/184 131/98/130
f 107/86/106 190/89/189 131/98/130
f 107/86/106 131/98/130 129/99/128
f 106/85/105 107/86/106 129/99/128
f 185/91/184 190/89/189 192/79/191
f 186/78/185 185/91/184 192/79/191
f 186/78/185 192/79/191 181/80/180
f 187/102/186 186/78/185 181/80/180
f 187/102/186 181/80/180 180/103/179
f 188/104/187 187/102/186 180/103/179
f 188/104/187 180/103/179 175/73/174
f 189/90/188 188/104/187 175/73/174
f 189/90/188 175/73/174 173/117/172
f 191/88/190 189/90/188 173/117/172
f 191/88/190 173/117/172 176/118/175
f 193/121/192 191/88/190 176/118/175
f 193/121/192 176/118/175 184/119/183
f 195/123/194 193/121/192 184/119/183
f 195/123/194 184/119/183 84/65/83
f 197/120/196 195/123/194 84/65/83
f 197/120/196 84/65/83 85/66/84
f 199/96/198 197/120/196 85/66/84
f 199/96/198 85/66/84 178/95/177
f 201/83/200 199/96/198 178/95/177
f 201/83/200 178/95/177 179/81/178
f 203/82/202 201/83/200 179/81/178
f 203/82/202 179/81/178 109/77/108
f 181/80/180 192/79/191 194/122/193
f 177/114/176 181/80/180 194/122/193
f 177/114/176 194/122/193 196/124/195
f 172/115/171 177/114/176 196/124/195
f 172/115/171 196/124/195 198/116/197
f 153/110/152 172/115/171 198/116/197
f 153/110/152 198/116/197 200/112/199
f 152/111/151 153/110/152 200/112/199
f 152/111/151 200/112/199 202/84/201
f 87/68/86 152/111/151 202/84/201
f 87/68/86 202/84/201 204/76/203
f 86/67/85 87/68/86 204/76/203
v 1.815918 9.423496 0.15283203
vt 0.46447754 0.26013184
vn 0.9573842 -0.23511916 0.16773298
v 1.6035156 9.150059 0.61328125
vt 0.54748535 0.18493652
vn 0.81180966 -0.35591444 0.46291462
v 1.7514648 9.512363 0.6166992
vt 0.5390625 0.25646973
vn 0.8844718 -0.25874922 0.3882764
v 1.8500977 10.75211 0.72753906
vt 0.54577637 0.48962402
vn 0.85196483 0.0692168 0.5190039
v 1.4794922 11.446934 0.94384766
vt 0.63049316 0.6357422
vn 0.6826688 0.34829295 0.64238256
v 1.9008789 11.385899 0.25830078
vt 0.501709 0.6352539
vn 0.8901235 0.29853898 0.3443178
v 1.8447266 10.06461 0.6376953
vt 0.5266113 0.3626709
vn 0.90557444 -0.13300397 0.4027963
v 2.090332 10.567051 -0.09667969
vt 0.4091797 0.47937012
vn 0.9777696 -0.14960442 0.14691874
v 2.006836 10.070469 -0.17822266
vt 0.4025879 0.39074707
vn 0.95268774 -0.17035824 -0.25172246
v 1.605957 9.97916 0.94384766
vt 0.5963135 0.33850098
vn 0.7150015 -0.098759815 0.6921122
v 1.0981445 12.155918 0.5126953
vt 0.7246094 0.8084717
vn 0.48531845 0.7832482 0.38857216
v 1.6083984 11.785801 0.37695312
vt 0.5812988 0.7277832
vn 0.70612806 0.5968122 0.38104913
v 1.0522461 11.805332 1.0795898
vt 0.7402344 0.7064209
vn 0.48812404 0.55856234 0.67062885
v 1.7836914 10.1149025 -1.1269531
vt 0.2808838 0.42199707
v 1.0654297 10.192539 -1.9633789
vt 0.1451416 0.45581055
vn 0.5140667 -0.15070418 -0.8444073
v 0.98828125 8.969883 -1.5507812
vt 0.14074707 0.2640381
vn 0.49379724 -0.51033854 -0.7040731
v 1.7150196 13.291446 -0.3466797
vt 0.4958496 0.8475342
vn -0.44271645 0.88573813 0.13953534
v 1.0668945 12.858398 -0.32666016
vt 0.5496826 0.7224121
vn -0.6258199 0.7737754 0.09808764
v 1.2070312 12.714844 -1.0786133
vt 0.50341797 0.7154541
vn -0.5178029 0.70855314 -0.47940868
v 2.7910686 13.295475 -0.18105108
vt 0.30249023 0.9523926
vn 0.9026948 0.26490605 0.33906752
v 2.6855998 13.383854 -0.49403936
vt 0.3343506 0.954834
vn 0.6160616 0.59640723 -0.5145546
v 2.8032756 13.116276 -0.45204717
vt 0.27416992 0.92785645
vn 0.9393267 0.17359446 -0.29585525
v 0.7089844 12.490391 -0.2680664
vt 0.5605469 0.6348877
vn -0.15052277 0.9519069 0.26686355
v 2.8130412 12.91608 -0.17421514
vt 0.24316406 0.9000244
vn 0.89773786 0.03308226 0.43928608
v 0 11.037266 1.699707
vt 0.99316406 0.56152344
vn 0 0.074101016 0.99725074
v 0 11.517246 1.5566406
vt 0.99316406 0.6668701
vn 0 0.4371509 0.8993882
v 0.29638672 11.517246 1.5566406
vt 0.91845703 0.6668701
vn 0.19831122 0.3535299 0.91416043
v 1.6230469 9.216465 -0.9604492
vt 0.2553711 0.28125
vn 0.8183776 -0.38001335 -0.4311009
v 1.605957 8.696934 -0.22314453
vt 0.29748535 0.16271973
vn 0.73518014 -0.6015721 -0.31244394
v 1.8876953 9.559238 -0.21972656
vt 0.39465332 0.28833008
vn 0.96480334 -0.24139921 -0.10431132
v 1.4970703 11.442051 -1.6669922
vt 0.2659912 0.5609131
vn 0.54108363 -0.011352685 -0.8408922
v 1.8652344 10.955235 -1.168457
vt 0.12866211 0.5267334
vn 0.7670289 -0.25294983 -0.5896466
v 2.3652344 11.67334 -1.1191406
vt 0.1430664 0.6783447
vn 0.71469367 -0.23066251 -0.66030884
vt 0.64172363 0.25585938
vn 0.66230994 -0.20013957 0.72200394
vt 0.63720703 0.31628418
vn 0.63609177 -0.08997211 0.7663499
v -1.8447266 10.06461 0.6376953
vn -0.90557444 -0.13300397 0.4027963
v -1.815918 9.423496 0.15283203
vn -0.9573842 -0.23511916 0.16773298
v -2.006836 10.070469 -0.17822266
vn -0.98607075 -0.16480291 -0.022462025
v 0 9.96207 1.6796875
vt 0.99316406 0.3251953
vn 0 -0.09821036 0.9951657
vt 0.9333496 0.31384277
vn 0.5255233 -0.062684365 0.8484668
vt 0.92614746 0.24401855
vn 0.5760001 -0.03973467 0.8164833
vt 0.9086914 0.20166016
vn 0.63013554 -0.028808987 0.77595055
v 0.18359375 9.483067 1.5493164
vt 0.9468994 0.21984863
vn 0.49172732 -0.07947232 0.867115
v -2.7877736 12.075137 -0.15820312
vt 0.12548828 0.77697754
vn -0.88548964 -0.12299315 0.4480857
v -2.8102345 12.149844 -0.4248047
vt 0.13232422 0.789917
vn -0.97892135 -0.13690738 -0.1515564
v -2.8133292 12.916079 -0.17421615
vt 0.24328613 0.9000244
vn -0.89773786 0.03308226 0.43928608
v -1.9694141 12.916446 -1.1811523
vt 0.3955078 0.8182373
vn -0.17622054 0.5173083 -0.83745956
v -1.4980469 12.402344 -1.5180664
vt 0.40563965 0.69873047
vn -0.038026046 0.4539321 -0.8902245
v -1.2070312 12.714844 -1.0786133
vt 0.50354004 0.71533203
vn 0.5178476 0.7085307 -0.47939354
v -1.7838672 13.164981 -0.9086914
vt 0.4650879 0.8359375
vn 0.2954289 0.81499314 -0.49850577
v -2.3890128 13.549379 -0.2484349
vt 0.41210938 0.94970703
vn 0.13006951 0.9804958 0.14734294
v -2.3621573 13.430239 -0.6078099
vt 0.39953613 0.9300537
vn -0.05566816 0.8432017 -0.5347073
v -1.7150196 13.291446 -0.3466797
vt 0.49597168 0.8474121
vn 0.44271645 0.88573813 0.13953534
v -1.9013672 12.041992 -1.4165039
vt 0.28051758 0.6861572
vn -0.47132498 0.05255255 -0.88039255
v -1.4970703 11.442051 -1.6669922
vn -0.54108363 -0.011352685 -0.8408922
v -0.9897461 11.875645 -1.7661133
vt 0.42053223 0.57385254
vn -0.15357442 0.4927688 -0.8565009
v 0 12.445469 -1.1992188
vt 0.012451172 0.8659668
vn 0 0.92983013 -0.3679891
v -0.86035156 12.349766 -1.0786133
vt 0.1340332 0.88049316
vn 0.3164188 0.8483002 -0.4245774
vt 0.16149902 0.7277832
v 0 9.492832 -2.1235352
vt 0.012451172 0.33618164
vn 0 -0.3261167 -0.9453295
v -0.98779297 8.969883 -1.5507812
vn -0.49379724 -0.51033854 -0.7040731
v 0 8.862461 -1.7807617
vt 0.012451172 0.22314453
vn 0 -0.613556 -0.7896512
v -1.8876953 9.559238 -0.21972656
vn -0.96480334 -0.24139921 -0.10431132
v -0.44140625 12.020176 1.1801758
vt 0.89782715 0.75024414
vn -0.20325595 0.70492584 0.6795341
v -0.57373047 12.335606 0.6274414
vt 0.86657715 0.836792
vn -0.21582638 0.8999887 0.3787338
v 0 12.374668 0.6616211
vt 0.99316406 0.8510742
vn 0 0.9325774 0.36097014
v -1.3574219 9.144199 0.8989258
vt 0.6512451 0.14538574
vn -0.6650064 -0.3289325 0.6704998
v -1.2807617 9.401035 1.0786133
vt 0.6706543 0.20166016
vn -0.61659014 -0.31445977 0.721756
vt 0.71899414 0.15673828
vn -0.59087074 -0.33614928 0.7333999
v -0.18359375 9.483067 1.5493164
vn -0.49172732 -0.07947232 0.867115
vn -0.63013554 -0.028808987 0.77595055
vn -0.5760001 -0.03973467 0.8164833
v 0.8881836 8.394199 -0.9423828
vt 0.14465332 0.15820312
vn 0.42043138 -0.793314 -0.44032985
vt 0.9145508 0.5402832
vn 0.38411668 0.024232373 0.92296654
vt 0.9334717 0.42590332
vn 0.46394244 -0.043580435 0.88479275
v 0 10.449375 1.7280273
vt 0.99316406 0.43225098
vn 0 -0.043275647 0.99906313
v 0 8.026524 -0.15625
vt 0.012451172 0.020629883
vn 0 -0.9778006 -0.20953743
v 0.7260742 8.106602 -0.00390625
vt 0.14746094 0.020141602
vn 0.21607427 -0.94669825 -0.23890245
v 0 8.225254 -1.0864258
vt 0.012451172 0.10876465
vn 0 -0.8796624 -0.47559875
vn -0.5255233 -0.062684365 0.8484668
vn -0.46394244 -0.043580435 0.88479275
v 2.6054688 11.274902 -0.38134766
vt 0.041748047 0.64453125
vn 0.88659155 -0.4325224 -0.16395077
v 2.8102345 12.149844 -0.4248047
vt 0.13220215 0.789917
vn 0.97892135 -0.13690738 -0.1515564
vt 0.03161621 0.49291992
v 2.678887 12.413516 -0.8930664
vt 0.19433594 0.8150635
vn 0.78383213 0.049805872 -0.61897224
v 1.9013672 12.041992 -1.4165039
vt 0.2803955 0.6862793
vn 0.47132498 0.05255255 -0.88039255
v 0.9897461 11.875645 -1.7661133
vt 0.42053223 0.5739746
vn 0.15357442 0.4927688 -0.8565009
v 1.9694141 12.916446 -1.1811523
vt 0.39538574 0.8183594
vn 0.17622054 0.5173083 -0.83745956
v 1.4980469 12.402344 -1.5180664
vt 0.40551758 0.69885254
vn 0.038026046 0.4539321 -0.8902245
v 0.86083984 12.349766 -1.0786133
vt 0.5128174 0.62939453
vn -0.3164188 0.8483002 -0.4245774
v 1.7838672 13.164981 -0.9086914
vt 0.46496582 0.8359375
vn -0.2954289 0.81499314 -0.49850577
v 2.0419922 11.067051 -0.14648438
vt 0.40405273 0.592041
vn 0.96354717 0.12921762 0.23426415
v 1.9545898 11.58707 -0.140625
vt 0.42919922 0.7159424
vn 0.8626776 0.42651698 0.27179167
v -2.3652344 11.67334 -1.1191406
vt 0.14318848 0.6783447
vn -0.71469367 -0.23066251 -0.66030884
v -2.6783986 12.413516 -0.8930664
vt 0.19445801 0.8149414
vn -0.78383213 0.049805872 -0.61897224
v -2.8030753 13.116274 -0.45204818
vt 0.274292 0.92785645
vn -0.9393267 0.17359446 -0.29585525
v -2.7908683 13.295473 -0.18105209
vt 0.3026123 0.9523926
vn -0.9026948 0.26490605 0.33906752
v -1.8652344 10.955235 -1.168457
vt 0.12878418 0.5267334
vn -0.8195586 -0.2111308 -0.5326795
v -2.6054688 11.274902 -0.38134766
vt 0.041870117 0.6444092
vn -0.88659155 -0.4325224 -0.16395077
v -2.0898438 10.567051 -0.09667969
vt 0.03173828 0.49291992
vn -0.97084045 -0.14959952 0.18731984
v -2.5229492 11.237793 -0.10205078
vt 0.0513916 0.6311035
vn -0.7704959 -0.36269403 0.52420336
v -1.5463867 9.506504 0.8886719
vt 0.6138916 0.23266602
vn -0.7154734 -0.2533638 0.6510796
v -1.6035156 9.150059 0.61328125
vn -0.81180966 -0.35591444 0.46291462
v -1.7514648 9.512363 0.6166992
vn -0.8844718 -0.25874922 0.3882764
v 0 12.549473 -0.2602539
vt 0.012451172 0.97631836
vn 0 0.9995902 0.028625987
vt 0.114990234 0.9770508
v -0.7089844 12.490391 -0.2680664
vn 0.15051402 0.95191264 0.26684803
v -1.605957 9.97916 0.94384766
vn -0.7150015 -0.098759815 0.6921122
vn -0.66230994 -0.20013957 0.72200394
v -2.6853995 13.383852 -0.49404037
vt 0.33447266 0.954834
vn -0.6160616 0.59640723 -0.5145546
v -2.6976066 13.542055 -0.19423568
vt 0.35534668 0.97875977
vn -0.5574652 0.81401026 0.16315608
vt 0.2890625 0.541626
vt 0.84033203 0.6086426
vn 0.34137517 0.058167446 0.93812555
v 0.6196289 11.477695 1.4482422
vt 0.83703613 0.6583252
vn 0.35523897 0.28223798 0.8911493
vt 0.8894043 0.5908203
vn 0.33644614 0.05456873 0.94012034
v 1.2348633 11.034824 1.2011719
vt 0.6821289 0.5609131
vn 0.5254225 0.09882192 0.84508306
vt 0.7196045 0.5205078
vn 0.43970227 0.010559202 0.89808154
vt 0.7897949 0.5909424
vn 0.38037494 0.022033913 0.92456985
v 1.4951172 10.548496 1.0615234
vt 0.61657715 0.4539795
vn 0.6021465 0.024171315 0.79801965
vt 0.6647949 0.4281006
vn 0.52816623 -0.0076298136 0.8491067
v 0.92529297 11.356602 1.3417969
vt 0.76013184 0.6315918
vn 0.44704738 0.18207842 0.87578315
v 1.5463867 9.506504 0.8886719
vn 0.7154734 -0.2533638 0.6510796
v 1.3574219 9.144199 0.8989258
vn 0.6650064 -0.3289325 0.6704998
vn 0.61659014 -0.31445977 0.721756
vn 0.59087074 -0.33614928 0.7333999
v -1.078125 11.145176 -1.9985352
vt 0.16052246 0.5979004
vn -0.4414801 0.107791215 -0.89077294
v 0 11.198399 -2.224121
vt 0.012451172 0.6422119
vn 0 0.18842177 -0.9820882
vt 0.21765137 0.62841797
v -1.5698242 12.066074 -0.21386719
vt 0.53222656 0.88964844
vn -0.6388858 0.72110415 0.2680183
v -1.6083984 11.785801 0.37695312
vn -0.7060974 0.5968379 0.38106555
v -1.9541016 11.58707 -0.140625
vn -0.8626776 0.42651698 0.27179167
v -1.0976562 12.155918 0.5126953
vn -0.48531845 0.7832482 0.38857216
v -1.0522461 11.805332 1.0795898
vn -0.48812404 0.55856234 0.67062885
v 2.5229492 11.237793 -0.10205078
vt 0.05126953 0.6311035
vn 0.7704959 -0.36269403 0.52420336
v 2.7877736 12.075137 -0.15820312
vt 0.12536621 0.7770996
vn 0.88548964 -0.12299315 0.4480857
v -1.0668945 12.858398 -0.32666016
vt 0.5498047 0.7224121
vn 0.6258199 0.7737754 0.09808764
vt 0.56066895 0.6347656
v 0 11.968418 -1.8720703
vt 0.012451172 0.78027344
vn 0 0.6272226 -0.77884007
vt 0.99316406 0.9746094
v 0.57421875 12.335606 0.6274414
vn 0.21582638 0.8999887 0.3787338
vt 0.82177734 0.97302246
v -1.0366211 12.397617 -0.13769531
vt 0.73291016 0.9532471
vn -0.14203742 0.54245234 0.8279921
vn -0.38411668 0.024232373 0.92296654
vn -0.33644614 0.05456873 0.94012034
v -0.29589844 11.517246 1.5566406
vn -0.19831122 0.3535299 0.91416043
v 0 12.035313 1.2041016
vt 0.99316406 0.7593994
vn 0 0.72956574 0.68391067
v 0.44189453 12.020176 1.1801758
vn 0.20325595 0.70492584 0.6795341
v -0.6064453 11.25211 1.4677734
vn -0.34137517 0.058167446 0.93812555
v -0.6191406 11.477695 1.4482422
vn -0.35523897 0.28223798 0.8911493
v -0.92529297 11.356602 1.3417969
vn -0.44704738 0.18207842 0.87578315
v -1.4794922 11.446934 0.94384766
vn -0.6826688 0.34829295 0.64238256
v -1.9008789 11.385899 0.25830078
vn -0.8901235 0.29853898 0.3443178
v -2.0419922 11.067051 -0.14648438
vn -0.96354717 0.12921762 0.23426415
v -1.2348633 11.034824 1.2011719
vn -0.5254225 0.09882192 0.84508306
v -1.8500977 10.75211 0.72753906
vn -0.85196483 0.0692168 0.5190039
v -1.4951172 10.548496 1.0615234
vn -0.6021465 0.024171315 0.79801965
v -1.7836914 10.1149025 -1.1269531
v -1.6230469 9.216465 -0.9604492
vn -0.8183776 -0.38001335 -0.4311009
v -1.605957 8.696934 -0.22314453
vn -0.73518014 -0.6015721 -0.31244394
v -0.8881836 8.394199 -0.9423828
vn -0.42043138 -0.793314 -0.44032985
v -1.184082 8.124668 0.3720703
vt 0.25427246 0.017700195
vn -0.45180142 -0.84848577 -0.27558544
v -0.7260742 8.106602 -0.00390625
vn -0.21607427 -0.94669825 -0.23890245
v -1.0654297 10.192539 -1.9633789
vn -0.5140667 -0.15070418 -0.8444073
v 0 10.284336 -2.2543945
vt 0.012451172 0.47827148
vn 0 -0.078675345 -0.99690026
v 1.078125 11.145176 -1.9985352
vn 0.4414801 0.107791215 -0.89077294
vn -0.38037494 0.022033913 0.92456985
vn -0.43970227 0.010559202 0.89808154
vn -0.52816623 -0.0076298136 0.8491067
vn -0.63609177 -0.08997211 0.7663499
v 1.5698242 12.066074 -0.21386719
vn 0.6388858 0.72110415 0.2680183
v 1.0366211 12.397617 -0.13769531
vn 0.37123892 0.8972116 0.23915063
v 2.3618693 13.430241 -0.6078089
vn 0.05566816 0.8432017 -0.5347073
v 2.3887248 13.549381 -0.24843389
vt 0.4119873 0.9498291
vn -0.13006951 0.9804958 0.14734294
v 2.6978068 13.542057 -0.19423467
vt 0.3552246 0.97875977
vn 0.5574652 0.81401026 0.16315608
v 0 9.527988 1.597168
vt 0.99316406 0.22973633
vn 0 -0.18695225 0.98236907
v 1.184082 8.124668 0.3720703
vn 0.45180142 -0.84848577 -0.27558544
o Joint_0_Object_4
g polygon_0
usemtl Material_A01F83AA
f 205/125/204 207/127/206 206/126/205
f 208/128/207 210/130/209 209/129/208
f 211/131/210 213/133/212 212/132/211
f 211/131/210 208/128/207 214/134/213
f 215/135/214 217/137/216 216/136/215
f 218/138/212 220/140/218 219/139/217
f 221/141/219 223/143/221 222/142/220
f 224/144/222 226/146/224 225/145/223
f 222/142/220 223/143/221 227/147/225
f 224/144/222 228/148/226 226/146/224
f 229/149/227 231/151/229 230/150/228
f 232/152/230 234/154/232 233/153/231
f 235/155/233 237/157/235 236/156/234
f 214/134/213 29/159/237 30/158/236
f 238/131/238 240/133/240 239/125/239
f 241/160/241 21/162/243 25/161/242
f 21/162/243 242/164/245 20/163/244
f 243/165/246 245/167/248 244/166/247
f 246/168/249 248/170/251 247/169/250
f 248/170/251 246/168/249 249/171/252
f 250/172/253 252/174/255 251/173/254
f 253/175/256 255/176/258 254/155/257
f 256/177/259 255/179/258 257/178/260
f 258/180/261 260/181/263 259/140/262
f 239/125/239 240/133/240 261/154/264
f 262/182/265 264/184/267 263/183/266
f 265/185/268 14/187/270 266/186/269
f 267/164/271 17/162/273 18/163/272
f 268/188/274 232/152/230 233/153/231
f 28/189/275 269/191/277 27/190/276
f 270/192/278 272/194/280 271/193/279
f 17/162/273 267/164/271 241/160/241
f 10/161/281 17/162/273 241/160/241
f 10/161/281 241/160/241 11/190/282
f 237/157/235 274/196/284 273/195/283
f 236/156/234 237/157/235 273/195/283
f 236/156/234 273/195/283 212/197/211
f 275/198/285 274/196/284 237/157/235
f 276/199/286 275/198/285 237/157/235
f 276/199/286 237/157/235 235/155/233
f 277/200/287 276/199/286 235/155/233
f 278/201/288 275/198/285 276/199/286
f 279/202/289 278/201/288 276/199/286
f 279/202/289 276/199/286 277/200/287
f 223/143/221 279/202/289 277/200/287
f 223/143/221 277/200/287 280/203/290
f 227/147/225 223/143/221 280/203/290
f 278/201/288 279/202/289 223/143/221
f 281/204/291 278/201/288 223/143/221
f 281/204/291 223/143/221 221/141/219
f 208/128/207 211/131/210 212/132/211
f 210/130/209 208/128/207 212/132/211
f 210/130/209 212/132/211 282/205/292
f 283/206/293 210/130/209 282/205/292
f 253/175/256 254/155/257 284/207/294
f 285/208/295 253/175/256 284/207/294
f 285/208/295 284/207/294 244/166/247
f 286/209/296 285/208/295 244/166/247
f 286/209/296 244/166/247 245/167/248
f 287/210/297 286/209/296 245/167/248
f 284/207/294 254/155/257 288/211/298
f 289/212/299 284/207/294 288/211/298
f 289/212/299 288/211/298 290/213/300
f 291/214/301 289/212/299 290/213/300
f 244/166/247 284/207/294 289/212/299
f 243/165/246 244/166/247 289/212/299
f 243/165/246 289/212/299 291/214/301
f 265/185/268 266/186/269 292/215/302
f 293/126/303 265/185/268 292/215/302
f 293/126/303 292/215/302 294/127/304
f 295/216/305 227/217/225 256/177/259
f 296/217/306 295/216/305 256/177/259
f 296/217/306 256/177/259 257/178/260
f 297/134/307 294/127/304 292/215/302
f 8/158/308 297/134/307 292/215/302
f 8/158/308 292/215/302 266/186/269
f 250/172/253 251/173/254 298/218/309
f 299/219/310 250/172/253 298/218/309
f 299/219/310 298/218/309 287/210/297
f 212/132/211 213/133/212 218/138/212
f 236/220/234 212/132/211 218/138/212
f 236/220/234 218/138/212 219/139/217
f 23/221/311 300/222/312 231/151/229
f 22/223/313 23/221/311 231/151/229
f 22/223/313 231/151/229 229/149/227
f 301/224/314 34/226/316 35/225/315
f 302/227/317 301/224/314 35/225/315
f 302/227/317 35/225/315 36/228/318
f 34/226/316 301/224/314 303/229/319
f 23/221/311 34/226/316 303/229/319
f 23/221/311 303/229/319 300/222/312
f 206/126/205 207/127/206 304/215/320
f 305/185/321 206/126/205 304/215/320
f 305/185/321 304/215/320 31/186/322
f 32/187/323 305/185/321 31/186/322
f 255/179/258 307/231/325 306/230/324
f 254/232/257 255/179/258 306/230/324
f 254/232/257 306/230/324 288/220/298
f 308/233/326 310/206/328 309/136/327
f 311/135/329 308/233/326 309/136/327
f 311/135/329 309/136/327 312/137/330
f 313/234/331 212/197/211 273/195/283
f 314/235/332 313/234/331 273/195/283
f 314/235/332 273/195/283 274/196/284
f 246/168/249 298/218/309 251/173/254
f 249/171/252 246/168/249 251/173/254
f 249/171/252 251/173/254 252/174/255
f 248/170/251 249/171/252 252/174/255
f 248/170/251 252/174/255 315/236/333
f 296/237/306 248/170/251 315/236/333
f 277/179/287 316/238/334 256/177/259
f 280/178/290 277/179/287 256/177/259
f 280/178/290 256/177/259 227/217/225
f 286/209/296 287/210/297 298/218/309
f 285/208/295 286/209/296 298/218/309
f 285/208/295 298/218/309 246/168/249
f 253/175/256 285/208/295 246/168/249
f 253/175/256 246/168/249 247/169/250
f 255/176/258 253/175/256 247/169/250
f 255/176/258 247/169/250 248/170/251
f 257/203/260 255/176/258 248/170/251
f 257/203/260 248/170/251 296/237/306
f 264/184/267 317/183/335 295/239/305
f 263/183/266 264/184/267 295/239/305
f 263/183/266 295/239/305 296/240/306
f 318/241/336 263/183/266 296/240/306
f 255/179/258 256/177/259 316/238/334
f 307/231/325 255/179/258 316/238/334
f 307/231/325 316/238/334 277/179/287
f 269/191/277 11/190/282 241/160/241
f 27/190/276 269/191/277 241/160/241
f 27/190/276 241/160/241 25/161/242
f 12/189/337 11/190/282 269/191/277
f 229/149/227 12/189/337 269/191/277
f 229/149/227 269/191/277 28/189/275
f 22/223/313 229/149/227 28/189/275
f 6/223/338 12/189/337 229/149/227
f 319/151/339 6/223/338 229/149/227
f 319/151/339 229/149/227 230/150/228
f 320/242/340 319/151/339 230/150/228
f 320/242/340 230/150/228 231/151/229
f 321/182/341 320/242/340 231/151/229
f 321/182/341 231/151/229 300/222/312
f 217/137/216 321/182/341 300/222/312
f 217/137/216 300/222/312 303/229/319
f 209/129/208 217/137/216 303/229/319
f 209/129/208 303/229/319 301/224/314
f 208/128/207 209/129/208 301/224/314
f 208/128/207 301/224/314 302/227/317
f 214/134/213 208/128/207 302/227/317
f 214/134/213 302/227/317 36/228/318
f 29/159/237 214/134/213 36/228/318
f 322/221/342 6/223/338 319/151/339
f 323/222/343 322/221/342 319/151/339
f 323/222/343 319/151/339 262/182/265
f 312/137/330 323/222/343 262/182/265
f 312/137/330 262/182/265 263/183/266
f 311/135/329 312/137/330 263/183/266
f 311/135/329 263/183/266 318/241/336
f 308/233/326 311/135/329 318/241/336
f 324/229/344 323/222/343 312/137/330
f 325/129/345 324/229/344 312/137/330
f 325/129/345 312/137/330 309/136/327
f 326/130/346 325/129/345 309/136/327
f 326/130/346 309/136/327 310/206/328
f 327/205/347 326/130/346 310/206/328
f 328/224/348 324/229/344 325/129/345
f 329/128/349 328/224/348 325/129/345
f 329/128/349 325/129/345 326/130/346
f 290/132/300 329/128/349 326/130/346
f 290/132/300 326/130/346 327/205/347
f 330/227/350 328/224/348 329/128/349
f 297/134/307 330/227/350 329/128/349
f 297/134/307 329/128/349 238/131/238
f 294/127/304 297/134/307 238/131/238
f 294/127/304 238/131/238 239/125/239
f 293/126/303 294/127/304 239/125/239
f 238/131/238 329/128/349 290/132/300
f 240/133/240 238/131/238 290/132/300
f 240/133/240 290/132/300 331/138/298
f 261/154/264 240/133/240 331/138/298
f 261/154/264 331/138/298 332/152/351
f 333/153/352 261/154/264 332/152/351
f 333/153/352 332/152/351 334/188/353
f 335/243/354 333/153/352 334/188/353
f 335/243/354 334/188/353 336/193/355
f 331/138/298 290/132/300 288/220/298
f 337/139/356 331/138/298 288/220/298
f 337/139/356 288/220/298 306/230/324
f 338/244/357 337/139/356 306/230/324
f 338/244/357 306/230/324 307/231/325
f 339/230/358 338/244/357 307/231/325
f 339/230/358 307/231/325 277/179/287
f 235/232/233 339/230/358 277/179/287
f 322/221/342 323/222/343 324/229/344
f 13/226/359 322/221/342 324/229/344
f 13/226/359 324/229/344 328/224/348
f 2/225/360 13/226/359 328/224/348
f 2/225/360 328/224/348 330/227/350
f 1/228/361 2/225/360 330/227/350
f 1/228/361 330/227/350 297/134/307
f 9/159/362 1/228/361 297/134/307
f 9/159/362 297/134/307 8/158/308
f 332/152/351 331/138/298 259/140/262
f 334/188/353 332/152/351 259/140/262
f 334/188/353 259/140/262 272/194/280
f 336/193/355 334/188/353 272/194/280
f 336/193/355 272/194/280 270/192/278
f 217/137/216 215/135/214 317/183/335
f 321/182/341 217/137/216 317/183/335
f 321/182/341 317/183/335 264/184/267
f 320/242/340 321/182/341 264/184/267
f 320/242/340 264/184/267 262/182/265
f 319/151/339 320/242/340 262/182/265
f 259/140/262 331/138/298 337/139/356
f 258/180/261 259/140/262 337/139/356
f 258/180/261 337/139/356 338/244/357
f 219/139/217 258/180/261 338/244/357
f 219/139/217 338/244/357 339/230/358
f 236/220/234 219/139/217 339/230/358
f 236/220/234 339/230/358 235/232/233
f 216/136/215 283/206/293 340/233/363
f 215/135/214 216/136/215 340/233/363
f 215/135/214 340/233/363 341/241/364
f 317/183/335 215/135/214 341/241/364
f 317/183/335 341/241/364 227/240/225
f 295/239/305 317/183/335 227/240/225
f 210/130/209 283/206/293 216/136/215
f 209/129/208 210/130/209 216/136/215
f 209/129/208 216/136/215 217/137/216
f 342/173/365 221/141/219 343/245/366
f 225/145/223 342/173/365 343/245/366
f 225/145/223 343/245/366 344/246/367
f 224/144/222 225/145/223 344/246/367
f 242/164/245 21/162/243 241/160/241
f 345/247/368 242/164/245 241/160/241
f 345/247/368 241/160/241 267/164/271
f 281/204/291 221/141/219 342/173/365
f 278/201/288 281/204/291 342/173/365
f 278/201/288 342/173/365 225/145/223
f 275/198/285 278/201/288 225/145/223
f 275/198/285 225/145/223 226/146/224
f 274/196/284 275/198/285 226/146/224
f 274/196/284 226/146/224 228/148/226
f 314/235/332 274/196/284 228/148/226
f 271/193/279 272/194/280 268/188/274
f 346/243/369 271/193/279 268/188/274
f 346/243/369 268/188/274 233/153/231
f 268/188/274 272/194/280 220/140/218
f 232/152/230 268/188/274 220/140/218
f 232/152/230 220/140/218 218/138/212
f 234/154/232 232/152/230 218/138/212
f 234/154/232 218/138/212 213/133/212
f 205/125/204 234/154/232 213/133/212
f 205/125/204 213/133/212 211/131/210
f 207/127/206 205/125/204 211/131/210
f 207/127/206 211/131/210 214/134/213
f 304/215/320 207/127/206 214/134/213
f 304/215/320 214/134/213 30/158/236
f 31/186/322 304/215/320 30/158/236
f 272/194/280 259/140/262 260/181/263
f 220/140/218 272/194/280 260/181/263
f 220/140/218 260/181/263 258/180/261
f 219/139/217 220/140/218 258/180/261
v -2.3930664 11.48877 -0.12890625
vt 0.16589355 0.37158203
vn 0.072146185 0.10779201 0.99155223
vt 0.33581543 0.25390625
vn -0.04907555 0.18403332 0.9816941
vt 0.19055176 0.15441895
vn 0.029664017 -0.016663121 0.99942106
vt 0.6253662 0.8763428
v -2.5848136 13.338442 -0.23085678
vt 0.5123291 0.8880615
vn 0.20490745 -0.03845448 0.9780257
vt 0.5194092 0.97473145
v -2.6629386 13.069399 -0.21816146
vt 0.42590332 0.84716797
vn 0.23242393 0.004577677 0.9726038
v -2.2490234 12.037109 -0.29736328
vt 0.3363037 0.4597168
vn 0.1323284 0.17645821 0.9753726
v -2.637383 12.206485 -0.17089844
vt 0.24291992 0.62683105
vn 0.19452795 0.066775516 0.9786215
v -1.8642578 12.516113 -0.37060547
vt 0.57250977 0.45324707
vn -0.061768666 0.0534067 0.9966606
v 2.5845256 13.338444 -0.23085576
vn -0.20490745 -0.03845448 0.9780257
v -2.3523917 13.343813 -0.2718724
vt 0.592041 0.8140869
vn 0.13696927 -0.050173234 0.9893039
v -1.8449024 13.150332 -0.296875
vt 0.7199707 0.6027832
vn 0.047609393 0.075442575 0.9960129
v -1.3208008 12.769531 -0.24853516
vt 0.81225586 0.33984375
vn -0.013977581 0.22358026 0.9745853
vt 0.9178467 0.27941895
vt 0.8256836 0.15637207
vt 0.95666504 0.07336426
vt 0.06628418 0.35168457
vt 0.16296387 0.64331055
vn 0.118901245 0.07788398 0.98984677
vt 0.06323242 0.04699707
vn -0.89616257 -0.14960457 0.4177453
vt 0.34106445 0.85791016
vt 0.4329834 0.9440918
vt 0.5720215 0.24731445
vn -0.18683228 0.19885644 0.962055
v 1.8647461 12.516113 -0.37060547
vn 0.061768666 0.0534067 0.9966606
v 1.3212891 12.769531 -0.24853516
vn 0.013977581 0.22358026 0.9745853
v 1.8453907 13.150332 -0.296875
vn -0.047609393 0.075442575 0.9960129
vn 0.18683228 0.19885644 0.962055
vn 0.21577224 0.12427504 0.968503
vn -0.2148585 0.38265568 0.8985602
v 2.2490234 12.037109 -0.29736328
vn -0.1323284 0.17645821 0.9753726
v 2.6631389 13.069401 -0.21816045
vn -0.23242393 0.004577677 0.9726038
vn 0.04907555 0.18403332 0.9816941
v 2.637383 12.206485 -0.17089844
vn -0.19452795 0.066775516 0.9786215
v 2.3930664 11.48877 -0.12890625
vn -0.072146185 0.10779201 0.99155223
vn -0.029664017 -0.016663121 0.99942106
vn -0.118901245 0.07788398 0.98984677
vn 0.89616257 -0.14960457 0.4177453
v 2.3521037 13.343815 -0.2718714
vn -0.13696927 -0.050173234 0.9893039
vt 0.7952881 0.595459
o Joint_0_Object_5
g polygon_0
usemtl Material_A5ADC989
f 347/248/370 327/250/372 310/249/371
f 250/251/253 299/253/310 348/252/373
f 349/254/374 351/256/376 350/255/375
f 349/254/374 350/255/375 352/257/377
f 344/253/367 343/251/366 353/252/378
f 348/252/373 299/253/310 349/254/374
f 354/258/379 348/252/373 349/254/374
f 354/258/379 349/254/374 352/257/377
f 355/259/380 354/258/379 352/257/377
f 355/259/380 352/257/377 356/260/381
f 315/261/333 355/259/380 356/260/381
f 315/261/333 356/260/381 318/262/336
f 296/263/306 315/261/333 318/262/336
f 347/248/370 243/265/246 291/264/301
f 327/250/382 347/248/370 291/264/301
f 327/250/382 291/264/301 290/266/383
f 245/267/248 351/256/376 349/254/374
f 287/268/297 245/267/248 349/254/374
f 287/268/297 349/254/374 299/253/310
f 352/257/377 310/249/371 308/269/384
f 356/260/381 352/257/377 308/269/384
f 356/260/381 308/269/384 318/262/336
f 310/249/371 352/257/377 350/255/375
f 347/248/370 310/249/371 350/255/375
f 347/248/370 350/255/375 351/256/376
f 243/265/246 347/248/370 351/256/376
f 243/265/246 351/256/376 245/267/248
f 357/257/385 359/259/387 358/260/386
f 340/269/388 357/257/385 358/260/386
f 340/269/388 358/260/386 341/262/389
f 358/260/386 359/259/387 222/261/220
f 341/262/390 358/260/386 222/261/220
f 341/262/390 222/261/220 227/263/225
f 360/255/391 361/254/392 357/257/385
f 283/249/393 360/255/391 357/257/385
f 283/249/393 357/257/385 340/269/388
f 362/256/394 361/254/392 360/255/391
f 363/248/395 362/256/394 360/255/391
f 363/248/395 360/255/391 283/249/393
f 282/250/396 363/248/395 283/249/393
f 224/268/222 344/253/367 361/254/392
f 228/267/226 224/268/222 361/254/392
f 228/267/226 361/254/392 362/256/394
f 314/265/332 228/267/226 362/256/394
f 314/265/332 362/256/394 363/248/395
f 313/264/331 314/265/332 363/248/395
f 313/264/331 363/248/395 282/250/397
f 212/266/398 313/264/331 282/250/397
f 361/254/392 344/253/367 353/252/378
f 364/258/399 361/254/392 353/252/378
f 364/258/399 353/252/378 343/251/366
f 221/270/219 364/258/399 343/251/366
f 250/251/253 348/252/373 354/258/379
f 252/270/255 250/251/253 354/258/379
f 252/270/255 354/258/379 355/259/380
f 315/261/333 252/270/255 355/259/380
f 357/257/385 361/254/392 364/258/399
f 359/259/387 357/257/385 364/258/399
f 359/259/387 364/258/399 221/270/219
f 222/261/220 359/259/387 221/270/219
v -3.160586 5.637498 -10.133676
vt 0.18322754 0.8673096
vn 0.07825011 -0.26710021 -0.96048653
v -2.8798244 5.387498 -10.069711
vt 0.1484375 0.8269043
vn 0.26917288 -0.6892291 -0.67268807
v -3.1366603 5.7986307 -10.546273
vt 0.1508789 0.91833496
vn -0.96607363 -0.2128316 -0.14630266
v -1.5556641 5.665332 -2.1361523
vt 0.48217773 0.1496582
vn -0.7661407 -0.05395701 0.6404038
v -1.2890625 5.252246 -2.2196484
vt 0.3972168 0.14428711
vn -0.43043658 -0.74587846 0.50832045
v -2.0078125 5.649707 -2.6649609
vt 0.48266602 0.1953125
vn -0.7136513 -0.011536101 0.70040613
v -0.88916016 6.2322264 -2.3451366
vt 0.66833496 0.13330078
vn 0.12848519 0.9673928 0.21827222
v -0.43017578 6.0168943 -2.4901562
vt 0.7720947 0.11694336
vn 0.70985854 0.70375484 0.028809393
v -0.2734375 5.885742 -1.4589844
vt 0.7720947 0.041503906
vn 0.71613276 0.6922678 -0.08899016
v -0.2084961 5.703125 -1.4755859
vt 0.99072266 0.032226562
vn 0.9859211 -0.080629095 -0.14648739
v -0.020996094 5.7001953 -0.7133789
vt 0.99072266 0.0056152344
vn 0.9514053 -0.2054552 -0.22938225
v -0.08203125 5.8754883 -0.73535156
vt 0.7720947 0.0056152344
vn 0.72402865 0.6672026 -0.17499496
v -2.7255275 5.970994 -10.079965
vt 0.85253906 0.82958984
vn 0.66781324 0.63814896 -0.38313353
v -2.6102931 5.7307596 -10.093148
vt 0.99035645 0.83081055
vn 0.83433455 -0.062015064 -0.54775906
v -2.3935547 5.688965 -9.780762
vt 0.99035645 0.78796387
vn 0.7966555 -0.028138075 -0.6037784
v -1.2666016 6.3623047 -7.8964844
vt 0.8927002 0.5974121
vn 0.7676419 0.45572636 -0.45059896
v -0.67822266 5.635254 -6.945801
vt 0.9902344 0.4666748
vn 0.9414049 0.008179229 -0.33717957
v -0.83154297 6.367676 -6.890625
vt 0.9022217 0.46826172
vn 0.84105045 0.4635269 -0.27888522
vt -0.0068359375 0.0056152344
vt -0.0068359375 0.031982422
v -0.32470703 5.5029297 -1.4458008
vt 0.20605469 0.0435791
vn 0.6542704 -0.7558993 -0.0233777
v -1.8393555 5.0996094 -8.754395
vt 0.09057617 0.6644287
vn 0.692411 -0.46254325 -0.55373347
v -1.6660156 5.623535 -8.806152
vt -0.006958008 0.67370605
vn 0.8256628 -0.039613746 -0.56277156
vt -0.006958008 0.7832031
v -3.024414 4.334961 -8.395508
vt 0.25549316 0.6546631
vn -0.11249039 -0.9318453 -0.3449787
v -3.4135742 4.9575195 -9.487305
vt 0.26342773 0.77197266
vn -0.11810393 -0.88739693 -0.44562107
v -3.959961 5.063965 -9.30127
vt 0.3449707 0.7705078
vn -0.45870894 -0.83953196 -0.2911566
v -4.425293 5.6972656 -9.172363
vt 0.47106934 0.77563477
vn -0.9944211 -0.05841278 0.0878328
v -4.3203125 5.635742 -7.9125977
vt 0.47424316 0.65771484
vn -0.99417496 -0.03674443 0.10132185
v -4.163574 4.986328 -7.963379
vt 0.40283203 0.6542969
vn -0.8536704 -0.52064985 0.0130620245
v -4.715274 6.0290995 -10.400277
vt 0.51623535 0.9498291
vn -0.021607682 0.9993858 0.02758947
v -4.5546293 6.0081034 -9.976449
vt 0.51464844 0.8826904
vn -0.6717791 0.7065705 0.22242078
v -4.601016 5.826951 -9.934457
vt 0.48132324 0.8787842
vn -0.96184933 -0.07800758 0.26222265
v -4.443301 5.8245096 -10.21766
vt 0.5587158 0.91186523
vn 0.61824334 -0.19751559 -0.76076466
v -4.102481 5.6453104 -9.860238
vt 0.59521484 0.8824463
vn -0.6740479 -0.32496884 -0.6633662
v -4.46918 6.0393534 -10.090219
vt 0.5340576 0.8930664
vn 0.3415654 0.88186866 -0.32502425
v -0.24804688 5.6453123 -2.557539
vt 0.9904785 0.10021973
vn 0.9999282 -0.0050661727 -0.010864804
v -4.33002 5.400193 -9.615121
vt 0.39916992 0.82250977
vn -0.6592724 -0.68930316 -0.30036843
v -4.5531645 5.6682596 -10.083871
vt 0.44836426 0.89611816
vn -0.44491184 -0.83061606 -0.3348589
vt -0.006958008 0.4645996
v -1.1499023 5.6347656 -7.930176
vt -0.006958008 0.5974121
vn 0.8757283 -0.006653264 -0.4827584
v -1.2612305 4.9384766 -7.9140625
vt 0.071777344 0.5974121
vn 0.76975745 -0.42873493 -0.47292686
v 4.102481 5.6453104 -9.860238
vn 0.6740479 -0.32496884 -0.6633662
v 4.057559 6.160447 -9.759652
vt 0.611084 0.83496094
vn 0.56472576 0.76572466 -0.30781582
v 4.0551176 6.087693 -10.442269
vt 0.65808105 0.8985596
vn 0.78407186 0.6186636 0.049866628
v -4.0077543 6.130662 -11.18641
vt 0.6990967 0.9538574
vn 0.7651793 0.1301342 -0.6305282
v -3.5722072 5.735154 -10.654672
vt 0.7442627 0.9091797
vn 0.6151951 -0.31660056 -0.72201043
v -3.6298244 6.104295 -10.6126795
vt 0.7125244 0.8988037
vn 0.6198994 0.6453521 -0.44636908
v 3.5722072 5.735154 -10.654672
vt 0.24108887 0.9202881
vn -0.6151951 -0.31660056 -0.72201043
v 3.160586 5.637498 -10.133676
vn -0.07825011 -0.26710021 -0.96048653
v 3.13959 5.306443 -10.042367
vt 0.20031738 0.829834
vn -0.19044028 -0.68711096 -0.7011498
v 3.1366603 5.7986307 -10.546273
vn 0.96607363 -0.2128316 -0.14630266
v 2.9530666 5.635545 -10.522347
vt 0.123046875 0.8972168
vn -0.10254711 -0.8294718 -0.5490543
v 2.8798244 5.387498 -10.069711
vn -0.26917288 -0.6892291 -0.67268807
v 4.1278715 5.7131815 -10.432015
vt 0.31396484 0.9173584
vn 0.92745864 -0.3407701 -0.15393555
v 4.040469 5.3020487 -9.725472
vt 0.34228516 0.826416
vn 0.5070974 -0.73458326 -0.4508211
vt 0.36376953 0.87023926
vt 0.62561035 0.9107666
v 4.153262 6.2986307 -11.35682
vt 0.69226074 0.9794922
vn 0.2713237 0.6211451 -0.73522925
v 4.1552153 6.1233377 -11.126351
vt 0.6783447 0.95458984
vn 0.99158466 0.12866308 0.014343371
v 4.0463285 6.1838846 -11.079476
vt 0.68896484 0.947876
vn -0.014099832 0.9988296 0.04626698
v 2.823672 5.8245096 -10.493051
vt 0.8762207 0.8865967
vn -0.8890149 -0.033875953 -0.45662344
v 3.018008 5.9773417 -10.914926
vt 0.8408203 0.9481201
vn -0.90808666 -0.018678129 -0.41836566
v 3.0585353 6.0535135 -10.943246
vt 0.8251953 0.95202637
vn -0.1375133 0.98914355 -0.051819254
v 4.715274 6.0290995 -10.400277
vn 0.021607682 0.9993858 0.02758947
v 4.78168 6.0378885 -10.5155115
vt 0.5130615 0.9794922
vn 0.47238466 0.42245436 -0.77355355
v 4.745059 5.967576 -10.367074
vt 0.5024414 0.94641113
vn 0.95299727 0.058597155 0.2972585
v 4.4716215 5.7214823 -9.5033045
vt 0.46655273 0.8182373
vn 0.9774896 -0.115662985 0.17645472
v 4.272461 5.286133 -9.219727
vt 0.40270996 0.7729492
vn 0.7985549 -0.5979853 -0.068728335
v 4.425293 5.6972656 -9.172363
vn 0.9944211 -0.05841278 0.0878328
v 4.33002 5.400193 -9.615121
vn 0.6592724 -0.68930316 -0.30036843
v 3.8388088 5.5461893 -10.547738
vt 0.27600098 0.90808105
vn 0.17597143 -0.82254285 -0.54079324
v 3.5707424 5.1663065 -9.8783045
vt 0.26989746 0.8248291
vn 0.13752094 -0.8839672 -0.44686675
v -3.8598633 5.635742 -5.8657227
vt 0.48034668 0.46826172
vn -0.9404587 0.006042667 0.33985424
v -4.0463867 6.3789062 -7.010254
vt 0.5489502 0.5974121
vn -0.86343986 0.47572815 0.16779275
v -3.7192383 6.394043 -5.9365234
vt 0.5494385 0.47131348
vn -0.83701193 0.45222935 0.308058
v -3.1923828 7.0126953 -6.105957
vt 0.62390137 0.47045898
vn -0.48921132 0.85409033 0.176641
v -4.78168 6.0378885 -10.5155115
vn -0.47238466 0.42245436 -0.77355355
v -4.745059 5.967576 -10.367074
vn -0.95299727 0.058597155 0.2972585
v -4.71918 5.908494 -10.396371
vt 0.48937988 0.94885254
vn -0.45296893 -0.76780707 -0.453091
vt -0.006958008 0.83081055
v -2.823672 5.8245096 -10.493051
vt 0.084106445 0.90185547
vn 0.8890149 -0.033875953 -0.45662344
v -2.9530666 5.635545 -10.522347
vn 0.10254711 -0.8294718 -0.5490543
v -3.0834377 6.043748 -11.067758
vt 0.8173828 0.9794922
vn -0.07385528 0.36530897 -0.92795193
v -3.018008 5.9773417 -10.914926
vn 0.90808666 -0.018678129 -0.41836566
v -3.0585353 6.0535135 -10.943246
vn 0.1375133 0.98914355 -0.051819254
v -4.6864653 5.9749002 -10.439828
vt 0.5292969 0.9532471
vn 0.64485455 0.0015869586 -0.7643037
v -4.1552153 6.1233377 -11.126351
vt 0.28649902 0.97387695
vn -0.99158466 0.12866308 0.014343371
v -4.09418 6.054002 -11.19764
vt 0.27770996 0.9729004
vn -0.25013593 -0.6531734 -0.7147003
v -4.153262 6.2986307 -11.35682
vt 0.27722168 0.9794922
vn -0.2713237 0.6211451 -0.73522925
v -4.1278715 5.7131815 -10.432015
vn -0.92745864 -0.3407701 -0.15393555
v -4.203067 6.121873 -9.685922
vt 0.57629395 0.8322754
vn -0.29470074 0.88178265 -0.36825383
v -4.040469 5.3020487 -9.725472
vn -0.5070974 -0.73458326 -0.4508211
v -4.0551176 6.087693 -10.442269
vn -0.78407186 0.6186636 0.049866628
v -3.8353908 6.176072 -10.540414
vt 0.68774414 0.8984375
vn -0.034975197 0.9964574 -0.076481536
v -4.057559 6.160447 -9.759652
vn -0.56472576 0.76572466 -0.30781582
v -3.6000392 6.27324 -9.951547
vt 0.68969727 0.83618164
vn -0.054750416 0.9710417 -0.23255195
v -3.4194336 6.4418945 -9.486328
vt 0.69470215 0.7783203
vn -0.11835538 0.9269442 -0.35604277
v -3.9770508 6.272461 -9.30127
vt 0.6020508 0.7784424
vn -0.4570511 0.8754653 -0.15705028
v 3.959961 5.063965 -9.30127
vn 0.45870894 -0.83953196 -0.2911566
v 3.4135742 4.9575195 -9.487305
vn 0.11810393 -0.88739693 -0.44562107
v 4.09418 6.054002 -11.19764
vn 0.25013593 -0.6531734 -0.7147003
v -0.5288086 5.9907227 -1.3696289
vt 0.6628418 0.05114746
vn 0.06439316 0.9895795 0.12878633
v -0.28759766 5.9501953 -0.6894531
vt 0.66137695 0.0056152344
vn 0.036500208 0.99850655 0.040650733
v -0.47607422 5.882324 -0.6176758
vt 0.56518555 0.0056152344
vn -0.6888204 0.6522583 0.31636298
v -3.8388088 5.5461893 -10.547738
vn -0.17597143 -0.82254285 -0.54079324
v -3.5707424 5.1663065 -9.8783045
vn -0.13752094 -0.8839672 -0.44686675
vt 0.26965332 0.9746094
v -1.8266602 6.1850586 -8.759766
vt 0.8790283 0.6710205
vn 0.6908852 0.46321476 -0.5550764
v -1.7426758 6.883301 -7.741211
vt 0.8165283 0.5974121
vn 0.46140122 0.81708115 -0.34566942
v -2.184082 6.648926 -8.625977
vt 0.81066895 0.66296387
vn 0.4334864 0.7621108 -0.48091233
v -1.3686523 6.987793 -6.7211914
vt 0.81433105 0.47045898
vn 0.5103316 0.8469514 -0.14911374
v -2.8598633 6.283203 -9.653809
vt 0.78479004 0.7819824
vn 0.30707663 0.8335809 -0.4591806
v -2.5083008 6.0004883 -9.747559
vt 0.852417 0.78393555
vn 0.6479774 0.56185305 -0.51424354
v -3.005371 7.01709 -8.324219
vt 0.7060547 0.6541748
vn -0.10192979 0.94892365 -0.29858714
v -2.661621 7.2373047 -7.4433594
vt 0.71362305 0.5974121
vn -0.042236924 0.9904925 -0.13092226
v -2.2949219 7.2773438 -6.411621
vt 0.71520996 0.4720459
vn 0.0166021 0.9994221 0.029664047
vt 0.9902344 0.6812744
vt 0.9902344 0.5974121
v -2.9584377 6.095994 -10.067269
vt 0.8050537 0.83691406
vn 0.061711196 0.85632676 -0.512734
v -3.1615627 6.149705 -10.04139
vt 0.76171875 0.83740234
vn 0.2902953 0.71023464 -0.6413231
vt 0.7784424 0.8753662
v -3.018008 6.0652323 -10.509164
vt 0.8261719 0.89172363
vn -0.3172714 0.94821304 -0.015198265
v -2.9013088 5.9944315 -10.488168
vt 0.84594727 0.8864746
vn 0.7273414 0.6468919 -0.22914062
vt 0.7935791 0.89941406
v -3.1195705 5.9978495 -10.963754
vt 0.81066895 0.9543457
vn -0.9838519 0.079408854 -0.16040467
v 3.0663478 5.922166 -10.945687
vt 0.12390137 0.9622803
vn -0.018311612 -0.76689035 -0.64151686
v 3.1195705 5.9978495 -10.963754
vt 0.13342285 0.9691162
vn 0.9838519 0.079408854 -0.16040467
v 3.0834377 6.043748 -11.067758
vt 0.13061523 0.9794922
vn 0.07385528 0.36530897 -0.92795193
v -0.76171875 5.904297 -1.2905273
vt 0.56555176 0.057739258
vn -0.574131 0.71769434 0.39406654
v -0.50341797 5.6953125 -0.5644531
vt 0.48364258 0.0056152344
vn -0.89094895 -0.16077 0.4246916
v -0.8540039 5.6884766 -1.2705078
vt 0.48205566 0.060791016
vn -0.83914626 -0.0932656 0.5358499
v -0.41845703 5.5634766 -0.546875
vt 0.3980713 0.0056152344
vn -0.6021481 -0.7286816 0.32625258
v -0.72558594 5.4833984 -1.3256836
vt 0.39782715 0.05822754
vn -0.4952791 -0.77819985 0.38613948
v -0.25 5.476074 -0.5683594
vt 0.29833984 0.0056152344
vn 0.028077668 -0.9962689 0.081608355
v -0.53564453 5.4174805 -1.3740234
vt 0.29833984 0.052124023
vn 0.07648226 -0.9830992 0.16633213
v -0.1015625 5.550293 -0.63427734
vt 0.20581055 0.0056152344
vn 0.6127553 -0.7790214 -0.1328786
v 3.6298244 6.104295 -10.6126795
vn -0.6198994 0.6453521 -0.44636908
v 3.8353908 6.176072 -10.540414
vn 0.034975197 0.9964574 -0.076481536
v 4.0077543 6.130662 -11.18641
vn -0.7651793 0.1301342 -0.6305282
v 4.443301 5.8245096 -10.21766
vt 0.43139648 0.9277344
vn -0.61824334 -0.19751559 -0.76076466
v 4.71918 5.908494 -10.396371
vn 0.45296893 -0.76780707 -0.453091
v 4.6864653 5.9749002 -10.439828
vt 0.4859619 0.9622803
vn -0.64485455 0.0015869586 -0.7643037
v 4.5531645 5.6682596 -10.083871
vn 0.44491184 -0.83061606 -0.3348589
v 4.601016 5.826951 -9.934457
vn 0.96184933 -0.07800758 0.26222265
v -3.13959 5.306443 -10.042367
vn 0.19044028 -0.68711096 -0.7011498
v -2.8603516 5.0927734 -9.652832
vt 0.18078613 0.77368164
vn 0.21765703 -0.8145354 -0.53773373
v 2.6102931 5.7307596 -10.093148
vn -0.83433455 -0.062015064 -0.54775906
v 2.7255275 5.970994 -10.079965
vn -0.66781324 0.63814896 -0.38313353
v 2.3935547 5.688965 -9.780762
vn -0.7966555 -0.028138075 -0.6037784
v 2.9013088 5.9944315 -10.488168
vn -0.7273414 0.6468919 -0.22914062
v 3.018008 6.0652323 -10.509164
vn 0.3172714 0.94821304 -0.015198265
vt -0.0068359375 0.10107422
v -0.43017578 5.271777 -2.4979687
vt 0.2064209 0.12023926
vn 0.6884474 -0.71774566 0.10431391
v -0.88916016 5.1125975 -2.3568554
vt 0.29833984 0.13574219
vn 0.10339648 -0.9485132 0.2993859
v -1.0991211 4.893359 -2.92375
vt 0.29833984 0.17993164
vn 0.10919935 -0.93933415 0.32515648
v -1.6958008 5.0920897 -2.7235546
vt 0.39709473 0.18920898
vn -0.4209647 -0.7072231 0.5680002
v -3.5551758 6.9057617 -7.1723633
vt 0.6185303 0.5974121
vn -0.54776406 0.8360513 0.031190932
v -3.777832 6.680664 -8.08252
vt 0.61035156 0.657959
vn -0.57614094 0.8102841 -0.10724437
v 2.9584377 6.095994 -10.067269
vn -0.061711196 0.85632676 -0.512734
v 3.6000392 6.27324 -9.951547
vn 0.054750416 0.9710417 -0.23255195
v 3.9770508 6.272461 -9.30127
vn 0.4570511 0.8754653 -0.15705028
v 3.4194336 6.4418945 -9.486328
vn 0.11835538 0.9269442 -0.35604277
v 4.203067 6.121873 -9.685922
vn 0.29470074 0.88178265 -0.36825383
v 4.46918 6.0393534 -10.090219
vn -0.3415654 0.88186866 -0.32502425
v 2.8598633 6.283203 -9.653809
vn -0.30707663 0.8335809 -0.4591806
v 3.1615627 6.149705 -10.04139
vn -0.2902953 0.71023464 -0.6413231
v 4.5546293 6.0081034 -9.976449
vn 0.6717791 0.7065705 0.22242078
v 2.8603516 5.0927734 -9.652832
vn -0.21765703 -0.8145354 -0.53773373
v -1.6967773 6.200488 -2.7123241
vt 0.5675049 0.18725586
vn -0.44783542 0.73001385 0.51625896
v -1.3447266 6.080859 -2.1918163
vt 0.56689453 0.14379883
vn -0.48640037 0.72871554 0.48206678
v -1.0991211 6.403125 -2.9076366
vt 0.6705322 0.17712402
vn 0.120061494 0.9592102 0.2559318
v -0.5058594 6.1575193 -3.107832
vt 0.7722168 0.16320801
vn 0.6818575 0.72220373 0.116155654
v -0.24121094 5.6526365 -3.2801952
vt 0.99035645 0.15112305
vn 0.9976031 0.016236076 0.067263745
v -3.0663478 5.922166 -10.945687
vn 0.018311612 -0.76689035 -0.64151686
vt 0.11206055 0.96313477
v -2.559082 5.291992 -9.718262
vt 0.12817383 0.7739258
vn 0.55338705 -0.5836628 -0.59422266
v -2.2392578 4.633301 -8.642578
vt 0.16113281 0.65893555
vn 0.38441777 -0.7789068 -0.49550706
v -2.6499023 4.0268555 -7.4438477
vt 0.24841309 0.5974121
vn -0.03448674 -0.986626 -0.15931043
v -3.5283203 4.3344727 -7.1796875
vt 0.33703613 0.5974121
vn -0.5450589 -0.8383409 0.009765893
v -3.2055664 4.2783203 -6.1103516
vt 0.33996582 0.4711914
vn -0.48067132 -0.8538554 0.19971511
v -3.7368164 4.609375 -8.133789
vt 0.34033203 0.6558838
vn -0.5570361 -0.8179751 -0.14362326
v -4.272461 5.286133 -9.219727
vn -0.7985549 -0.5979853 -0.068728335
v -4.4716215 5.7214823 -9.5033045
vn -0.9774896 -0.115662985 0.17645472
v -4.4232817 6.0149393 -9.576058
vt 0.5230713 0.82470703
vn -0.7489321 0.6377825 0.17981696
v -2.2836914 3.9960938 -6.4160156
vt 0.2487793 0.4720459
vn 0.036194813 -0.99789035 0.053895477
v -1.7670898 4.3535156 -7.737793
vt 0.15368652 0.5974121
vn 0.44814295 -0.8249932 -0.34431687
v -4.0463285 6.1838846 -11.079476
vn 0.014099832 0.9988296 0.04626698
v -4.341797 6.044922 -9.195801
vt 0.52905273 0.7766113
vn -0.8108146 0.5844286 0.031983353
v -4.206543 6.2851562 -7.9335938
vt 0.5452881 0.6561279
vn -0.86778694 0.495512 0.037599828
v -4.2041016 5.633301 -6.9541016
vt 0.47802734 0.5974121
vn -0.9766072 -0.007080402 0.21491462
v -4.04834 4.881836 -7.0268555
vt 0.4071045 0.5974121
vn -0.86606115 -0.47908336 0.1428888
v -3.7246094 4.855957 -5.923828
vt 0.4104004 0.4696045
vn -0.83232665 -0.46285808 0.30495042
v -1.3964844 4.5703125 -3.7548828
vt 0.28149414 0.23535156
vn 0.09478812 -0.9580741 0.27038723
v -1.8925781 4.2246094 -5.2163086
vt 0.26000977 0.321167
vn 0.0761741 -0.9803753 0.18182904
v -2.1132812 4.7734375 -3.4956055
vt 0.37145996 0.24060059
vn -0.3805093 -0.8126565 0.44136393
v 0.24121094 5.6526365 -3.2801952
vn -0.9976031 0.016236076 0.067263745
v 0.5058594 6.1575193 -3.107832
vn -0.6818575 0.72220373 0.116155654
v 0.24804688 5.6453123 -2.557539
vn -0.9999282 -0.0050661727 -0.010864804
v 3.8598633 5.635742 -5.8657227
vn 0.9404587 0.006042667 0.33985424
v 4.2041016 5.633301 -6.9541016
vn 0.9766072 -0.007080402 0.21491462
v 4.04834 4.881836 -7.0268555
vn 0.86606115 -0.47908336 0.1428888
v 3.7192383 6.394043 -5.9365234
vn 0.83701193 0.45222935 0.308058
v 3.1923828 7.0126953 -6.105957
vn 0.48921132 0.85409033 0.176641
v 4.0463867 6.3789062 -7.010254
vn 0.86343986 0.47572815 0.16779275
v -0.4794922 4.9873047 -5.7006836
vt 0.07897949 0.321167
vn 0.86642206 -0.4864049 -0.11279662
v -0.3461914 5.6401367 -5.726074
vt -0.006958008 0.321167
vn 0.9849306 0.010864327 -0.17260852
v -3.2226562 6.307129 -4.7163086
vt 0.5447998 0.321167
vn -0.7882335 0.44050497 0.42970142
v -2.4663086 6.059082 -3.3276367
vt 0.52978516 0.24108887
vn -0.69664174 0.46286115 0.5481331
v -3.3666992 5.650879 -4.6933594
vt 0.48303223 0.321167
vn -0.8956264 0.008240276 0.44473076
v 3.2226562 6.307129 -4.7163086
vn 0.7882335 0.44050497 0.42970142
v 1.6967773 6.200488 -2.7123241
vn 0.44783542 0.73001385 0.51625896
v 2.4663086 6.059082 -3.3276367
vn 0.69664174 0.46286115 0.5481331
v 2.0078125 5.649707 -2.6649609
vn 0.7136513 -0.011536101 0.70040613
v -2.772461 4.4467773 -4.9086914
vt 0.35253906 0.321167
vn -0.41565683 -0.8451079 0.33618766
v 3.2055664 4.2783203 -6.1103516
vn 0.48067132 -0.8538554 0.19971511
v 3.7246094 4.855957 -5.923828
vn 0.83232665 -0.46285808 0.30495042
v 3.5283203 4.3344727 -7.1796875
vn 0.5450589 -0.8383409 0.009765893
v 3.3666992 5.650879 -4.6933594
vn 0.8956264 0.008240276 0.44473076
v 2.5673828 5.6523438 -3.2851562
vt 0.48413086 0.24145508
vn 0.8099558 0.0077516492 0.5864397
v 3.237793 4.975586 -4.739746
vt 0.41992188 0.321167
vn 0.77812356 -0.4564487 0.4314838
v 2.4770508 5.248535 -3.3364258
vt 0.43933105 0.24169922
vn 0.70469403 -0.43874756 0.5575903
v 2.772461 4.4467773 -4.9086914
vn 0.41565683 -0.8451079 0.33618766
v 2.1132812 4.7734375 -3.4956055
vn 0.3805093 -0.8126565 0.44136393
v 1.6958008 5.0920897 -2.7235546
vn 0.4209647 -0.7072231 0.5680002
v -1.3613281 4.2890625 -6.720703
vt 0.15222168 0.46923828
vn 0.50478864 -0.85283035 -0.13367438
v -0.8286133 4.883301 -6.911621
vt 0.06738281 0.46875
vn 0.83431643 -0.4724273 -0.2841278
v -1.0239258 4.461914 -5.538086
vt 0.16210938 0.321167
vn 0.51765704 -0.85537624 0.019043626
v -0.6772461 4.7802734 -3.9794922
vt 0.18762207 0.22668457
vn 0.5811309 -0.8075773 0.10052753
v -0.31201172 5.2529297 -4.091797
vt 0.10949707 0.21740723
vn 0.9031601 -0.42927113 0.005310193
v -0.50634766 5.0920897 -3.1175976
vt 0.20654297 0.16625977
vn 0.67977506 -0.7182287 0.14850432
v -0.6772461 6.448242 -3.963379
vt 0.7825928 0.22521973
vn 0.55940956 0.8190635 0.12726338
v -1.3964844 6.6591797 -3.7329102
vt 0.6845703 0.23327637
vn 0.10620561 0.95420253 0.2796748
v -0.31982422 6.052246 -4.0751953
vt 0.85424805 0.21740723
vn 0.8865564 0.4622911 0.017456464
v -0.22021484 5.650879 -4.116699
vt 0.99035645 0.21032715
vn 0.99965906 0.009094468 -0.024475716
v 0.3461914 5.6401367 -5.726074
vt 0.9902344 0.321167
vn -0.9849306 0.010864327 -0.17260852
v 0.48535156 6.275879 -5.669922
vt 0.8907471 0.321167
vn -0.87334067 0.4717065 -0.12152791
v 0.22021484 5.650879 -4.116699
vn -0.99965906 0.009094468 -0.024475716
v 0.67822266 5.635254 -6.945801
vn -0.9414049 0.008179229 -0.33717957
v 0.83154297 6.367676 -6.890625
vn -0.84105045 0.4635269 -0.27888522
v 1.2666016 6.3623047 -7.8964844
vn -0.7676419 0.45572636 -0.45059896
v 1.0991211 4.893359 -2.92375
vn -0.10919935 -0.93933415 0.32515648
v 0.50634766 5.0920897 -3.1175976
vn -0.67977506 -0.7182287 0.14850432
v 0.43017578 5.271777 -2.4979687
vn -0.6884474 -0.71774566 0.10431391
v 1.3964844 4.5703125 -3.7548828
vn -0.09478812 -0.9580741 0.27038723
v 0.6772461 4.7802734 -3.9794922
vn -0.5811309 -0.8075773 0.10052753
v 1.8925781 4.2246094 -5.2163086
vn -0.0761741 -0.9803753 0.18182904
v 0.31201172 5.2529297 -4.091797
vn -0.9031601 -0.42927113 0.005310193
vt -0.006958008 0.20922852
vt -0.006958008 0.14990234
v 0.4794922 4.9873047 -5.7006836
vn -0.86642206 -0.4864049 -0.11279662
v 2.7700195 6.887207 -4.879883
vt 0.6143799 0.321167
vn 0.43611097 0.8324257 0.3418695
v 2.112793 6.4575195 -3.4780273
vt 0.59191895 0.23937988
vn 0.36458015 0.82224333 0.4370323
v 1.3964844 6.6591797 -3.7329102
vn -0.10620561 0.95420253 0.2796748
v 1.2612305 4.9384766 -7.9140625
vn -0.76975745 -0.42873493 -0.47292686
v 1.3613281 4.2890625 -6.720703
vn -0.50478864 -0.85283035 -0.13367438
v 1.7670898 4.3535156 -7.737793
vn -0.44814295 -0.8249932 -0.34431687
v 0.8286133 4.883301 -6.911621
vn -0.83431643 -0.4724273 -0.2841278
v 1.0239258 4.461914 -5.538086
vn -0.51765704 -0.85537624 0.019043626
v -2.112793 6.4575195 -3.4780273
vn -0.36458015 0.82224333 0.4370323
v -2.7700195 6.887207 -4.879883
vn -0.43611097 0.8324257 0.3418695
v -1.8925781 7.1088867 -5.1850586
vt 0.7060547 0.321167
vn 0.08289049 0.97930413 0.18464193
v -1.0244141 6.857422 -5.5092773
vt 0.8039551 0.321167
vn 0.53468555 0.84493744 0.013855436
v -0.48535156 6.275879 -5.669922
vn 0.87334067 0.4717065 -0.12152791
v -2.5673828 5.6523438 -3.2851562
vn -0.8099558 0.0077516492 0.5864397
v 1.8925781 7.1088867 -5.1850586
vn -0.08289049 0.97930413 0.18464193
v 1.0244141 6.857422 -5.5092773
vn -0.53468555 0.84493744 0.013855436
v 1.3686523 6.987793 -6.7211914
vn -0.5103316 0.8469514 -0.14911374
v 0.6772461 6.448242 -3.963379
vn -0.55940956 0.8190635 0.12726338
v 0.31982422 6.052246 -4.0751953
vn -0.8865564 0.4622911 0.017456464
v 2.661621 7.2373047 -7.4433594
vn 0.042236924 0.9904925 -0.13092226
v 1.7426758 6.883301 -7.741211
vn -0.46140122 0.81708115 -0.34566942
v 2.2949219 7.2773438 -6.411621
vn -0.0166021 0.9994221 0.029664047
v -3.237793 4.975586 -4.739746
vn -0.77812356 -0.4564487 0.4314838
v -2.4770508 5.248535 -3.3364258
vn -0.70469403 -0.43874756 0.5575903
v 2.2392578 4.633301 -8.642578
vn -0.38441777 -0.7789068 -0.49550706
v 0.12646484 5.8754883 -0.7475586
vn -0.72273266 0.678054 -0.13379191
v 0.06542969 5.7001953 -0.72558594
vn -0.9638375 -0.19550197 -0.18109721
v 0.2084961 5.703125 -1.4755859
vn -0.9895809 -0.079286106 -0.1201804
v 3.005371 7.01709 -8.324219
vn 0.10192979 0.94892365 -0.29858714
v 2.184082 6.648926 -8.625977
vn -0.4334864 0.7621108 -0.48091233
v 1.1499023 5.6347656 -7.930176
vn -0.8757283 -0.006653264 -0.4827584
v 1.8393555 5.0996094 -8.754395
vn -0.692411 -0.46254325 -0.55373347
v 1.6660156 5.623535 -8.806152
vn -0.8256628 -0.039613746 -0.56277156
v 0.5288086 5.9907227 -1.3696289
vn -0.07037775 0.989195 0.12860878
v 0.2734375 5.885742 -1.4589844
vn -0.7230197 0.68718916 -0.07080649
v 0.88916016 6.2322264 -2.3451366
vn -0.12848519 0.9673928 0.21827222
v 2.559082 5.291992 -9.718262
vn -0.55338705 -0.5836628 -0.59422266
v 1.8266602 6.1850586 -8.759766
vn -0.6908852 0.46321476 -0.5550764
v 2.5083008 6.0004883 -9.747559
vn -0.6479774 0.56185305 -0.51424354
v 3.5551758 6.9057617 -7.1723633
vn 0.54776406 0.8360513 0.031190932
v 4.4232817 6.0149393 -9.576058
vn 0.7489321 0.6377825 0.17981696
v 4.341797 6.044922 -9.195801
vn 0.8108146 0.5844286 0.031983353
v 4.206543 6.2851562 -7.9335938
vn 0.86778694 0.495512 0.037599828
v 3.777832 6.680664 -8.08252
vn 0.57614094 0.8102841 -0.10724437
v 4.163574 4.986328 -7.963379
vn 0.8536704 -0.52064985 0.0130620245
v 3.7368164 4.609375 -8.133789
vn 0.5570361 -0.8179751 -0.14362326
v 4.3203125 5.635742 -7.9125977
vn 0.99417496 -0.03674443 0.10132185
v 3.024414 4.334961 -8.395508
vn 0.11249039 -0.9318453 -0.3449787
v 2.6499023 4.0268555 -7.4438477
vn 0.03448674 -0.986626 -0.15931043
v 2.2836914 3.9960938 -6.4160156
vn -0.036194813 -0.99789035 0.053895477
v 0.88916016 5.1125975 -2.3568554
vn -0.10339648 -0.9485132 0.2993859
v 0.32470703 5.5029297 -1.4458008
vn -0.65998405 -0.7512331 -0.008361954
v 1.0991211 6.403125 -2.9076366
vn -0.120061494 0.9592102 0.2559318
v 0.43017578 6.0168943 -2.4901562
vn -0.70985854 0.70375484 0.028809393
v 0.33203125 5.9501953 -0.70166016
vn -0.026062751 0.99856347 0.046815295
v 0.5205078 5.882324 -0.6298828
vn 0.7133526 0.64059514 0.28419352
v 1.3447266 6.080859 -2.1918163
vn 0.48753333 0.7373125 0.46763402
v 0.8540039 5.6884766 -1.1430664
vn 0.85550845 -0.07483257 0.5123529
v 0.76171875 5.904297 -1.2905273
vn 0.48300853 0.79693663 0.36275998
v 1.5556641 5.665332 -2.1361523
vn 0.77645636 -0.060915295 0.62722
v 0.72558594 5.4833984 -1.3256836
vn 0.4406844 -0.8291825 0.34388033
v 1.2890625 5.252246 -2.2196484
vn 0.43043658 -0.74587846 0.50832045
v 0.53564453 5.4174805 -1.3740234
vn -0.081791826 -0.98266166 0.16639143
v 0.54833984 5.6953125 -0.57666016
vn 0.89214844 -0.1343472 0.43130276
v 0.46289062 5.5634766 -0.5595703
vn 0.5933438 -0.7389178 0.31928623
v 0.2944336 5.476074 -0.5805664
vn -0.017823331 -0.9959702 0.08789588
v 0.1459961 5.550293 -0.64697266
vn -0.6202237 -0.77764493 -0.10291282
o Joint_0_Object_6
g polygon_0
usemtl Material_2653A0A0
f 365/271/400 367/273/402 366/272/401
f 368/274/403 370/276/405 369/275/404
f 371/277/406 373/279/408 372/278/407
f 374/280/409 376/282/411 375/281/410
f 377/283/412 379/285/414 378/284/413
f 380/286/415 382/288/417 381/287/416
f 375/289/410 383/291/418 374/290/409
f 384/292/419 379/294/414 385/293/420
f 386/295/421 388/297/423 387/296/422
f 389/298/424 391/300/426 390/299/425
f 392/301/427 394/303/429 393/302/428
f 395/304/430 397/306/432 396/305/431
f 398/307/433 372/278/407 374/280/409
f 394/303/429 400/309/435 399/308/434
f 381/310/416 402/312/437 401/311/436
f 403/305/438 405/314/440 404/313/439
f 406/315/441 408/317/443 407/316/442
f 409/318/444 411/319/446 410/271/445
f 412/273/447 414/272/449 413/320/448
f 415/321/450 403/323/438 416/322/451
f 403/305/438 415/324/450 405/314/440
f 417/325/452 419/327/454 418/326/453
f 420/328/455 422/330/457 421/329/456
f 423/301/458 425/332/460 424/331/459
f 426/333/461 428/298/463 427/334/462
f 429/308/464 426/333/461 427/334/462
f 430/335/465 431/336/466 411/319/446
f 432/337/467 434/339/469 433/338/468
f 433/338/468 434/339/469 435/340/470
f 436/331/471 438/341/473 437/332/472
f 378/342/413 440/320/475 439/343/474
f 441/344/476 443/330/478 442/329/477
f 392/301/427 444/345/479 436/331/471
f 445/346/480 447/348/482 446/347/481
f 448/321/483 445/346/480 446/347/481
f 397/306/432 449/349/484 396/305/431
f 448/321/483 450/322/485 396/323/431
f 451/314/486 453/313/488 452/350/487
f 454/351/489 456/353/491 455/352/490
f 457/297/492 458/296/493 431/336/466
f 416/322/451 457/297/492 431/336/466
f 416/322/451 431/336/466 430/335/465
f 415/321/450 416/322/451 430/335/465
f 415/321/450 430/335/465 459/347/494
f 418/346/453 415/321/450 459/347/494
f 418/346/453 459/347/494 417/348/452
f 373/279/408 371/277/406 460/354/495
f 461/355/496 373/279/408 460/354/495
f 461/355/496 460/354/495 462/356/497
f 392/301/427 436/331/471 437/332/472
f 394/303/429 392/301/427 437/332/472
f 394/303/429 437/332/472 438/341/473
f 400/309/435 394/303/429 438/341/473
f 448/321/483 446/347/481 463/335/498
f 450/322/485 448/321/483 463/335/498
f 450/322/485 463/335/498 464/336/499
f 407/318/442 463/335/498 446/347/481
f 406/357/441 407/318/442 446/347/481
f 406/357/441 446/347/481 447/348/482
f 465/358/500 467/360/502 466/359/501
f 380/286/415 465/358/500 466/359/501
f 380/286/415 466/359/501 468/361/503
f 382/288/417 380/286/415 468/361/503
f 465/358/500 470/363/505 469/362/504
f 467/360/502 465/358/500 469/362/504
f 467/360/502 469/362/504 471/364/506
f 466/359/501 467/360/502 471/364/506
f 466/359/501 471/364/506 472/365/507
f 468/361/503 466/359/501 472/365/507
f 468/361/503 472/365/507 473/366/508
f 377/283/412 469/362/504 470/363/505
f 379/285/414 377/283/412 470/363/505
f 379/285/414 470/363/505 465/358/500
f 385/367/420 379/285/414 465/358/500
f 385/367/420 465/358/500 380/286/415
f 401/368/436 385/367/420 380/286/415
f 401/368/436 380/286/415 381/287/416
f 469/362/504 377/283/412 474/369/509
f 475/370/510 469/362/504 474/369/509
f 475/370/510 474/369/509 365/371/400
f 476/372/511 474/369/509 377/283/412
f 477/373/512 476/372/511 377/283/412
f 477/373/512 377/283/412 378/284/413
f 439/328/474 477/373/512 378/284/413
f 365/371/400 474/369/509 476/372/511
f 367/374/402 365/371/400 476/372/511
f 367/374/402 476/372/511 443/330/478
f 478/375/513 367/374/402 443/330/478
f 478/375/513 443/330/478 441/344/476
f 412/273/447 413/320/448 479/376/514
f 480/377/515 412/273/447 479/376/514
f 480/377/515 479/376/514 481/378/516
f 460/354/495 371/277/406 482/379/517
f 462/356/497 460/354/495 482/379/517
f 462/356/497 482/379/517 483/380/518
f 483/380/518 482/379/517 484/381/519
f 485/382/520 483/380/518 484/381/519
f 485/382/520 484/381/519 486/383/521
f 487/384/522 485/382/520 486/383/521
f 487/384/522 486/383/521 488/385/523
f 489/386/524 487/384/522 488/385/523
f 490/317/525 491/350/526 419/327/454
f 492/315/527 490/317/525 419/327/454
f 492/315/527 419/327/454 417/325/452
f 493/387/528 495/388/530 494/341/529
f 496/309/531 493/387/528 494/341/529
f 496/309/531 494/341/529 497/303/532
f 463/335/498 407/318/442 498/319/533
f 464/336/499 463/335/498 498/319/533
f 464/336/499 498/319/533 499/389/534
f 500/284/535 502/285/537 501/283/536
f 503/373/538 500/284/535 501/283/536
f 503/373/538 501/283/536 504/372/539
f 481/344/516 421/329/456 422/330/457
f 480/375/515 481/344/516 422/330/457
f 480/375/515 422/330/457 412/374/447
f 439/328/474 442/329/477 443/330/478
f 477/373/512 439/328/474 443/330/478
f 477/373/512 443/330/478 476/372/511
f 398/390/433 374/290/409 383/291/418
f 505/391/540 398/390/433 383/291/418
f 505/391/540 383/291/418 506/392/541
f 507/393/542 505/391/540 506/392/541
f 507/393/542 506/392/541 508/394/543
f 472/365/507 471/364/506 509/395/544
f 473/366/508 472/365/507 509/395/544
f 473/366/508 509/395/544 435/340/470
f 433/338/468 435/340/470 509/395/544
f 510/396/545 433/338/468 509/395/544
f 510/396/545 509/395/544 471/364/506
f 410/371/445 412/374/447 504/372/539
f 511/369/546 410/371/445 504/372/539
f 511/369/546 504/372/539 501/283/536
f 504/372/539 412/374/447 422/330/457
f 503/373/538 504/372/539 422/330/457
f 503/373/538 422/330/457 420/328/455
f 500/284/535 503/373/538 420/328/455
f 404/313/439 405/314/440 491/350/526
f 512/351/547 404/313/439 491/350/526
f 512/351/547 491/350/526 490/317/525
f 419/327/454 491/350/526 405/314/440
f 418/326/453 419/327/454 405/314/440
f 418/326/453 405/314/440 415/324/450
f 374/280/409 372/278/407 373/279/408
f 376/282/411 374/280/409 373/279/408
f 376/282/411 373/279/408 461/355/496
f 430/335/465 411/319/446 409/318/444
f 459/347/494 430/335/465 409/318/444
f 459/347/494 409/318/444 492/357/527
f 417/348/452 459/347/494 492/357/527
f 512/351/547 514/352/549 513/353/548
f 404/313/439 512/351/547 513/353/548
f 404/313/439 513/353/548 515/349/550
f 403/305/438 404/313/439 515/349/550
f 403/305/438 515/349/550 516/306/551
f 493/304/528 403/305/438 516/306/551
f 493/304/528 516/306/551 423/301/458
f 495/345/530 493/304/528 423/301/458
f 495/345/530 423/301/458 424/331/459
f 517/362/552 514/352/549 512/351/547
f 518/370/553 517/362/552 512/351/547
f 518/370/553 512/351/547 490/317/525
f 416/322/451 403/323/438 429/308/464
f 457/297/492 416/322/451 429/308/464
f 457/297/492 429/308/464 427/334/462
f 516/306/551 515/349/550 519/302/554
f 423/301/458 516/306/551 519/302/554
f 423/301/458 519/302/554 497/303/532
f 425/332/460 423/301/458 497/303/532
f 425/332/460 497/303/532 494/341/529
f 424/331/459 425/332/460 494/341/529
f 424/331/459 494/341/529 495/388/530
f 431/336/466 458/296/493 520/389/555
f 411/319/446 431/336/466 520/389/555
f 411/319/446 520/389/555 414/272/449
f 410/271/445 411/319/446 414/272/449
f 410/271/445 414/272/449 412/273/447
f 497/303/532 426/333/461 429/308/464
f 496/309/531 497/303/532 429/308/464
f 496/309/531 429/308/464 403/323/438
f 493/387/528 496/309/531 403/323/438
f 521/397/556 522/398/557 371/277/406
f 523/399/558 521/397/556 371/277/406
f 523/399/558 371/277/406 372/278/407
f 524/400/559 523/399/558 372/278/407
f 524/400/559 372/278/407 398/307/433
f 525/401/560 524/400/559 398/307/433
f 482/379/517 371/277/406 522/398/557
f 484/381/519 482/379/517 522/398/557
f 484/381/519 522/398/557 368/274/403
f 486/383/521 484/381/519 368/274/403
f 486/383/521 368/274/403 369/275/404
f 488/385/523 486/383/521 369/275/404
f 439/343/474 440/320/475 526/376/561
f 442/402/477 439/343/474 526/376/561
f 442/402/477 526/376/561 441/378/476
f 378/342/413 527/403/562 366/272/401
f 440/320/475 378/342/413 366/272/401
f 440/320/475 366/272/401 367/273/402
f 526/376/561 440/320/475 367/273/402
f 526/376/561 367/273/402 478/377/513
f 441/378/476 526/376/561 478/377/513
f 384/292/419 528/404/563 527/403/562
f 379/294/414 384/292/419 527/403/562
f 379/294/414 527/403/562 378/342/413
f 527/403/562 528/404/563 499/389/534
f 366/272/401 527/403/562 499/389/534
f 366/272/401 499/389/534 498/319/533
f 365/271/400 366/272/401 498/319/533
f 365/271/400 498/319/533 407/318/442
f 529/405/564 531/407/566 530/406/565
f 386/295/421 529/405/564 530/406/565
f 386/295/421 530/406/565 532/408/567
f 388/297/423 386/295/421 532/408/567
f 388/297/423 532/408/567 533/334/568
f 399/308/434 388/297/423 533/334/568
f 399/308/434 533/334/568 534/333/569
f 394/303/429 399/308/434 534/333/569
f 394/303/429 534/333/569 535/409/570
f 393/302/428 394/303/429 535/409/570
f 536/410/571 531/407/566 529/405/564
f 537/411/572 536/410/571 529/405/564
f 537/411/572 529/405/564 528/404/563
f 402/312/437 537/411/572 528/404/563
f 402/312/437 528/404/563 384/292/419
f 401/311/436 402/312/437 384/292/419
f 401/311/436 384/292/419 385/293/420
f 528/404/563 529/405/564 386/295/421
f 499/389/534 528/404/563 386/295/421
f 499/389/534 386/295/421 387/296/422
f 464/336/499 499/389/534 387/296/422
f 464/336/499 387/296/422 388/297/423
f 450/322/485 464/336/499 388/297/423
f 450/322/485 388/297/423 399/308/434
f 396/323/431 450/322/485 399/308/434
f 396/323/431 399/308/434 400/309/435
f 395/387/430 396/323/431 400/309/435
f 395/387/430 400/309/435 438/341/473
f 444/388/479 395/387/430 438/341/473
f 444/388/479 438/341/473 436/331/471
f 451/314/486 452/350/487 538/327/573
f 445/326/480 451/314/486 538/327/573
f 445/326/480 538/327/573 447/325/482
f 453/313/488 456/353/491 454/351/489
f 452/350/487 453/313/488 454/351/489
f 452/350/487 454/351/489 408/317/443
f 538/327/573 452/350/487 408/317/443
f 538/327/573 408/317/443 406/315/441
f 447/325/482 538/327/573 406/315/441
f 539/412/574 540/413/575 456/353/491
f 449/349/484 539/412/574 456/353/491
f 449/349/484 456/353/491 453/313/488
f 396/305/431 449/349/484 453/313/488
f 396/305/431 453/313/488 451/314/486
f 448/324/483 396/305/431 451/314/486
f 448/324/483 451/314/486 445/326/480
f 391/300/426 542/415/577 541/414/576
f 390/299/425 391/300/426 541/414/576
f 390/299/425 541/414/576 540/413/575
f 389/298/424 390/299/425 540/413/575
f 389/298/424 540/413/575 539/412/574
f 542/415/577 543/416/578 432/337/467
f 541/414/576 542/415/577 432/337/467
f 541/414/576 432/337/467 433/338/468
f 540/413/575 541/414/576 433/338/468
f 540/413/575 433/338/468 510/396/545
f 456/353/491 540/413/575 510/396/545
f 456/353/491 510/396/545 471/364/506
f 455/352/490 456/353/491 471/364/506
f 455/352/490 471/364/506 469/362/504
f 454/351/489 455/352/490 469/362/504
f 454/351/489 469/362/504 475/370/510
f 408/317/443 454/351/489 475/370/510
f 408/317/443 475/370/510 365/371/400
f 407/316/442 408/317/443 365/371/400
f 544/417/579 546/419/581 545/418/580
f 547/401/582 549/307/584 548/400/583
f 550/337/585 552/415/587 551/414/586
f 553/339/588 555/338/590 554/340/589
f 556/420/591 381/310/416 557/421/592
f 558/422/593 560/424/595 559/423/594
f 553/339/588 554/340/589 561/422/596
f 562/397/597 564/276/599 563/423/598
f 531/407/566 536/410/571 565/425/600
f 566/407/601 568/406/603 567/416/602
f 569/424/604 563/423/598 570/426/605
f 571/427/606 569/424/604 570/426/605
f 571/427/606 570/426/605 572/428/607
f 573/425/608 571/427/606 572/428/607
f 573/425/608 572/428/607 574/419/609
f 570/426/605 563/423/598 564/276/599
f 572/428/607 570/426/605 564/276/599
f 572/428/607 564/276/599 575/394/610
f 574/419/609 572/428/607 575/394/610
f 537/411/572 402/312/437 576/429/611
f 536/410/571 537/411/572 576/429/611
f 536/410/571 576/429/611 545/418/580
f 565/425/600 536/410/571 545/418/580
f 565/425/600 545/418/580 546/419/581
f 402/312/437 381/310/416 577/430/612
f 576/429/611 402/312/437 577/430/612
f 576/429/611 577/430/612 578/431/613
f 545/418/580 576/429/611 578/431/613
f 545/418/580 578/431/613 579/432/614
f 544/417/579 545/418/580 579/432/614
f 577/430/612 381/310/416 556/420/591
f 578/431/613 577/430/612 556/420/591
f 578/431/613 556/420/591 580/433/615
f 579/432/614 578/431/613 580/433/615
f 579/432/614 580/433/615 581/434/616
f 544/417/579 579/432/614 581/434/616
f 582/435/617 583/436/618 524/400/559
f 584/437/619 582/435/617 524/400/559
f 584/437/619 524/400/559 525/401/560
f 585/438/620 584/437/619 525/401/560
f 586/439/621 588/438/623 587/440/622
f 589/287/624 586/439/621 587/440/622
f 589/287/624 587/440/622 590/288/625
f 591/286/626 589/287/624 590/288/625
f 592/393/627 594/391/629 593/434/628
f 595/417/630 592/393/627 593/434/628
f 595/417/630 593/434/628 596/432/631
f 597/418/632 595/417/630 596/432/631
f 598/433/633 547/442/582 588/441/623
f 599/420/634 598/433/633 588/441/623
f 599/420/634 588/441/623 586/421/621
f 589/310/624 599/420/634 586/421/621
f 561/422/596 554/340/589 600/443/635
f 601/444/636 561/422/596 600/443/635
f 601/444/636 600/443/635 602/436/637
f 573/425/608 566/407/601 567/416/602
f 571/427/606 573/425/608 567/416/602
f 571/427/606 567/416/602 569/424/604
f 603/312/638 605/411/640 604/429/639
f 606/430/641 603/312/638 604/429/639
f 606/430/641 604/429/639 607/431/642
f 556/420/591 557/421/592 585/441/620
f 580/433/615 556/420/591 585/441/620
f 580/433/615 585/441/620 525/442/560
f 581/434/616 580/433/615 525/442/560
f 558/422/593 559/423/594 608/444/643
f 609/443/644 558/422/593 608/444/643
f 609/443/644 608/444/643 583/436/618
f 610/445/645 609/443/644 583/436/618
f 610/445/645 583/436/618 582/435/617
f 611/446/646 610/445/645 582/435/617
f 611/446/646 582/435/617 584/437/619
f 612/440/647 611/446/646 584/437/619
f 612/440/647 584/437/619 585/438/620
f 557/439/592 612/440/647 585/438/620
f 368/274/403 522/398/557 521/397/556
f 370/276/405 368/274/403 521/397/556
f 370/276/405 521/397/556 559/423/594
f 613/426/648 370/276/405 559/423/594
f 613/426/648 559/423/594 560/424/595
f 614/445/649 616/361/651 615/446/650
f 617/435/652 614/445/649 615/446/650
f 617/435/652 615/446/650 618/437/653
f 619/365/654 620/359/655 616/361/651
f 621/366/656 619/365/654 616/361/651
f 621/366/656 616/361/651 614/445/649
f 608/444/643 559/423/594 521/397/556
f 583/436/618 608/444/643 521/397/556
f 583/436/618 521/397/556 523/399/558
f 524/400/559 583/436/618 523/399/558
f 622/427/657 543/416/578 565/425/600
f 623/428/658 622/427/657 565/425/600
f 623/428/658 565/425/600 546/419/581
f 508/394/543 623/428/658 546/419/581
f 508/394/543 546/419/581 544/417/579
f 507/393/542 508/394/543 544/417/579
f 507/393/542 544/417/579 581/434/616
f 505/391/540 507/393/542 581/434/616
f 505/391/540 581/434/616 525/442/560
f 398/390/433 505/391/540 525/442/560
f 432/337/467 543/416/578 560/424/595
f 434/339/469 432/337/467 560/424/595
f 434/339/469 560/424/595 558/422/593
f 435/340/470 434/339/469 558/422/593
f 435/340/470 558/422/593 609/443/644
f 473/366/508 435/340/470 609/443/644
f 473/366/508 609/443/644 610/445/645
f 468/361/503 473/366/508 610/445/645
f 468/361/503 610/445/645 611/446/646
f 382/288/417 468/361/503 611/446/646
f 382/288/417 611/446/646 612/440/647
f 381/287/416 382/288/417 612/440/647
f 381/287/416 612/440/647 557/439/592
f 603/312/638 624/404/659 605/411/640
f 625/282/660 627/280/662 626/281/661
f 628/364/663 514/352/549 517/362/552
f 629/360/664 628/364/663 517/362/552
f 630/311/665 632/293/667 631/292/666
f 632/293/667 502/294/537 631/292/666
f 633/354/668 635/277/670 634/279/669
f 520/389/555 624/404/659 636/403/671
f 414/272/449 520/389/555 636/403/671
f 414/272/449 636/403/671 500/342/535
f 413/320/448 414/272/449 500/342/535
f 413/320/448 500/342/535 420/343/455
f 479/376/514 413/320/448 420/343/455
f 479/376/514 420/343/455 421/402/456
f 481/378/516 479/376/514 421/402/456
f 624/404/659 603/312/638 631/292/666
f 636/403/671 624/404/659 631/292/666
f 636/403/671 631/292/666 502/294/537
f 500/342/535 636/403/671 502/294/537
f 630/311/665 631/292/666 603/312/638
f 589/310/624 630/311/665 603/312/638
f 589/310/624 603/312/638 606/430/641
f 599/420/634 589/310/624 606/430/641
f 599/420/634 606/430/641 607/431/642
f 598/433/633 599/420/634 607/431/642
f 620/359/655 637/358/672 591/286/626
f 616/361/651 620/359/655 591/286/626
f 616/361/651 591/286/626 590/288/625
f 615/446/650 616/361/651 590/288/625
f 615/446/650 590/288/625 587/440/622
f 618/437/653 615/446/650 587/440/622
f 618/437/653 587/440/622 588/438/623
f 637/358/672 502/285/537 632/367/667
f 591/286/626 637/358/672 632/367/667
f 591/286/626 632/367/667 630/368/665
f 589/287/624 591/286/626 630/368/665
f 502/285/537 637/358/672 638/363/673
f 501/283/536 502/285/537 638/363/673
f 501/283/536 638/363/673 517/362/552
f 511/369/546 501/283/536 517/362/552
f 511/369/546 517/362/552 518/370/553
f 410/371/445 511/369/546 518/370/553
f 410/371/445 518/370/553 490/317/525
f 409/316/444 410/371/445 490/317/525
f 409/316/444 490/317/525 492/315/527
f 517/362/552 638/363/673 637/358/672
f 629/360/664 517/362/552 637/358/672
f 629/360/664 637/358/672 620/359/655
f 628/364/663 629/360/664 620/359/655
f 628/364/663 620/359/655 619/365/654
f 639/395/674 628/364/663 619/365/654
f 639/395/674 619/365/654 621/366/656
f 497/303/532 519/302/554 640/409/675
f 426/333/461 497/303/532 640/409/675
f 426/333/461 640/409/675 641/412/676
f 428/298/463 426/333/461 641/412/676
f 428/298/463 641/412/676 642/413/677
f 640/409/675 519/302/554 515/349/550
f 641/412/676 640/409/675 515/349/550
f 641/412/676 515/349/550 513/353/548
f 642/413/677 641/412/676 513/353/548
f 642/413/677 513/353/548 643/396/678
f 555/338/590 642/413/677 643/396/678
f 555/338/590 643/396/678 639/395/674
f 554/340/589 555/338/590 639/395/674
f 554/340/589 639/395/674 621/366/656
f 600/443/635 554/340/589 621/366/656
f 600/443/635 621/366/656 614/445/649
f 602/436/637 600/443/635 614/445/649
f 602/436/637 614/445/649 617/435/652
f 548/400/583 602/436/637 617/435/652
f 548/400/583 617/435/652 618/437/653
f 547/401/582 548/400/583 618/437/653
f 547/401/582 618/437/653 588/438/623
f 552/415/587 645/408/680 644/300/679
f 551/414/586 552/415/587 644/300/679
f 551/414/586 644/300/679 646/299/681
f 568/406/603 645/408/680 552/415/587
f 567/416/602 568/406/603 552/415/587
f 567/416/602 552/415/587 550/337/585
f 569/424/604 567/416/602 550/337/585
f 647/295/682 645/408/680 568/406/603
f 648/405/683 647/295/682 568/406/603
f 648/405/683 568/406/603 566/407/601
f 649/410/684 648/405/683 566/407/601
f 649/410/684 566/407/601 573/425/608
f 597/418/632 649/410/684 573/425/608
f 597/418/632 573/425/608 574/419/609
f 595/417/630 597/418/632 574/419/609
f 595/417/630 574/419/609 575/394/610
f 592/393/627 595/417/630 575/394/610
f 592/393/627 575/394/610 650/392/685
f 594/391/629 592/393/627 650/392/685
f 594/391/629 650/392/685 651/291/686
f 647/295/682 458/296/493 457/297/492
f 645/408/680 647/295/682 457/297/492
f 645/408/680 457/297/492 427/334/462
f 644/300/679 645/408/680 427/334/462
f 644/300/679 427/334/462 428/298/463
f 646/299/681 644/300/679 428/298/463
f 646/299/681 428/298/463 642/413/677
f 551/414/586 646/299/681 642/413/677
f 551/414/586 642/413/677 555/338/590
f 550/337/585 551/414/586 555/338/590
f 550/337/585 555/338/590 553/339/588
f 569/424/604 550/337/585 553/339/588
f 569/424/604 553/339/588 561/422/596
f 563/423/598 569/424/604 561/422/596
f 563/423/598 561/422/596 601/444/636
f 562/397/597 563/423/598 601/444/636
f 562/397/597 601/444/636 602/436/637
f 652/399/687 562/397/597 602/436/637
f 652/399/687 602/436/637 548/400/583
f 653/278/688 652/399/687 548/400/583
f 653/278/688 548/400/583 549/307/584
f 627/280/662 653/278/688 549/307/584
f 520/389/555 458/296/493 647/295/682
f 624/404/659 520/389/555 647/295/682
f 624/404/659 647/295/682 648/405/683
f 605/411/640 624/404/659 648/405/683
f 605/411/640 648/405/683 649/410/684
f 604/429/639 605/411/640 649/410/684
f 604/429/639 649/410/684 597/418/632
f 607/431/642 604/429/639 597/418/632
f 607/431/642 597/418/632 596/432/631
f 598/433/633 607/431/642 596/432/631
f 598/433/633 596/432/631 593/434/628
f 547/442/582 598/433/633 593/434/628
f 547/442/582 593/434/628 594/391/629
f 549/390/584 547/442/582 594/391/629
f 549/390/584 594/391/629 651/291/686
f 627/290/662 549/390/584 651/291/686
f 627/290/662 651/291/686 626/289/661
f 513/353/548 514/352/549 628/364/663
f 643/396/678 513/353/548 628/364/663
f 643/396/678 628/364/663 639/395/674
f 634/279/669 625/282/660 654/355/689
f 633/354/668 634/279/669 654/355/689
f 633/354/668 654/355/689 655/356/690
f 656/398/691 658/379/693 657/381/692
f 659/274/694 656/398/691 657/381/692
f 659/274/694 657/381/692 660/383/695
f 661/275/696 659/274/694 660/383/695
f 661/275/696 660/383/695 662/385/697
f 650/392/685 661/275/696 662/385/697
f 650/392/685 662/385/697 651/291/686
f 658/379/693 655/356/690 663/380/698
f 657/381/692 658/379/693 663/380/698
f 657/381/692 663/380/698 664/382/699
f 660/383/695 657/381/692 664/382/699
f 660/383/695 664/382/699 665/384/700
f 662/385/697 660/383/695 665/384/700
f 662/385/697 665/384/700 666/386/701
f 651/291/686 662/385/697 666/386/701
f 651/291/686 666/386/701 626/289/661
f 633/354/668 655/356/690 658/379/693
f 635/277/670 633/354/668 658/379/693
f 635/277/670 658/379/693 656/398/691
f 562/397/597 635/277/670 656/398/691
f 562/397/597 656/398/691 659/274/694
f 564/276/599 562/397/597 659/274/694
f 564/276/599 659/274/694 661/275/696
f 575/394/610 564/276/599 661/275/696
f 575/394/610 661/275/696 650/392/685
f 627/280/662 625/282/660 634/279/669
f 653/278/688 627/280/662 634/279/669
f 653/278/688 634/279/669 635/277/670
f 652/399/687 653/278/688 635/277/670
f 652/399/687 635/277/670 562/397/597
f 531/407/566 565/425/600 543/416/578
f 530/406/565 531/407/566 543/416/578
f 530/406/565 543/416/578 542/415/577
f 532/408/567 530/406/565 542/415/577
f 532/408/567 542/415/577 391/300/426
f 533/334/568 532/408/567 391/300/426
f 533/334/568 391/300/426 389/298/424
f 534/333/569 533/334/568 389/298/424
f 534/333/569 389/298/424 539/412/574
f 535/409/570 534/333/569 539/412/574
f 535/409/570 539/412/574 449/349/484
f 393/302/428 535/409/570 449/349/484
f 393/302/428 449/349/484 397/306/432
f 392/301/427 393/302/428 397/306/432
f 392/301/427 397/306/432 395/304/430
f 444/345/479 392/301/427 395/304/430
f 560/424/595 543/416/578 622/427/657
f 613/426/648 560/424/595 622/427/657
f 613/426/648 622/427/657 623/428/658
f 370/276/405 613/426/648 623/428/658
f 370/276/405 623/428/658 508/394/543
f 369/275/404 370/276/405 508/394/543
f 369/275/404 508/394/543 506/392/541
f 488/385/523 369/275/404 506/392/541
f 488/385/523 506/392/541 383/291/418
f 489/386/524 488/385/523 383/291/418
f 489/386/524 383/291/418 375/289/410
v 1.2802734 7.072441 0.6303711
vt 0.13952637 0.7055664
vn -0.43373358 -0.12469993 -0.8923705
v 0.8544922 7.3038864 0.8051758
vt 0.4506836 0.78808594
v 0.9819336 6.9160156 0.7973633
vt 0.32543945 0.65600586
v -1.0581055 7.902031 0.44970703
vt 0.28918457 0.9803467
vn 0.2637472 -0.676123 -0.6879645
v -0.84277344 7.6442184 0.78564453
vt 0.43408203 0.89501953
v -0.5908203 7.872246 0.65771484
vt 0.6036377 0.970459
v -1.3618164 7.5050583 0.5419922
vt 0.08483887 0.848999
vn 0.43836123 -0.06677349 -0.89631504
v -0.8544922 7.3038864 0.8051758
v -1.2802734 7.072441 0.6303711
vn 0.4326337 -0.12195289 -0.8932836
v -0.98046875 6.9213867 0.7963867
v -0.95996094 5.4697266 0.5834961
vt 0.3552246 0.2319336
vn -0.71792907 -0.6121502 0.3314364
v -0.77978516 5.463867 1.0463867
vt 0.47644043 0.22998047
vn -0.58981055 -0.60543627 0.534388
v -0.56152344 5.236211 0.6611328
vt 0.61242676 0.14978027
vn -0.44332007 -0.85868466 0.25715372
v -0.5595703 7.690117 1.0214844
vt 0.6246338 0.9102783
vn -0.38325486 0.5404876 0.7489919
v -0.33691406 7.466484 1.159668
vt 0.7825928 0.83618164
vn -0.24836254 0.3437645 0.9056169
v -0.6220703 7.42498 1.0322266
vt 0.59033203 0.81677246
vn -0.5575323 0.2270049 0.7985152
v -0.3227539 7.7169724 1.0556641
vt 0.7919922 0.91918945
vn -0.16602375 0.6320499 0.756934
v -0.30859375 5.1405077 0.7192383
vt 0.8015137 0.122680664
vn -0.24946995 -0.86347 0.43838835
v 1.3618164 7.5050583 0.5419922
vn -0.43836123 -0.06677349 -0.89631504
v 0.84277344 7.6442184 0.78564453
v -0.91845703 5.898926 1.1367188
vt 0.38330078 0.37402344
vn -0.69919246 -0.19751959 0.6871069
v -0.42041016 5.9057617 1.3818359
vt 0.7261963 0.37634277
vn -0.29004797 -0.16583762 0.94253385
v -0.37548828 5.459961 1.2573242
vt 0.7565918 0.22875977
vn -0.24537641 -0.58664495 0.77177596
v 1.0581055 7.902031 0.44970703
vn -0.2637472 -0.676123 -0.6879645
v 0.5908203 7.872246 0.65771484
v 0 7.72332 1.0922852
vt 0.97717285 0.92126465
vn 0 0.6000586 0.7999561
v 0 7.8702927 0.9067383
vt 0.97717285 0.96984863
vn 0 0.7943769 0.6074252
v 0 7.480644 1.1953125
vt 0.97717285 0.8409424
vn 0 0.39357305 0.91929334
v 0 6.970215 1.4165039
vt 0.97717285 0.671875
vn 0 0.24652608 0.9691362
v -0.35302734 6.956543 1.3554688
vt 0.7718506 0.6673584
vn -0.3049426 0.23297958 0.92343414
v 0 6.4213867 1.4794922
vt 0.97717285 0.54174805
vn 0 0.024292236 0.9997049
v -0.40283203 6.4072266 1.4057617
vt 0.73828125 0.5369873
vn -0.30042246 0.040040053 0.95296544
v 0 5.908203 1.4458008
vt 0.9770508 0.37695312
vn 0 -0.17560263 0.9844611
v 0 5.4467773 1.300293
vt 0.9770508 0.22424316
vn 0 -0.5965274 0.8025927
v 0 5.1033983 0.76416016
vt 0.9770508 0.11047363
vn 0 -0.8598321 0.51057684
vn -0.18592538 0.86309415 0.4695745
v -0.29052734 7.8854294 0.83251953
vt 0.8138428 0.9748535
vn -0.24177179 0.79141957 0.5614281
vn -0.5453747 0.07446638 0.83487797
vn -0.6455366 0.06280798 0.7611423
vn -0.57118213 0.3593235 0.7379956
vn -0.36898285 0.7196539 0.5881752
v -1.0146484 6.814453 0.7944336
vt 0.31835938 0.6203613
vn -0.80797035 0.25288367 0.5321971
v -0.734375 6.916992 1.1713867
vt 0.50720215 0.6542969
vn -0.6002504 0.23402075 0.7648096
v -1.1953125 6.335449 0.7495117
vt 0.24389648 0.5131836
vn -0.8183409 0.011658321 0.5746149
vn -0.77384675 -0.38448182 0.5033239
vn -0.6780132 0.13355176 0.72281533
v -0.88623047 6.376953 1.1865234
vt 0.40478516 0.52697754
vn -0.6573762 0.0765413 0.74966526
v -1.2016602 5.8623047 0.6245117
vt 0.20739746 0.3618164
vn -0.8083937 -0.30842748 0.50137013
vn 0.6455366 0.06280798 0.7611423
v 0.734375 6.916992 1.1713867
vn 0.59975034 0.23395513 0.7652219
v 0.6220703 7.42498 1.0322266
vn 0.5575323 0.2270049 0.7985152
vn 0.67701954 0.13763785 0.7229802
vn 0.77757156 -0.35878527 0.5163871
vn 0.57118213 0.3593235 0.7379956
v 0.5595703 7.690117 1.0214844
vn 0.38325486 0.5404876 0.7489919
vn 0.5453747 0.07446638 0.83487797
vn 0.18592538 0.86309415 0.4695745
v 0.3227539 7.7169724 1.0556641
vn 0.16602375 0.6320499 0.756934
vn 0.36898285 0.7196539 0.5881752
v 0.33691406 7.466484 1.159668
vn 0.24836254 0.3437645 0.9056169
v 0.35302734 6.956543 1.3554688
vn 0.3049426 0.23297958 0.92343414
v 0.40283203 6.4072266 1.4057617
vn 0.30042246 0.040040053 0.95296544
v 0.88623047 6.376953 1.1865234
vn 0.6573762 0.0765413 0.74966526
v 0.42041016 5.9057617 1.3818359
vn 0.29004797 -0.16583762 0.94253385
v 0.91845703 5.898926 1.1367188
vn 0.69919246 -0.19751959 0.6871069
v 0.37548828 5.459961 1.2573242
vn 0.24537641 -0.58664495 0.77177596
v 0.77978516 5.463867 1.0463867
vn 0.58981055 -0.60543627 0.534388
v 0.30859375 5.1405077 0.7192383
vn 0.24946995 -0.86347 0.43838835
v 0.56152344 5.236211 0.6611328
vn 0.44332007 -0.85868466 0.25715372
v 0.29052734 7.8854294 0.83251953
vn 0.24177179 0.79141957 0.5614281
v 1.0146484 6.814453 0.7944336
vn 0.808141 0.25080448 0.5329214
v 1.1953125 6.335449 0.7495117
vn 0.8183409 0.011658321 0.5746149
v 1.2016602 5.8623047 0.6245117
vn 0.8083937 -0.30842748 0.50137013
v 0.95996094 5.4697266 0.5834961
vn 0.71792907 -0.6121502 0.3314364
o Joint_0_Object_7
g polygon_0
usemtl Material_8828E06C
f 667/447/702 669/449/702 668/448/702
f 670/450/703 672/452/703 671/451/703
f 673/453/704 671/451/704 674/448/704
f 675/447/705 674/448/705 676/449/705
f 677/454/706 679/456/708 678/455/707
f 680/457/709 682/459/711 681/458/710
f 680/457/709 681/458/710 683/460/712
f 678/455/707 679/456/708 684/461/713
f 685/453/714 668/448/714 686/451/714
f 687/462/715 689/464/717 688/463/716
f 690/450/718 686/451/718 691/452/718
f 692/465/719 693/466/720 683/460/712
f 694/467/721 692/465/719 683/460/712
f 694/467/721 683/460/712 681/458/710
f 695/468/722 694/467/721 681/458/710
f 695/468/722 681/458/710 696/469/723
f 697/470/724 695/468/722 696/469/723
f 697/470/724 696/469/723 698/471/725
f 699/472/726 697/470/724 698/471/725
f 699/472/726 698/471/725 688/463/716
f 700/473/727 699/472/726 688/463/716
f 700/473/727 688/463/716 689/464/717
f 701/474/728 700/473/727 689/464/717
f 701/474/728 689/464/717 684/461/713
f 672/452/729 680/457/709 683/460/712
f 702/475/730 672/452/729 683/460/712
f 702/475/730 683/460/712 693/466/720
f 673/453/731 674/448/732 682/459/711
f 671/451/733 673/453/731 682/459/711
f 671/451/733 682/459/711 680/457/709
f 670/450/734 671/451/733 680/457/709
f 670/450/734 680/457/709 672/452/729
f 703/476/735 705/478/737 704/477/736
f 676/449/738 703/476/735 704/477/736
f 676/449/738 704/477/736 675/447/739
f 705/478/737 707/480/741 706/479/740
f 704/477/736 705/478/737 706/479/740
f 704/477/736 706/479/740 698/471/725
f 696/469/723 704/477/736 698/471/725
f 707/480/741 677/454/706 687/462/715
f 706/479/740 707/480/741 687/462/715
f 706/479/740 687/462/715 688/463/716
f 698/471/725 706/479/740 688/463/716
f 687/462/715 677/454/706 678/455/707
f 689/464/717 687/462/715 678/455/707
f 689/464/717 678/455/707 684/461/713
f 674/448/732 675/447/739 704/477/736
f 682/459/711 674/448/732 704/477/736
f 682/459/711 704/477/736 696/469/723
f 681/458/710 682/459/711 696/469/723
f 668/448/742 709/459/744 708/477/743
f 667/447/745 668/448/742 708/477/743
f 667/447/745 708/477/743 669/449/746
f 686/451/747 710/457/748 709/459/744
f 685/453/749 686/451/747 709/459/744
f 685/453/749 709/459/744 668/448/742
f 691/452/750 711/460/751 710/457/748
f 690/450/752 691/452/750 710/457/748
f 690/450/752 710/457/748 686/451/747
f 710/457/748 711/460/751 712/458/753
f 709/459/744 710/457/748 712/458/753
f 709/459/744 712/458/753 713/469/754
f 708/477/743 709/459/744 713/469/754
f 708/477/743 713/469/754 714/471/755
f 715/479/756 708/477/743 714/471/755
f 715/479/756 714/471/755 716/463/757
f 717/462/758 715/479/756 716/463/757
f 717/462/758 716/463/757 718/464/759
f 719/455/760 717/462/758 718/464/759
f 719/455/760 718/464/759 720/461/761
f 721/456/762 719/455/760 720/461/761
f 711/460/751 692/465/719 694/467/721
f 712/458/753 711/460/751 694/467/721
f 712/458/753 694/467/721 695/468/722
f 713/469/754 712/458/753 695/468/722
f 713/469/754 695/468/722 697/470/724
f 714/471/755 713/469/754 697/470/724
f 714/471/755 697/470/724 699/472/726
f 716/463/757 714/471/755 699/472/726
f 716/463/757 699/472/726 700/473/727
f 718/464/759 716/463/757 700/473/727
f 718/464/759 700/473/727 701/474/728
f 720/461/761 718/464/759 701/474/728
f 693/466/720 692/465/719 711/460/751
f 722/475/763 693/466/720 711/460/751
f 722/475/763 711/460/751 691/452/750
f 723/476/764 669/449/746 708/477/743
f 724/478/765 723/476/764 708/477/743
f 724/478/765 708/477/743 715/479/756
f 725/480/766 724/478/765 715/479/756
f 725/480/766 715/479/756 717/462/758
f 726/454/767 725/480/766 717/462/758
f 726/454/767 717/462/758 719/455/760
f 721/456/762 726/454/767 719/455/760
v -0.61925757 0.093084514 3.929335
vt 0.9934082 0.019897461
vn 0.046449017 -0.015198243 0.99880505
v -0.9068552 0.062322795 3.7838273
vt 0.9445801 0.01965332
vn -0.6845334 0.016907306 0.7287854
v -0.9122263 0.3225767 3.781386
vt 0.9440918 0.13928223
vn -0.66056496 0.21101207 0.7205053
v 0.5062305 0.33419812 -0.5161131
vt 0.20495605 0.13928223
vn 0.95883906 0.05212604 -0.27912468
v 0.4852345 0.016815424 -0.5600584
vt 0.19812012 0.01928711
vn 0.93294525 -0.08209432 -0.35053343
v 0.5814259 -0.0012509823 0.12597667
vt 0.3161621 0.019165039
vn 0.99705696 0.0053102593 -0.07648064
v -0.20251954 1.3468935 -0.7822265
vt 0.1586914 0.69091797
vn -0.8012966 0.32227656 -0.5040453
v -0.32019532 1.436249 -0.41259766
vt 0.22143555 0.68151855
vn -0.88376987 0.42537415 -0.19495554
v -0.5057422 0.33419836 -0.5161132
vn -0.958839 0.052126147 -0.27912477
v 0.6173047 0.46017492 -1.302246
vt 0.0056152344 0.13891602
vn 0.022034783 -0.033448912 -0.9991975
v 0.98498046 0.4504093 -1.2636718
vt 0.061157227 0.13891602
vn 0.35108924 -0.034425236 -0.935709
v 0.99621093 1.080292 -1.1450194
vt 0.08129883 0.49475098
vn 0.34400705 0.23871753 -0.90811515
v 0.61681634 1.8883973 -0.6865234
vt 0.13183594 0.9958496
vn 0.012146696 0.90581983 -0.42348906
v 0.91320306 1.8644716 -0.6865234
vt 0.1763916 0.8376465
vn 0.3120268 0.8618582 -0.39979964
v 0.6173047 1.9801942 0.12597655
vt 0.3161621 0.9577637
vn 0.012878516 0.9987301 0.048706606
v 0.6192579 0.09308463 3.9293354
vn -0.046448898 -0.015198237 0.99880505
v 0.38683605 0.061834633 3.7838275
vt 0.94470215 0.01965332
vn -0.7215899 0.006347918 0.6922917
v 0.37414074 0.3152526 3.7799213
vn -0.70187104 0.17957252 0.68929726
v 0.13878915 0.28009644 3.3502338
vt 0.869751 0.1394043
vn -0.8698365 0.12567492 0.4770641
v 0.12560558 0.03302616 3.3717182
vt 0.8737793 0.01940918
vn -0.87304723 0.051028978 0.48495832
v -0.25878906 -0.0009765625 2.6367188
vt 0.7475586 0.019165039
vn -0.9342274 0.06591961 0.35053363
v -0.43701172 0.27441406 1.859375
vt 0.61364746 0.1394043
vn -0.96647143 0.15753838 0.20276734
v -0.44970703 -0.0029296875 1.8540039
vt 0.6126709 0.019165039
vn -0.97725 0.05743503 0.20416595
v -0.6112108 -0.0022274256 0.93359363
vt 0.45483398 0.019165039
vn -0.99621665 0.04724419 0.072941475
v 1.1568556 0.08566332 -1.0551757
vt 0.103027344 0.01940918
vn 0.54488724 -0.2118022 -0.8113185
v 1.6563673 0.016815424 -0.5600584
vn 0.8783073 -0.10412732 -0.4666197
v 1.6763867 0.33273327 -0.5239256
vn 0.90720654 -0.019226955 -0.42024592
v -0.61925757 0.36017433 3.9351945
vt 0.99438477 0.13916016
vn 0.039612565 0.2714891 0.96162593
v 1.423457 1.5339051 -0.43652332
vn 0.75973797 0.59774345 -0.25593162
v 1.0626172 1.9142761 0.12597658
vt 0.3161621 0.859375
vn 0.4151839 0.9092295 0.030397177
v -1.8760936 0.2756046 0.92773426
vt 0.45385742 0.1394043
vn -0.99166286 0.11419965 0.059693795
v -1.8892772 -0.0012508631 0.9316405
vt 0.45458984 0.019165039
vn -0.99891406 0.029785587 0.035828028
v -1.8262889 -0.0007624626 0.12597652
vn -0.9882903 -0.0095825335 -0.15228416
v -0.38097638 0.8684751 3.2940812
vt 0.86047363 0.3988037
vn 0.48373544 0.7142803 0.5057705
v -0.17394513 0.6218931 3.2940812
vt 0.8605957 0.28271484
vn 0.7855185 0.39303377 0.47800106
v -0.3883006 0.6804868 3.5094132
vt 0.89819336 0.3206787
vn 0.5207699 0.63643533 0.56898934
v -0.13878885 0.28009626 3.3502336
vn 0.8698365 0.12567483 0.47706422
v -0.12560523 0.03302592 3.371718
vn 0.8730472 0.051028874 0.4849584
v -0.3868357 0.061834514 3.7838273
vn 0.72158986 0.0063478313 0.6922917
v -1.6763867 0.3327335 -0.5239257
vn -0.9072065 -0.019226847 -0.420246
v -1.6563671 0.016815662 -0.56005853
vn -0.8783072 -0.104127206 -0.4666198
v -1.1568553 0.08566332 -1.0551757
vn -0.54488724 -0.21180211 -0.8113185
v 0.44970703 -0.0029296875 1.8540039
vn 0.97725 0.05743503 0.20416595
v 0.43701172 0.27441406 1.859375
vn 0.96647143 0.15753838 0.20276734
v 0.61121106 -0.002227664 0.93359375
vn 0.9962166 0.04724407 0.07294159
v -0.12658209 1.860077 -0.6865233
vn 0.3957235 0.8345414 -0.3833323
v -0.6173047 1.9801942 0.12597655
vn -0.012878629 0.9987301 0.048706606
v -0.61681646 1.8883973 -0.6865234
vn -0.012146855 0.90581983 -0.42348906
v -1.2369337 1.5509951 -0.7978515
vn -0.63194364 0.5376984 -0.5581466
v -1.423457 1.5339053 -0.43652344
vn -0.7597379 0.59774345 -0.25593168
v -1.6651562 1.0573428 -0.45410153
vt 0.21496582 0.48425293
vn -0.90746737 0.24562113 -0.340842
v -1.3604687 1.073456 -0.9155273
vt 0.1439209 0.48913574
vn -0.70480406 0.22339858 -0.6733085
v -1.3394727 0.39474523 -1.0190428
vt 0.122680664 0.13916016
vn -0.69234616 -0.046632387 -0.7200571
v -0.98498046 0.4504093 -1.2636718
vn -0.35108933 -0.034425188 -0.93570894
v -0.06603515 1.0827334 -1.1381835
vn 0.40303054 0.22419077 -0.887302
v -0.059199274 1.5348818 -0.9931639
vt 0.10668945 0.69555664
vn 0.4293441 0.49703574 -0.7540684
v -0.61730474 1.5382998 -1.040039
vt 0.047607422 0.6953125
vn -0.014282648 0.51661384 -0.85609937
v -0.6173047 0.46017492 -1.302246
vn -0.022034898 -0.033448912 -0.9991975
v -0.6173047 1.0827334 -1.196289
vt 0.020874023 0.49523926
vn -0.014465955 0.24555384 -0.969275
v -0.99621093 1.080292 -1.1450194
vn -0.34400713 0.23871756 -0.9081151
v -0.083124995 0.4504093 -1.2543944
vn 0.3644498 -0.009460614 -0.93117505
v -0.9132032 1.8644717 -0.6865234
vn -0.31202695 0.8618582 -0.39979967
v -0.949336 1.5431826 -0.9946288
vn -0.2902992 0.50723 -0.8114458
v 1.8331251 0.2775576 0.12597667
vt 0.31604004 0.1394043
vn 0.99107623 0.04577855 -0.12518914
v 1.8262892 -0.00076270103 0.12597667
vn 0.9882903 -0.009582651 -0.15228404
v 1.8760939 0.27560437 0.9277344
vn 0.99166286 0.114199534 0.059693914
v -1.8331249 0.27755785 0.12597652
vn -0.9910762 0.045778666 -0.12518926
v -0.38585916 0.5217954 3.6788468
vt 0.9267578 0.24963379
vn 0.6302248 0.4663357 0.62076384
v -0.37414038 0.31525242 3.779921
vn 0.70187104 0.1795724 0.68929726
v -0.58142567 -0.0012507439 0.12597652
vn -0.99705696 0.0053103785 -0.07648076
v -0.590703 0.27706945 0.92773426
vn -0.9860454 0.14520597 0.08142269
v -0.58142567 0.2790227 0.124999955
vn -0.99299383 0.10589743 -0.052429937
v -0.34656245 1.2560732 0.9306639
vt 0.45410156 0.58325195
vn -0.8887012 0.4361106 0.14148408
v -0.33093745 1.4010928 0.12499993
vt 0.31604004 0.6591797
vn -0.89930004 0.4373208 0.0031737913
v 0.039668024 1.7306825 0.932617
vt 0.45446777 0.7819824
vn -0.50954 0.8304134 0.2253499
v 0.0386914 1.9089051 0.12597652
vn -0.48109978 0.8756478 0.042238083
v 0.12707025 1.8600771 -0.68652344
vn -0.39572358 0.8345413 -0.38333237
v 0.6173046 1.5382998 -1.040039
vn 0.0142824855 0.5166139 -0.85609937
v -0.2133789 1.0234375 1.862793
vt 0.61450195 0.44384766
vn -0.8589383 0.45101583 0.24250723
v 0.13085938 1.4384766 1.8637695
vt 0.614624 0.65527344
vn -0.50509197 0.80637705 0.30763307
v 0.22998047 1.1821289 2.630371
vt 0.74645996 0.5402832
vn -0.49739647 0.77633893 0.38716233
v 0.61816406 1.5678711 1.8637695
vt 0.614624 0.8260498
vn -0.0015258993 0.94856 0.3165936
v 0.61865234 1.2875977 2.630371
vt 0.74645996 0.7030029
vn -0.008911472 0.91629463 0.40040585
v 0.61730474 1.8381042 0.93261707
vt 0.4547119 0.9123535
vn 0.008667258 0.9703104 0.24170779
v 0.5814259 0.27902246 0.1250001
vn 0.9929939 0.105897315 -0.05242982
v 0.59119153 0.2770692 0.9277344
vn 0.9860455 0.14520586 0.081422806
v 0.34656256 1.256073 0.930664
vn 0.88870126 0.4361105 0.1414842
v 0.2133789 1.0234375 1.862793
vn 0.8589383 0.45101583 0.24250723
v -0.13085938 1.4384766 1.8637695
vn 0.50509197 0.80637705 0.30763307
v -0.22998047 1.1821289 2.630371
vn 0.49739647 0.77633893 0.38716233
v 0.33093756 1.4010926 0.12500004
vn 0.89930004 0.43732068 0.0031738984
v -0.039667904 1.7306824 0.9326171
vn 0.50953996 0.83041334 0.22534999
v -0.0386914 1.908905 0.12597658
vn 0.4810997 0.8756478 0.042238146
v 0.32019532 1.4362489 -0.41259754
vn 0.88376987 0.4253741 -0.19495547
v -0.23730469 0.27441406 2.6396484
vt 0.7480469 0.1394043
vn -0.92704713 0.14685775 0.3449875
v -0.11279297 0.7998047 2.6347656
vt 0.7459717 0.366333
vn -0.8350086 0.42244843 0.3525592
v 0.17394537 0.6218933 3.2940814
vn -0.7855186 0.39303392 0.47800097
v 0.38097662 0.86847526 3.2940814
vn -0.48373544 0.7142803 0.5057705
v 0.38830084 0.680487 3.5094135
vn -0.52076983 0.6364354 0.56898916
v 0.6187696 0.9519713 3.3028705
vt 0.88391113 0.55126953
vn -0.016174769 0.84804505 0.5296773
v 0.61925787 0.74982285 3.586562
vt 0.93981934 0.42077637
vn -0.032106012 0.7535143 0.6566471
v 0.38585946 0.5217956 3.678847
vn -0.6302248 0.46633577 0.6207637
v 0.11279297 0.7998047 2.6347656
vn 0.8350086 0.42244843 0.3525592
v 0.23730469 0.27441406 2.6396484
vn 0.92704713 0.14685775 0.3449875
v 0.25927734 -0.0009765625 2.6367188
vn 0.9342274 0.06591961 0.35053363
v 1.0649414 1.4550781 1.862793
vn 0.49068695 0.8194393 0.2962189
v 1.5123243 1.3337097 0.9277343
vn 0.7748026 0.6068289 0.17731225
v 1.5537109 0.9067383 1.8618164
vn 0.85236615 0.46360075 0.24196358
v 1.077754 1.7409363 0.93066394
vn 0.45398933 0.86189604 0.225896
v 1.4864453 1.5485536 0.12597659
vn 0.76622975 0.6425635 0.0020143352
v 1.034668 1.1875 2.630371
vn 0.5186945 0.76449156 0.38276458
v 1.3330078 0.77734375 2.6206055
vn 0.81881326 0.4550319 0.34998697
v 0.8975782 0.85626817 3.293105
vn 0.5099198 0.7097003 0.48611456
v 1.0992384 0.57452995 3.2960346
vn 0.801934 0.40939027 0.43508795
v 0.89269537 0.68781114 3.517226
vn 0.5381161 0.6377309 0.55111736
v 0.8985548 0.5242369 3.6808002
vn 0.59872717 0.4967926 0.6282698
v 0.6192579 0.52911973 3.805312
vt 0.9766846 0.30615234
vn -0.042177327 0.6142264 0.78800195
v 0.6192579 0.36017445 3.9351947
vn -0.039612483 0.2714891 0.96162593
v -1.7636719 -0.001953125 1.8500977
vn -0.9795456 0.057742406 0.19275953
v -1.7490234 0.2734375 1.8564453
vn -0.9628291 0.17237411 0.20795986
v -1.5649414 -0.00048828125 2.6367188
vn -0.932178 0.077274576 0.35365632
v 1.7686719 1.0622255 0.12597664
vt 0.3161621 0.46276855
vn 0.95056295 0.30562302 -0.054996237
v 1.7222853 0.96603405 0.930664
vt 0.4543457 0.4440918
vn 0.9311836 0.34571463 0.11566553
v -1.722285 0.9660342 0.9306639
vn -0.9311836 0.34571475 0.11566543
v -1.5123241 1.3337098 0.9277342
vn -0.77480257 0.606829 0.17731217
v -1.5537109 0.9067383 1.8618164
vn -0.85236615 0.46360075 0.24196358
v -1.7686719 1.0622256 0.12597649
vn -0.95056295 0.30562314 -0.054996345
v -1.4864453 1.5485537 0.1259765
vn -0.76622975 0.6425635 0.0020142435
v 0.059687436 1.5348818 -0.993164
vn -0.42934424 0.49703577 -0.7540683
v 0.06603515 1.0827335 -1.1381835
vn -0.40303063 0.22419082 -0.887302
v 0.083124995 0.4504093 -1.2543944
vn -0.3644499 -0.00946057 -0.931175
v 0.6173047 1.0827334 -1.196289
vn 0.01446581 0.24555384 -0.969275
v -0.27771485 0.40402257 -0.9785155
vn -0.7895693 0.028687296 -0.61299044
v -0.12537104 0.08517504 -1.052246
vt 0.103393555 0.01940918
vn -0.6045782 -0.15943028 -0.7804276
v -0.48474598 0.016815662 -0.56005853
vn -0.9329452 -0.08209421 -0.35053352
v 0.9493359 1.5431826 -0.9946288
vn 0.29029906 0.50723 -0.8114458
v -0.6192576 0.74982274 3.5865617
vn 0.032105997 0.7535143 0.6566471
v -0.61876935 0.9519712 3.3028703
vn 0.016174732 0.84804505 0.5296773
v -0.61816406 1.2875977 2.630371
vn 0.008911472 0.91629463 0.40040585
v -0.61816406 1.5678711 1.8637695
vn 0.0015258993 0.94856 0.3165936
v -0.6173046 1.8381042 0.93261707
vn -0.008667345 0.9703104 0.24170779
v 0.20251954 1.3468935 -0.7822264
vn 0.8012966 0.3222765 -0.50404525
v 0.27771485 0.40402257 -0.9785154
vn 0.7895694 0.028687209 -0.61299044
v 0.12537116 0.08517504 -1.052246
vn 0.60457814 -0.15943035 -0.7804276
v -0.61925757 0.5291196 3.8053117
vn 0.04217735 0.6142264 0.78800195
v -0.8926951 0.6878111 3.5172257
vn -0.5381161 0.637731 0.55111724
v -0.89757794 0.8562681 3.2931046
vn -0.50991976 0.70970035 0.48611447
v -1.034668 1.1875 2.630371
vn -0.5186945 0.76449156 0.38276458
v -1.0649414 1.4550781 1.862793
vn -0.49068695 0.8194393 0.2962189
v -1.0777538 1.7409364 0.93066394
vn -0.45398936 0.861896 0.22589593
v -1.0626172 1.9142762 0.12597652
vn -0.41518402 0.9092295 0.030397128
v -0.89855444 0.52423686 3.6808
vn -0.59872717 0.4967927 0.62826973
v -1.1690624 0.27472523 3.3453507
vn -0.8623727 0.18147181 0.47263238
v -1.1812693 0.03302604 3.371718
vn -0.8667548 0.06409102 0.49459943
v -1.0992382 0.5745299 3.2960343
vn -0.801934 0.4093904 0.43508783
v -1.3330078 0.77734375 2.6206055
vn -0.81881326 0.4550319 0.34998697
v -1.5385742 0.27148438 2.6396484
vn -0.9126516 0.2007565 0.3560391
v -0.6173047 0.12179613 -1.2812499
vt 0.009277344 0.020019531
vn -0.033937383 -0.24885334 -0.96794647
v 1.6651562 1.0573428 -0.4541014
vn 0.9074674 0.24562106 -0.34084195
v 0.9122267 0.32257676 3.7813861
vn 0.66056496 0.21101195 0.7205053
v 1.1690626 0.2747253 3.345351
vn 0.86237264 0.18147172 0.47263247
v 1.5385742 0.27148438 2.6396484
vn 0.9126516 0.2007565 0.3560391
v 1.7495117 0.2734375 1.8564453
vn 0.9628291 0.17237411 0.20795986
v 0.9068556 0.062322915 3.7838275
vn 0.6845334 0.01690722 0.7287854
v 1.1812696 0.03302604 3.3717182
vn 0.8667547 0.064090915 0.49459952
v 1.5649414 -0.00048828125 2.6367188
vn 0.932178 0.077274576 0.35365632
v 1.7636719 -0.001953125 1.8500977
vn 0.9795456 0.057742406 0.19275953
v 1.8892775 -0.0012511015 0.9316406
vn 0.998914 0.029785465 0.035828147
v 1.2369335 1.5509951 -0.7978514
vn 0.63194364 0.5376984 -0.55814666
v 0.6173047 0.12179613 -1.2812499
vn 0.033937294 -0.24885334 -0.96794647
v 1.3604687 1.073456 -0.91552716
vn 0.70480406 0.22339854 -0.6733085
v 1.3394727 0.39474523 -1.0190428
vn 0.6923462 -0.046632476 -0.7200571
o Joint_0_Object_8
g polygon_0
usemtl Material_3BB96923
f 727/481/768 729/483/770 728/482/769
f 730/484/771 732/486/773 731/485/772
f 733/487/774 735/484/776 734/488/775
f 736/489/777 738/491/779 737/490/778
f 739/492/780 741/494/782 740/493/781
f 742/481/783 744/483/785 743/495/784
f 745/496/786 747/498/788 746/497/787
f 748/499/789 750/501/791 749/500/790
f 751/502/792 753/484/794 752/485/793
f 729/483/770 727/481/768 754/503/795
f 740/493/781 756/504/797 755/488/796
f 757/505/798 759/486/800 758/506/799
f 760/507/801 762/509/803 761/508/802
f 763/496/804 765/495/806 764/497/805
f 766/484/807 768/502/809 767/485/808
f 769/500/810 771/501/812 770/499/811
f 772/493/813 774/492/815 773/494/814
f 775/487/816 777/510/818 776/488/817
f 778/511/819 780/490/821 779/512/820
f 781/491/822 783/514/824 782/513/823
f 784/489/825 786/491/827 785/515/826
f 785/515/826 787/490/828 784/489/825
f 788/493/829 783/514/824 789/513/830
f 790/516/831 792/505/833 791/486/832
f 757/505/798 793/516/834 759/486/800
f 747/498/788 748/499/789 749/500/790
f 761/508/802 762/509/803 794/517/835
f 763/496/804 761/508/802 794/517/835
f 763/496/804 794/517/835 795/483/836
f 765/495/806 763/496/804 795/483/836
f 765/495/806 795/483/836 727/481/768
f 796/486/837 750/501/791 797/505/838
f 798/516/839 796/486/837 797/505/838
f 798/516/839 797/505/838 799/518/840
f 800/519/841 798/516/839 799/518/840
f 800/519/841 799/518/840 801/520/842
f 802/504/843 800/519/841 801/520/842
f 802/504/843 801/520/842 741/494/782
f 803/493/844 802/504/843 741/494/782
f 803/493/844 741/494/782 739/492/780
f 804/514/845 803/493/844 739/492/780
f 804/514/845 739/492/780 740/493/781
f 799/518/840 797/505/838 805/521/846
f 806/522/847 799/518/840 805/521/846
f 806/522/847 805/521/846 807/523/848
f 808/524/849 806/522/847 807/523/848
f 808/524/849 807/523/848 809/525/850
f 801/520/842 799/518/840 806/522/847
f 810/526/851 801/520/842 806/522/847
f 810/526/851 806/522/847 808/524/849
f 732/486/773 730/484/771 811/516/852
f 812/505/853 732/486/773 811/516/852
f 812/505/853 811/516/852 813/518/854
f 814/521/855 812/505/853 813/518/854
f 814/521/855 813/518/854 815/522/856
f 816/523/857 814/521/855 815/522/856
f 811/516/852 730/484/771 817/519/858
f 813/518/854 811/516/852 817/519/858
f 813/518/854 817/519/858 818/520/859
f 815/522/856 813/518/854 818/520/859
f 819/504/860 818/520/859 817/519/858
f 820/488/861 819/504/860 817/519/858
f 820/488/861 817/519/858 730/484/771
f 748/499/789 747/498/788 821/527/862
f 822/528/863 748/499/789 821/527/862
f 822/528/863 821/527/862 823/508/864
f 824/507/865 822/528/863 823/508/864
f 824/507/865 823/508/864 825/509/866
f 826/529/867 824/507/865 825/509/866
f 826/529/867 825/509/866 827/530/868
f 821/527/862 747/498/788 745/496/786
f 823/508/864 821/527/862 745/496/786
f 823/508/864 745/496/786 828/517/869
f 825/509/866 823/508/864 828/517/869
f 825/509/866 828/517/869 827/530/868
f 744/483/785 828/517/869 745/496/786
f 743/495/784 744/483/785 745/496/786
f 743/495/784 745/496/786 746/497/787
f 797/505/838 750/501/791 748/499/789
f 805/521/846 797/505/838 748/499/789
f 805/521/846 748/499/789 822/528/863
f 807/523/848 805/521/846 822/528/863
f 807/523/848 822/528/863 824/507/865
f 809/525/850 807/523/848 824/507/865
f 809/525/850 824/507/865 826/529/867
f 829/528/870 761/508/802 830/527/871
f 770/499/811 829/528/870 830/527/871
f 770/499/811 830/527/871 831/498/872
f 769/500/810 770/499/811 831/498/872
f 802/504/843 803/493/844 734/488/775
f 800/519/841 802/504/843 734/488/775
f 800/519/841 734/488/775 735/484/776
f 798/516/839 800/519/841 735/484/776
f 798/516/839 735/484/776 796/486/837
f 832/522/873 834/521/875 833/518/874
f 835/520/876 832/522/873 833/518/874
f 835/520/876 833/518/874 836/519/877
f 834/521/875 832/522/873 837/523/878
f 838/528/879 834/521/875 837/523/878
f 838/528/879 837/523/878 839/507/880
f 840/508/881 838/528/879 839/507/880
f 840/508/881 839/507/880 841/509/882
f 842/517/883 840/508/881 841/509/882
f 842/517/883 841/509/882 843/531/884
f 844/503/885 842/517/883 843/531/884
f 756/504/797 740/493/781 741/494/782
f 810/526/851 756/504/797 741/494/782
f 810/526/851 741/494/782 801/520/842
f 757/505/798 758/506/799 845/500/886
f 846/499/887 757/505/798 845/500/886
f 846/499/887 845/500/886 847/498/888
f 814/521/855 829/528/870 770/499/811
f 812/505/853 814/521/855 770/499/811
f 812/505/853 770/499/811 771/501/812
f 732/486/773 812/505/853 771/501/812
f 760/507/801 761/508/802 829/528/870
f 816/523/857 760/507/801 829/528/870
f 816/523/857 829/528/870 814/521/855
f 848/532/889 836/519/877 833/518/874
f 849/533/890 848/532/889 833/518/874
f 849/533/890 833/518/874 834/521/875
f 850/533/891 852/521/893 851/518/892
f 853/532/894 850/533/891 851/518/892
f 853/532/894 851/518/892 854/519/895
f 733/487/774 734/488/775 803/493/844
f 855/513/896 733/487/774 803/493/844
f 855/513/896 803/493/844 804/514/845
f 856/491/897 858/515/899 857/490/898
f 859/512/900 856/491/897 857/490/898
f 859/512/900 857/490/898 860/534/901
f 861/485/902 859/512/900 860/534/901
f 830/527/871 761/508/802 763/496/804
f 831/498/872 830/527/871 763/496/804
f 831/498/872 763/496/804 764/497/805
f 855/513/896 804/514/845 856/491/897
f 733/487/774 855/513/896 856/491/897
f 733/487/774 856/491/897 859/512/900
f 735/484/776 733/487/774 859/512/900
f 735/484/776 859/512/900 861/485/902
f 796/486/837 735/484/776 861/485/902
f 858/515/899 856/491/897 804/514/845
f 862/513/903 858/515/899 804/514/845
f 862/513/903 804/514/845 740/493/781
f 863/530/904 794/517/835 762/509/803
f 864/529/905 863/530/904 762/509/803
f 864/529/905 762/509/803 760/507/801
f 865/525/906 864/529/905 760/507/801
f 865/525/906 760/507/801 816/523/857
f 866/524/907 865/525/906 816/523/857
f 866/524/907 816/523/857 815/522/856
f 867/526/908 866/524/907 815/522/856
f 867/526/908 815/522/856 818/520/859
f 773/494/814 867/526/908 818/520/859
f 773/494/814 818/520/859 819/504/860
f 772/493/813 773/494/814 819/504/860
f 772/493/813 819/504/860 820/488/861
f 868/487/909 772/493/813 820/488/861
f 868/487/909 820/488/861 730/484/771
f 869/512/910 868/487/909 730/484/771
f 869/512/910 730/484/771 731/485/772
f 870/534/911 869/512/910 731/485/772
f 871/531/912 794/517/835 863/530/904
f 872/509/913 871/531/912 863/530/904
f 872/509/913 863/530/904 864/529/905
f 873/507/914 872/509/913 864/529/905
f 873/507/914 864/529/905 865/525/906
f 874/523/915 873/507/914 865/525/906
f 874/523/915 865/525/906 866/524/907
f 875/522/916 874/523/915 866/524/907
f 875/522/916 866/524/907 867/526/908
f 876/520/917 875/522/916 867/526/908
f 876/520/917 867/526/908 877/504/918
f 854/519/895 876/520/917 877/504/918
f 854/519/895 877/504/918 776/488/817
f 853/532/894 854/519/895 776/488/817
f 853/532/894 776/488/817 777/510/818
f 793/516/834 853/532/894 777/510/818
f 793/516/834 777/510/818 766/484/807
f 759/486/800 793/516/834 766/484/807
f 759/486/800 766/484/807 767/485/808
f 794/517/835 871/531/912 754/503/795
f 795/483/836 794/517/835 754/503/795
f 795/483/836 754/503/795 727/481/768
f 754/503/795 871/531/912 878/517/919
f 729/483/770 754/503/795 878/517/919
f 729/483/770 878/517/919 879/496/920
f 728/482/769 729/483/770 879/496/920
f 728/482/769 879/496/920 880/497/921
f 878/517/919 871/531/912 872/509/913
f 881/508/922 878/517/919 872/509/913
f 881/508/922 872/509/913 873/507/914
f 882/528/923 881/508/922 873/507/914
f 882/528/923 873/507/914 874/523/915
f 852/521/893 882/528/923 874/523/915
f 852/521/893 874/523/915 875/522/916
f 851/518/892 852/521/893 875/522/916
f 851/518/892 875/522/916 876/520/917
f 854/519/895 851/518/892 876/520/917
f 883/527/924 846/499/887 847/498/888
f 879/496/920 883/527/924 847/498/888
f 879/496/920 847/498/888 880/497/921
f 789/513/830 786/491/827 775/487/816
f 788/493/829 789/513/830 775/487/816
f 788/493/829 775/487/816 776/488/817
f 877/504/918 788/493/829 776/488/817
f 778/511/819 775/487/816 786/491/827
f 780/490/821 778/511/819 786/491/827
f 780/490/821 786/491/827 784/489/825
f 884/535/925 780/490/821 784/489/825
f 884/535/925 784/489/825 787/490/828
f 870/534/911 884/535/925 787/490/828
f 870/534/911 787/490/828 869/512/910
f 777/510/818 775/487/816 778/511/819
f 766/484/807 777/510/818 778/511/819
f 766/484/807 778/511/819 779/512/820
f 768/502/809 766/484/807 779/512/820
f 768/502/809 779/512/820 780/490/821
f 884/535/925 768/502/809 780/490/821
f 879/496/920 878/517/919 881/508/922
f 883/527/924 879/496/920 881/508/922
f 883/527/924 881/508/922 882/528/923
f 846/499/887 883/527/924 882/528/923
f 846/499/887 882/528/923 852/521/893
f 757/505/798 846/499/887 852/521/893
f 757/505/798 852/521/893 850/533/891
f 793/516/834 757/505/798 850/533/891
f 793/516/834 850/533/891 853/532/894
f 783/514/824 781/491/822 785/515/826
f 789/513/830 783/514/824 785/515/826
f 789/513/830 785/515/826 786/491/827
f 787/490/828 785/515/826 781/491/822
f 869/512/910 787/490/828 781/491/822
f 869/512/910 781/491/822 868/487/909
f 868/487/909 781/491/822 782/513/823
f 772/493/813 868/487/909 782/513/823
f 772/493/813 782/513/823 783/514/824
f 774/492/815 772/493/813 783/514/824
f 774/492/815 783/514/824 788/493/829
f 773/494/814 774/492/815 788/493/829
f 773/494/814 788/493/829 877/504/918
f 867/526/908 773/494/814 877/504/918
f 744/483/785 742/481/783 844/503/885
f 828/517/869 744/483/785 844/503/885
f 828/517/869 844/503/885 843/531/884
f 827/530/868 828/517/869 843/531/884
f 827/530/868 843/531/884 841/509/882
f 826/529/867 827/530/868 841/509/882
f 826/529/867 841/509/882 839/507/880
f 809/525/850 826/529/867 839/507/880
f 809/525/850 839/507/880 837/523/878
f 808/524/849 809/525/850 837/523/878
f 808/524/849 837/523/878 832/522/873
f 810/526/851 808/524/849 832/522/873
f 810/526/851 832/522/873 835/520/876
f 756/504/797 810/526/851 835/520/876
f 756/504/797 835/520/876 836/519/877
f 755/488/796 756/504/797 836/519/877
f 755/488/796 836/519/877 848/532/889
f 885/510/926 755/488/796 848/532/889
f 885/510/926 848/532/889 790/516/831
f 753/484/794 885/510/926 790/516/831
f 753/484/794 790/516/831 791/486/832
f 752/485/793 753/484/794 791/486/832
f 844/503/885 742/481/783 886/483/927
f 842/517/883 844/503/885 886/483/927
f 842/517/883 886/483/927 887/496/928
f 840/508/881 842/517/883 887/496/928
f 840/508/881 887/496/928 888/527/929
f 838/528/879 840/508/881 888/527/929
f 838/528/879 888/527/929 889/499/930
f 834/521/875 838/528/879 889/499/930
f 834/521/875 889/499/930 792/505/833
f 849/533/890 834/521/875 792/505/833
f 849/533/890 792/505/833 790/516/831
f 848/532/889 849/533/890 790/516/831
f 886/483/927 742/481/783 890/482/931
f 887/496/928 886/483/927 890/482/931
f 887/496/928 890/482/931 891/497/932
f 892/498/933 887/496/928 891/497/932
f 888/527/929 887/496/928 892/498/933
f 889/499/930 888/527/929 892/498/933
f 889/499/930 892/498/933 893/500/934
f 792/505/833 889/499/930 893/500/934
f 792/505/833 893/500/934 894/506/935
f 791/486/832 792/505/833 894/506/935
f 740/493/781 755/488/796 895/487/936
f 862/513/903 740/493/781 895/487/936
f 862/513/903 895/487/936 738/491/779
f 858/515/899 862/513/903 738/491/779
f 858/515/899 738/491/779 736/489/777
f 857/490/898 858/515/899 736/489/777
f 857/490/898 736/489/777 896/535/937
f 860/534/901 857/490/898 896/535/937
f 895/487/936 755/488/796 885/510/926
f 897/511/938 895/487/936 885/510/926
f 897/511/938 885/510/926 753/484/794
f 898/512/939 897/511/938 753/484/794
f 898/512/939 753/484/794 751/502/792
f 737/490/778 898/512/939 751/502/792
f 737/490/778 751/502/792 896/535/937
f 736/489/777 737/490/778 896/535/937
f 738/491/779 895/487/936 897/511/938
f 737/490/778 738/491/779 897/511/938
f 737/490/778 897/511/938 898/512/939
v 1.3266602 2.534668 0.03173828
vt 0.8334961 0.45507812
vn 0.9560175 0.29328123 0.0040894574
v 1.3139648 2.684082 0.03173828
vt 0.8334961 0.3173828
vn 0.98558164 -0.16883129 -0.011169966
v 1.2182617 2.6748047 -0.3251953
vt 0.9168701 0.3173828
vn 0.855951 -0.14331976 -0.49679706
v 0.97521484 2.9906435 -0.6201171
vt 0.00024414062 0.17956543
vn 0.26166812 0.8559913 -0.4458797
v 0.5992383 2.9906435 -0.72119135
vt 0.083496094 0.17956543
vn -0.00054942287 0.85727733 -0.5148547
v 0.5992383 2.8949404 -0.7612304
vt 0.083496094 0.20385742
vn -6.1593106E-08 0.033936772 -0.99942404
v 0.95654297 2.609375 0.6513672
vt 0.6668701 0.3173828
vn 0.5018043 -0.16395162 0.8493011
v 0.9957228 2.7904482 0.71923834
vt 0.6668701 0.20385742
vn 0.50191706 -0.04486315 0.8637515
v 1.2862501 2.8304873 0.42871103
vt 0.75024414 0.20385742
vn 0.8672863 -0.027833324 0.49703097
vt 1.0002441 0.17956543
v 0.99572265 2.8934755 -0.6547851
vt 1.0002441 0.20385742
vn 0.5014758 0.028443031 -0.864704
v 1.2862501 2.8866396 -0.36425772
vt 0.9168701 0.20385742
vn 0.86809963 0.011841585 -0.49624875
v -0.020507812 2.6748047 -0.3251953
vt 0.25024414 0.3173828
vn -0.8558897 -0.14368595 -0.4967969
v -0.03125 2.5253906 -0.33154297
vt 0.25024414 0.45507812
vn -0.82480735 0.28816068 -0.48647335
v 0.24121094 2.659668 -0.58740234
vt 0.16687012 0.3173828
vn -0.49569154 -0.12567773 -0.85935736
v 0.5986328 2.4526367 0.7597656
vt 0.5834961 0.45507812
vn 0 0.37282148 0.9279031
v 0.5986328 2.6015625 0.7470703
vt 0.5834961 0.3173828
vn 0 -0.167971 0.985792
v 0.96240234 2.4604492 0.6621094
vt 0.6668701 0.45507812
vn 0.45216945 0.36488512 0.8138806
v 0.5986328 2.659668 -0.68310547
vt 0.083496094 0.3173828
vn 0 -0.12390702 -0.99229383
v 0.18603516 2.3256836 0.74658203
vt 0.50024414 0.5091553
vn -0.45027596 0.3962575 0.80014473
v -0.115234375 2.349121 0.44433594
vt 0.41687012 0.5091553
vn -0.79648966 0.37312755 0.47579408
v -0.03125 2.4956055 0.3955078
vt 0.41687012 0.45507812
vn -0.8063228 0.3324174 0.48922613
v 0.5986328 2.105957 0.75341797
vt 0.5834961 0.5928955
vn 0 -0.9082307 0.41846976
v 0.23779297 2.105957 0.6567383
vt 0.50024414 0.5928955
vn -0.20924403 -0.90820944 0.36245364
v 0.16748047 2.1708984 0.7783203
vt 0.50024414 0.5640869
vn -0.45584908 -0.4046973 0.79273057
v 1.4609375 2.1708984 0.03173828
vt 0.8334961 0.5640869
vn 0.91085273 -0.41273108 -0.0006103684
v 1.3203125 2.105957 0.03173828
vt 0.8334961 0.5928955
vn 0.4186672 -0.9081397 0
v 1.2236328 2.105957 0.39257812
vt 0.75024414 0.5928955
vn 0.362502 -0.90817773 0.20929776
v 0.95654297 2.659668 -0.58740234
vt 1.0002441 0.3173828
vn 0.49574897 -0.1254937 -0.8593511
v 1.3926954 2.8671083 0.032226678
vt 0.8334961 0.20385742
vn 0.99995524 -0.009399626 0.0010987109
v 1.3521681 2.9745302 0.032226674
vt 0.8334961 0.17956543
vn 0.5316829 0.8457121 0.045654766
v 1.2510939 2.988202 -0.3442382
vt 0.9168701 0.17956543
vn 0.46045527 0.85334384 -0.2445101
v 1.2290039 2.4956055 0.3955078
vt 0.75024414 0.45507812
vn 0.80629873 0.33240747 0.48927256
v 1.2182617 2.6450195 0.38964844
vt 0.75024414 0.3173828
vn 0.86221045 -0.16595995 0.47859213
v 0.2626953 2.1708984 0.03173828
vt 0.3334961 0.5640869
vn 0.91081935 -0.41280466 -0.00061038695
v 0.14746094 2.1708984 0.46289062
vt 0.41687012 0.5640869
vn 0.7888095 -0.41067168 0.4573056
v 0.115234375 2.349121 0.44433594
vn 0.79648966 0.37312755 0.47579408
v -0.99572253 2.7904482 0.71923834
vn -0.50191706 -0.044863097 0.8637515
v -0.975703 2.9076357 0.6845704
vt 0.6668701 0.17956543
vn -0.25269988 0.8132784 0.52413845
v -0.59923816 2.7811708 0.82568365
vt 0.5834961 0.20385742
vn 6.220476E-08 -0.04461862 0.99900407
v -0.5992383 2.8949404 -0.7612304
v -0.24121094 2.659668 -0.58740234
vn 0.49569154 -0.12567773 -0.85935736
v -0.20226559 2.8934755 -0.6547851
vt 0.16687012 0.20385742
vn 0.50147754 0.028321056 -0.864707
v -1.2236328 2.105957 0.39257812
vn -0.362502 -0.90817773 0.20929776
v -1.3203125 2.105957 0.03173828
vn -0.4186672 -0.9081397 0
v -1.4609375 2.1708984 0.03173828
vn -0.91085273 -0.41273108 -0.0006103684
v 0.025390625 2.105957 0.39257812
vt 0.41687012 0.5928955
vn 0.36250666 -0.90818936 0.20923941
v -0.5986328 2.1708984 -0.82958984
vt 0.083496094 0.5640869
vn 0 -0.40082526 -0.91615456
v -0.5986328 2.105957 -0.68896484
vt 0.083496094 0.5928955
vn 0 -0.9081736 -0.41859365
v -0.23779297 2.105957 -0.59228516
vt 0.16687012 0.5928955
vn 0.2092394 -0.9081893 -0.36250663
v -0.95947266 2.105957 -0.59228516
vt 0.00024414062 0.5928955
vn -0.20929776 -0.90817773 -0.362502
v -1.3452148 2.1708984 -0.3984375
vt 0.9168701 0.5640869
vn -0.7896657 -0.40847513 -0.4577949
vt 1.0002441 0.5928955
v -1.0297852 2.1708984 -0.71435547
vt 1.0002441 0.5640869
vn -0.4566258 -0.4032785 -0.79300654
v -1.2236328 2.105957 -0.32861328
vt 0.9168701 0.5928955
vn -0.36255503 -0.90815765 -0.20929313
v -1.2290039 2.4956055 0.3955078
vn -0.80629873 0.33240747 0.48927256
v -1.3134766 2.349121 0.44433594
vt 0.75024414 0.5091553
vn -0.79650784 0.373075 0.47580492
v -1.4238281 2.349121 0.03173828
vt 0.8334961 0.5091553
vn -0.9392548 0.34321743 0.0014649152
v -0.5986328 2.4526367 0.7597656
v -0.5986328 2.3256836 0.8569336
vt 0.5834961 0.5091553
vn 0 0.41083923 0.9117078
v -0.9628906 2.4604492 0.6621094
vn -0.45216945 0.36488512 0.8138806
v -1.2182617 2.6450195 0.38964844
vn -0.86221045 -0.16595995 0.47859213
v -1.3266602 2.534668 0.03173828
vn -0.9560175 0.29328123 0.0040894574
v -1.3139648 2.684082 0.03173828
vn -0.98558164 -0.16883129 -0.011169966
v 0.020507812 2.6450195 0.38964844
vt 0.41687012 0.3173828
vn 0.8621588 -0.16638902 0.47853628
v 0.11621094 2.684082 0.03173828
vt 0.3334961 0.3173828
vn 0.9855081 -0.1692564 -0.011230861
v 0.12841797 2.534668 0.03173828
vt 0.3334961 0.45507812
vn 0.95603454 0.29322544 0.0040895306
v -1.2515819 2.9432802 0.40869144
vt 0.75024414 0.17956543
vn -0.4464966 0.8303066 0.33351424
v 0.08826184 2.8304873 0.42871103
vt 0.41687012 0.20385742
vn 0.86728036 -0.028077284 0.49702755
v 0.053593874 2.9432802 0.4086915
vt 0.41687012 0.17956543
vn 0.44210207 0.8337254 0.33082885
v 0.1947071 2.8671083 0.03222668
vt 0.3334961 0.20385742
vn 0.9999529 -0.009643748 0.0010987084
v 0.5986328 2.1708984 -0.82958984
v 1.0297852 2.1708984 -0.71435547
vt 0.00024414062 0.5640869
vn 0.4566258 -0.4032785 -0.79300654
v 1.0112305 2.3256836 -0.6821289
vt 0.00024414062 0.5091553
vn 0.46614084 0.3409536 -0.8163721
v -0.2022655 2.7904482 0.71923834
vt 0.50024414 0.20385742
vn 0.50196 -0.0449836 0.86372024
v -0.24121094 2.609375 0.6513672
vt 0.50024414 0.3173828
vn 0.5017385 -0.16419423 0.8492931
v 1.0112305 2.3256836 0.74658203
vt 0.6668701 0.5091553
vn 0.45027596 0.3962575 0.80014473
v 1.0297852 2.1708984 0.7783203
vt 0.6668701 0.5640869
vn 0.45584908 -0.4046973 0.79273057
v 0.5986328 2.1708984 0.89404297
vt 0.5834961 0.5640869
vn 0 -0.40095013 0.9160999
v -1.3926952 2.8671083 0.03222659
vn -0.99995524 -0.009399507 0.0010985917
v -1.2862499 2.8866396 -0.36425778
vn -0.86809963 0.011841688 -0.4962488
v -1.2515819 2.988202 -0.34423825
vn -0.46045536 0.8533438 -0.24451014
v -1.2182617 2.6748047 -0.3251953
vn -0.855951 -0.14331976 -0.49679706
v -0.95654297 2.659668 -0.58740234
vn -0.49574897 -0.1254937 -0.8593511
v -1.2290039 2.5253906 -0.33154297
vt 0.9168701 0.45507812
v -0.9628906 2.510254 -0.59765625
vt 1.0002441 0.45507812
vn -0.47348 0.29115632 -0.83129096
v -1.0112305 2.3256836 -0.6821289
vt 1.0002441 0.5091553
vn -0.46614084 0.3409536 -0.8163721
v 1.3134766 2.340332 -0.3803711
vt 0.9168701 0.5091553
vn 0.81172025 0.33688405 -0.4770947
v 1.4238281 2.349121 0.03173828
vn 0.9392548 0.34321743 0.0014649152
v 1.2290039 2.5253906 -0.33154297
vn 0.82480735 0.28816068 -0.48647335
v 1.3134766 2.349121 0.44433594
vn 0.79650784 0.373075 0.47580492
v 1.3452148 2.1708984 -0.3984375
vn 0.7896657 -0.40847513 -0.4577949
v 1.2236328 2.105957 -0.32861328
vn 0.36255503 -0.90815765 -0.20929313
v 0.115234375 2.340332 -0.3803711
vt 0.25024414 0.5091553
vn 0.81170356 0.33693817 -0.4770849
v 0.030761719 2.5253906 -0.33154297
v -0.18603516 2.3256836 -0.6821289
vt 0.16687012 0.5091553
v 0.22607422 2.349121 0.03173828
vt 0.3334961 0.5091553
vn 0.9392352 0.3432713 0.0014648846
v 0.030761719 2.4956055 0.3955078
vn 0.8063228 0.3324174 0.48922613
v -0.22228503 2.9076357 0.6845704
vt 0.50024414 0.17956543
vn 0.25221306 0.8155418 0.5208456
v -0.16796875 2.1708984 -0.71435547
vt 0.16687012 0.5640869
v 0.14746094 2.1708984 -0.3984375
vt 0.25024414 0.5640869
v 0.020507812 2.6748047 -0.3251953
vn 0.8558897 -0.14368595 -0.4967969
v -0.23486328 2.510254 -0.59765625
vt 0.16687012 0.45507812
vn 0.4734086 0.29114997 -0.8313339
vt 0.42590332 0.4967041
v -0.5767773 2.7626162 0.06689461
vt 0.49291992 0.48486328
vn -0.008179084 0.998818 0.047914393
v 0.15417975 2.9745302 0.032226678
vt 0.36669922 0.49230957
vn 0.52621436 0.84910893 0.0459621
vt 0.50109863 0.4979248
v -0.59923816 2.8998232 0.7856446
vt 0.5743408 0.4958496
vn 0.0006103736 0.8146232 0.5799902
vt 0.62731934 0.4909668
vt 0.6472168 0.484375
v -1.3521678 2.9745302 0.032226585
vt 0.62890625 0.4777832
vn -0.5316829 0.8457121 0.04565469
vt 0.57702637 0.47277832
v -0.9757031 2.9906435 -0.6201171
vt 0.46228027 0.4708252
vn -0.26166826 0.85599124 -0.4458797
v -0.5992383 2.9906435 -0.72119135
vt 0.39294434 0.4736328
vn 0.0005492593 0.85727733 -0.5148547
v 0.96240234 2.510254 -0.59765625
vn 0.47348 0.29115632 -0.83129096
v 0.95947266 2.105957 -0.59228516
vn 0.20929776 -0.90817773 -0.362502
v -0.22228512 2.9906435 -0.6201171
vt 0.3479004 0.47924805
vn 0.26119104 0.8576152 -0.44302997
v 0.053593814 2.988202 -0.3442382
vt 0.33850098 0.4859619
vn 0.45674106 0.8561683 -0.24158512
v 0.5761719 2.762207 0.06689453
vn 0.008179028 0.998818 0.047914453
v 0.22228518 2.9906435 -0.6201171
vn -0.2611912 0.85761505 -0.44303
v 1.2510939 2.9432802 0.4086915
vn 0.44649655 0.8303066 0.3335143
v 0.97521496 2.9076357 0.6845704
vn 0.25269982 0.8132784 0.52413845
v 0.5992384 2.8998232 0.7856446
vn -0.00061040156 0.8146232 0.5799902
v 0.22228527 2.9076357 0.6845704
vn -0.25221312 0.8155418 0.5208456
v -0.053593636 2.9432802 0.40869144
vn -0.44210213 0.8337254 0.3308288
v -1.3452148 2.1708984 0.46289062
vt 0.75024414 0.5640869
vn -0.7888095 -0.41067168 0.4573056
v 0.5986328 2.3256836 -0.79296875
vt 0.083496094 0.5091553
vn 0 0.3452839 -0.9384983
vt 0.00024414062 0.45507812
v 0.5986328 2.510254 -0.6953125
vt 0.083496094 0.45507812
vn 0 0.28949746 -0.95717883
vt 0.00024414062 0.3173828
v -0.19470698 2.8671083 0.032226585
vn -0.9999529 -0.009643629 0.0010985892
v -0.053593695 2.988202 -0.34423825
vt 0.25024414 0.17956543
vn -0.45674115 0.8561683 -0.24158517
v -0.15466791 2.9745302 0.03222658
vt 0.3334961 0.17956543
vn -0.52621436 0.84910893 0.045962032
v -0.088261664 2.8866396 -0.36425778
vt 0.25024414 0.20385742
vn -0.86810213 0.011597564 -0.4962502
vt 0.16687012 0.17956543
v 0.20226565 2.8934755 -0.6547851
vn -0.5014776 0.02832111 -0.864707
v -0.088261604 2.8304873 0.42871097
vn -0.8672804 -0.028077183 0.49702752
v -0.020507812 2.6450195 0.38964844
vn -0.8621588 -0.16638902 0.47853628
v 0.24121094 2.609375 0.6513672
vn -0.5017385 -0.16419423 0.8492931
v 0.23486328 2.4604492 0.6621094
vt 0.50024414 0.45507812
vn -0.45209846 0.36487707 0.8139237
v 0.5986328 2.3256836 0.8569336
vt 0.5834961 0.17956543
v 0.5992384 2.7811708 0.82568365
v 0.08826178 2.8866396 -0.36425772
vn 0.86810213 0.011597461 -0.49625015
v -0.99572265 2.8934755 -0.6547851
vn -0.5014759 0.028443085 -0.86470395
v -1.3134766 2.340332 -0.3803711
vn -0.81172025 0.33688405 -0.4770947
v -1.2862499 2.8304873 0.42871097
vn -0.8672864 -0.027833225 0.49703094
v -0.95654297 2.609375 0.6513672
vn -0.5018043 -0.16395162 0.8493011
v -0.5986328 2.6015625 0.7470703
v -0.23486328 2.4604492 0.6621094
vn 0.45209846 0.36487707 0.8139237
v -0.18603516 2.3256836 0.74658203
v -0.16796875 2.1708984 0.7783203
v -0.23779297 2.105957 0.6567383
vn 0.20924403 -0.90820944 0.36245364
v -0.5986328 2.1708984 0.89404297
v -0.5986328 2.105957 0.75341797
v -1.0112305 2.3256836 0.74658203
v -1.0297852 2.1708984 0.7783203
v -0.95947266 2.105957 0.6567383
vt 0.6668701 0.5928955
vt 0.00024414062 0.20385742
v -0.5986328 2.659668 -0.68310547
v -0.5986328 2.510254 -0.6953125
v -0.5986328 2.3256836 -0.79296875
v 0.025390625 2.105957 -0.32861328
vt 0.25024414 0.5928955
vn 0.36250666 -0.90818936 -0.20923941
v 0.12207031 2.105957 0.03173828
vt 0.3334961 0.5928955
vn 0.41859365 -0.9081736 0
v -0.14746094 2.1708984 0.46289062
v -0.025878906 2.105957 0.39257812
vn -0.36250666 -0.90818936 0.20923941
v -0.2626953 2.1708984 0.03173828
vn -0.91081935 -0.41280466 -0.00061038695
v -0.12207031 2.105957 0.03173828
vn -0.41859365 -0.9081736 0
v -0.025878906 2.105957 -0.32861328
vn -0.36250666 -0.90818936 -0.20923941
v 1.3452148 2.1708984 0.46289062
v -0.22607422 2.349121 0.03173828
vn -0.9392352 0.3432713 0.0014648846
v -0.12841797 2.534668 0.03173828
vn -0.95603454 0.29322544 0.0040895306
v -0.11621094 2.684082 0.03173828
vn -0.9855081 -0.1692564 -0.011230861
v -0.115234375 2.340332 -0.3803711
vn -0.81170356 0.33693817 -0.4770849
v -0.14746094 2.1708984 -0.3984375
v 0.23779297 2.105957 -0.59228516
vn -0.2092394 -0.9081893 -0.36250663
v 0.16748047 2.1708984 -0.71435547
v 0.18603516 2.3256836 -0.6821289
v 0.23486328 2.510254 -0.59765625
vn -0.4734086 0.29114997 -0.8313339
v 0.5986328 2.105957 -0.68896484
v 0.95947266 2.105957 0.6567383
v 0.20226574 2.7904482 0.71923834
vn -0.5019599 -0.04498355 0.8637203
o Joint_0_Object_9
g polygon_0
usemtl Material_94A1101A
f 899/536/940 901/538/942 900/537/941
f 902/539/943 904/541/945 903/540/944
f 905/542/946 907/544/948 906/543/947
f 902/545/943 909/547/950 908/546/949
f 910/548/951 912/550/953 911/549/952
f 913/551/954 915/553/956 914/552/955
f 912/550/953 904/541/945 916/554/957
f 917/555/958 919/557/960 918/556/959
f 920/558/961 922/560/963 921/559/962
f 923/561/964 925/563/966 924/562/965
f 909/547/950 926/564/967 908/546/949
f 927/565/968 929/567/970 928/566/969
f 930/568/971 899/536/940 931/569/972
f 932/570/973 934/556/975 933/571/974
f 935/543/976 937/573/978 936/572/977
f 938/541/945 940/574/980 939/550/979
f 941/563/981 943/561/983 942/562/982
f 944/575/984 932/570/973 933/571/974
f 945/576/985 947/578/987 946/577/986
f 948/579/988 945/576/985 946/577/986
f 949/580/989 950/582/990 948/581/988
f 943/561/983 951/583/991 942/562/982
f 952/568/992 954/585/994 953/584/993
f 955/551/954 957/553/996 956/586/995
f 958/569/997 960/537/999 959/536/998
f 961/587/1000 963/589/1002 962/588/1001
f 936/572/977 964/590/1003 935/543/976
f 965/591/1004 967/593/1006 966/592/1005
f 968/576/985 970/595/1008 969/594/1007
f 937/573/978 972/597/1010 971/596/1009
f 973/598/1011 975/600/1013 974/599/1012
f 976/565/1014 978/567/1016 977/547/1015
f 979/538/1017 976/565/1014 977/547/1015
f 979/538/1017 977/547/1015 980/564/1018
f 981/601/952 979/538/1017 980/564/1018
f 981/601/952 980/564/1018 982/602/1019
f 983/603/1020 981/601/952 982/602/1019
f 984/604/1021 986/601/1023 985/585/1022
f 923/561/964 984/604/1021 985/585/1022
f 923/561/964 985/585/1022 987/584/1024
f 988/580/1025 984/604/1021 923/561/964
f 989/583/1026 988/580/1025 923/561/964
f 989/583/1026 923/561/964 924/562/965
f 990/605/1027 992/606/1008 991/549/1023
f 993/607/1028 990/605/1027 991/549/1023
f 993/607/1028 991/549/1023 963/589/1002
f 994/557/1029 993/607/1028 963/589/1002
f 994/557/1029 963/589/1002 961/587/1000
f 972/597/1010 994/557/1029 961/587/1000
f 972/597/1010 961/587/1000 965/591/1004
f 971/596/1009 972/597/1010 965/591/1004
f 971/596/1009 965/591/1004 966/592/1005
f 995/608/1030 971/596/1009 966/592/1005
f 996/609/1007 992/606/1008 990/605/1027
f 997/610/1025 996/609/1007 990/605/1027
f 997/610/1025 990/605/1027 932/570/973
f 932/570/973 990/605/1027 993/607/1028
f 934/556/975 932/570/973 993/607/1028
f 934/556/975 993/607/1028 994/557/1029
f 939/550/979 998/548/1031 991/549/1023
f 999/611/1032 939/550/979 991/549/1023
f 999/611/1032 991/549/1023 992/606/1008
f 963/589/1002 991/549/1023 998/548/1031
f 962/588/1001 963/589/1002 998/548/1031
f 962/588/1001 998/548/1031 967/593/1006
f 961/587/1000 962/588/1001 967/593/1006
f 961/587/1000 967/593/1006 965/591/1004
f 931/569/972 899/536/940 900/537/941
f 927/565/968 931/569/972 900/537/941
f 927/565/968 900/537/941 901/538/942
f 966/612/1005 1001/614/1034 1000/613/1033
f 995/615/1030 966/612/1005 1000/613/1033
f 995/615/1030 1000/613/1033 1002/616/1035
f 936/617/977 1002/616/1035 1000/613/1033
f 964/618/1003 936/617/977 1000/613/1033
f 964/618/1003 1000/613/1033 1003/619/1036
f 978/620/1016 1003/619/1036 1000/613/1033
f 1004/621/1037 978/620/1016 1000/613/1033
f 1004/621/1037 1000/613/1033 1005/622/1038
f 1006/602/1039 926/564/967 986/601/1023
f 970/603/1008 1006/602/1039 986/601/1023
f 970/603/1008 986/601/1023 984/604/1021
f 969/582/1007 970/603/1008 984/604/1021
f 969/582/1007 984/604/1021 988/580/1025
f 1007/581/1040 969/582/1007 988/580/1025
f 1007/581/1040 988/580/1025 989/583/1026
f 1008/623/1041 1005/622/1038 1000/613/1033
f 1009/624/1042 1008/623/1041 1000/613/1033
f 1009/624/1042 1000/613/1033 1001/614/1034
f 903/622/944 1011/623/1044 1010/613/1043
f 902/621/943 903/622/944 1010/613/1043
f 902/621/943 1010/613/1043 929/620/970
f 928/619/969 929/620/970 1010/613/1043
f 1012/618/1045 928/619/969 1010/613/1043
f 1012/618/1045 1010/613/1043 1013/617/1046
f 1014/616/1047 1013/617/1046 1010/613/1043
f 1015/615/1048 1014/616/1047 1010/613/1043
f 1015/615/1048 1010/613/1043 1016/612/1049
f 953/584/993 954/585/994 943/561/983
f 1017/625/1050 953/584/993 943/561/983
f 1017/625/1050 943/561/983 941/563/981
f 970/595/1008 968/576/985 1018/626/1051
f 1006/627/1039 970/595/1008 1018/626/1051
f 1006/627/1039 1018/626/1051 1019/628/1052
f 926/629/967 1006/627/1039 1019/628/1052
f 1020/593/1053 1022/631/1055 1021/630/1054
f 1023/632/1056 1020/593/1053 1021/630/1054
f 1023/632/1056 1021/630/1054 1011/633/1044
f 1024/574/1057 1023/632/1056 1011/633/1044
f 1016/592/1049 1022/631/1055 1020/593/1053
f 1025/591/1058 1016/592/1049 1020/593/1053
f 1025/591/1058 1020/593/1053 1026/587/1059
f 1027/597/1060 1025/591/1058 1026/587/1059
f 1027/597/1060 1026/587/1059 919/557/960
f 1028/634/1061 1027/597/1060 919/557/960
f 1028/634/1061 919/557/960 917/555/958
f 1029/586/995 1028/634/1061 917/555/958
f 1002/635/1035 936/572/977 937/573/978
f 995/608/1030 1002/635/1035 937/573/978
f 995/608/1030 937/573/978 971/596/1009
f 914/552/955 915/553/956 905/542/946
f 1030/573/978 914/552/955 905/542/946
f 1030/573/978 905/542/946 906/543/947
f 939/550/979 940/574/980 1031/632/1062
f 998/548/1031 939/550/979 1031/632/1062
f 998/548/1031 1031/632/1062 967/593/1006
f 1032/546/1063 980/564/1018 977/547/1015
f 1004/545/1037 1032/546/1063 977/547/1015
f 1004/545/1037 977/547/1015 978/567/1016
f 1022/614/1055 1016/612/1049 1010/613/1043
f 1021/624/1054 1022/614/1055 1010/613/1043
f 1021/624/1054 1010/613/1043 1011/623/1044
f 926/564/967 909/547/950 901/538/942
f 986/601/1023 926/564/967 901/538/942
f 986/601/1023 901/538/942 899/536/940
f 985/585/1022 986/601/1023 899/536/940
f 985/585/1022 899/536/940 930/568/971
f 987/584/1024 985/585/1022 930/568/971
f 950/582/990 949/580/989 1033/604/1064
f 983/603/1020 950/582/990 1033/604/1064
f 983/603/1020 1033/604/1064 981/601/952
f 1013/572/1046 1030/573/978 906/543/947
f 1012/590/1045 1013/572/1046 906/543/947
f 1012/590/1045 906/543/947 907/544/948
f 927/565/968 901/538/942 909/547/950
f 929/567/970 927/565/968 909/547/950
f 929/567/970 909/547/950 902/545/943
f 1003/566/1036 978/567/1016 976/565/1014
f 964/590/1003 1003/566/1036 976/565/1014
f 964/590/1003 976/565/1014 1034/544/1065
f 935/543/976 964/590/1003 1034/544/1065
f 935/543/976 1034/544/1065 1035/542/1066
f 937/573/978 935/543/976 1035/542/1066
f 937/573/978 1035/542/1066 1036/552/955
f 972/597/1010 937/573/978 1036/552/955
f 972/597/1010 1036/552/955 1037/634/1067
f 994/557/1029 972/597/1010 1037/634/1067
f 994/557/1029 1037/634/1067 1038/555/1011
f 934/556/975 994/557/1029 1038/555/1011
f 934/556/975 1038/555/1011 1039/560/1012
f 933/571/974 934/556/975 1039/560/1012
f 933/571/974 1039/560/1012 1040/559/1068
f 944/575/984 933/571/974 1040/559/1068
f 958/569/997 1034/544/1065 976/565/1014
f 960/537/999 958/569/997 976/565/1014
f 960/537/999 976/565/1014 979/538/1017
f 959/536/998 960/537/999 979/538/1017
f 959/536/998 979/538/1017 981/601/952
f 954/585/994 959/536/998 981/601/952
f 954/585/994 981/601/952 1033/604/1064
f 943/561/983 954/585/994 1033/604/1064
f 943/561/983 1033/604/1064 949/580/989
f 951/583/991 943/561/983 949/580/989
f 951/583/991 949/580/989 948/581/988
f 1035/542/1066 1034/544/1065 958/569/997
f 952/568/992 1035/542/1066 958/569/997
f 952/568/992 958/569/997 959/536/998
f 954/585/994 952/568/992 959/536/998
f 1035/542/1066 952/568/992 957/553/996
f 1036/552/955 1035/542/1066 957/553/996
f 1036/552/955 957/553/996 955/551/954
f 1037/634/1067 1036/552/955 955/551/954
f 1037/634/1067 955/551/954 956/586/995
f 1038/555/1011 1037/634/1067 956/586/995
f 1038/555/1011 956/586/995 1041/600/1013
f 1039/560/1012 1038/555/1011 1041/600/1013
f 1039/560/1012 1041/600/1013 1042/558/961
f 1040/559/1068 1039/560/1012 1042/558/961
f 957/553/996 952/568/992 1043/598/958
f 956/586/995 957/553/996 1043/598/958
f 956/586/995 1043/598/958 1041/600/1013
f 1043/598/958 952/568/992 953/584/993
f 1044/599/963 1043/598/958 953/584/993
f 1044/599/963 953/584/993 1017/625/1050
f 1045/636/962 1044/599/963 1017/625/1050
f 1045/636/962 1017/625/1050 941/563/981
f 940/574/980 938/541/945 1008/633/1041
f 1031/632/1062 940/574/980 1008/633/1041
f 1031/632/1062 1008/633/1041 1009/630/1042
f 967/593/1006 1031/632/1062 1009/630/1042
f 967/593/1006 1009/630/1042 1001/631/1034
f 966/592/1005 967/593/1006 1001/631/1034
f 1005/540/1038 1008/633/1041 938/541/945
f 1004/539/1037 1005/540/1038 938/541/945
f 1004/539/1037 938/541/945 1032/637/1063
f 980/629/1018 1032/637/1063 938/541/945
f 1046/554/957 980/629/1018 938/541/945
f 1046/554/957 938/541/945 939/550/979
f 1047/628/1052 1046/554/957 939/550/979
f 1047/628/1052 939/550/979 999/611/1032
f 1048/626/1051 1047/628/1052 999/611/1032
f 1048/626/1051 999/611/1032 992/606/1008
f 945/576/985 1048/626/1051 992/606/1008
f 945/576/985 992/606/1008 996/609/1007
f 947/578/987 945/576/985 996/609/1007
f 947/578/987 996/609/1007 997/610/1025
f 1049/638/1069 947/578/987 997/610/1025
f 1049/638/1069 997/610/1025 932/570/973
f 1050/639/1070 1049/638/1069 932/570/973
f 1050/639/1070 932/570/973 944/575/984
f 980/629/1018 1046/554/957 1047/628/1052
f 982/627/1019 980/629/1018 1047/628/1052
f 982/627/1019 1047/628/1052 1048/626/1051
f 983/595/1020 982/627/1019 1048/626/1051
f 983/595/1020 1048/626/1051 945/576/985
f 950/594/990 983/595/1020 945/576/985
f 950/594/990 945/576/985 948/579/988
f 921/559/962 922/560/963 1051/571/1050
f 1052/575/1071 921/559/962 1051/571/1050
f 1052/575/1071 1051/571/1050 1053/570/1072
f 1054/639/1073 1052/575/1071 1053/570/1072
f 1054/639/1073 1053/570/1072 1055/638/1074
f 1041/600/1013 1043/598/958 1044/599/963
f 1042/558/961 1041/600/1013 1044/599/963
f 1042/558/961 1044/599/963 1045/636/962
f 974/599/1012 1056/625/974 987/584/1024
f 973/598/1011 974/599/1012 987/584/1024
f 973/598/1011 987/584/1024 930/568/971
f 1053/570/1072 1051/571/1050 918/556/959
f 1057/607/1075 1053/570/1072 918/556/959
f 1057/607/1075 918/556/959 919/557/960
f 1058/589/1076 1057/607/1075 919/557/960
f 1058/589/1076 919/557/960 1026/587/1059
f 1059/588/1077 1058/589/1076 1026/587/1059
f 1059/588/1077 1026/587/1059 1020/593/1053
f 910/548/951 1059/588/1077 1020/593/1053
f 910/548/951 1020/593/1053 1023/632/1056
f 912/550/953 910/548/951 1023/632/1056
f 912/550/953 1023/632/1056 1024/574/1057
f 904/541/945 912/550/953 1024/574/1057
f 904/541/945 1024/574/1057 1011/633/1044
f 903/540/944 904/541/945 1011/633/1044
f 1060/605/1078 1053/570/1072 1057/607/1075
f 911/549/952 1060/605/1078 1057/607/1075
f 911/549/952 1057/607/1075 1058/589/1076
f 910/548/951 911/549/952 1058/589/1076
f 910/548/951 1058/589/1076 1059/588/1077
f 1053/570/1072 1060/605/1078 1061/610/989
f 1055/638/1074 1053/570/1072 1061/610/989
f 1055/638/1074 1061/610/989 1062/578/1079
f 1063/609/990 1061/610/989 1060/605/1078
f 1064/606/1020 1063/609/990 1060/605/1078
f 1064/606/1020 1060/605/1078 911/549/952
f 1065/611/1080 1064/606/1020 911/549/952
f 1065/611/1080 911/549/952 912/550/953
f 1019/628/1052 1065/611/1080 912/550/953
f 1019/628/1052 912/550/953 916/554/957
f 926/629/967 1019/628/1052 916/554/957
f 926/629/967 916/554/957 904/541/945
f 908/637/949 926/629/967 904/541/945
f 908/637/949 904/541/945 902/539/943
f 1062/578/1079 1061/610/989 1063/609/990
f 968/576/985 1062/578/1079 1063/609/990
f 968/576/985 1063/609/990 1064/606/1020
f 1018/626/1051 968/576/985 1064/606/1020
f 1018/626/1051 1064/606/1020 1065/611/1080
f 1019/628/1052 1018/626/1051 1065/611/1080
f 1066/577/986 1062/578/1079 968/576/985
f 1007/579/1040 1066/577/986 968/576/985
f 1007/579/1040 968/576/985 969/594/1007
f 923/561/964 987/584/1024 1056/625/974
f 925/563/966 923/561/964 1056/625/974
f 925/563/966 1056/625/974 1067/636/1068
f 1067/636/1068 1056/625/974 974/599/1012
f 920/558/961 1067/636/1068 974/599/1012
f 920/558/961 974/599/1012 975/600/1013
f 922/560/963 920/558/961 975/600/1013
f 1025/591/1058 1027/597/1060 1068/596/1081
f 1016/592/1049 1025/591/1058 1068/596/1081
f 1016/592/1049 1068/596/1081 1015/608/1048
f 1030/573/978 1068/596/1081 1027/597/1060
f 914/552/955 1030/573/978 1027/597/1060
f 914/552/955 1027/597/1060 1028/634/1061
f 913/551/954 914/552/955 1028/634/1061
f 913/551/954 1028/634/1061 1029/586/995
f 915/553/956 913/551/954 1029/586/995
f 918/556/959 1051/571/1050 922/560/963
f 917/555/958 918/556/959 922/560/963
f 917/555/958 922/560/963 975/600/1013
f 1029/586/995 917/555/958 975/600/1013
f 1029/586/995 975/600/1013 973/598/1011
f 915/553/956 1029/586/995 973/598/1011
f 915/553/956 973/598/1011 930/568/971
f 905/542/946 915/553/956 930/568/971
f 905/542/946 930/568/971 931/569/972
f 907/544/948 905/542/946 931/569/972
f 907/544/948 931/569/972 927/565/968
f 1012/590/1045 907/544/948 927/565/968
f 1012/590/1045 927/565/968 928/566/969
f 1015/608/1048 1068/596/1081 1030/573/978
f 1014/635/1047 1015/608/1048 1030/573/978
f 1014/635/1047 1030/573/978 1013/572/1046
v 3.8515625 7.678711 -0.640625
vt 0.087646484 0.091308594
vn -0.29071712 0 -0.95680904
v 3.8500977 7.3671875 -0.5571289
vt 0.0036621094 0.091308594
vn -0.20502679 -0.5060054 -0.8378082
v 3.9394531 7.383301 -0.5751953
vt 0.0036621094 0.056518555
vn 0.18286957 -0.5071029 -0.8422621
v 3.2747068 7.093338 -0.3383789
vt 0.9277344 0.6081543
vn -0.5237786 -0.7368059 -0.42751956
v 3.2151365 7.189041 -0.2861328
vt 0.5076904 0.67297363
vn -0.98998964 -0.1336141 -0.04547397
v 3.2292967 7.1133575 -0.01855472
vn -0.98722863 -0.15930916 -0.00048831344
v 3.8305664 7.678711 0.6035156
vt 0.5917969 0.091308594
vn -0.29352394 0 0.95595175
v 3.8320312 7.9902344 0.52001953
vt 0.5076904 0.091308594
vn -0.21857467 0.5021541 0.8366997
v 3.9394531 7.974121 0.53808594
vt 0.5076904 0.056518555
vn 0.22200058 0.5109615 0.83044213
v 3.4094725 7.3335724 -0.5849609
vt 1.0117188 0.52941895
vn 0.1854928 -0.47700754 -0.85910195
v 3.630371 7.192871 -0.2841797
vt 0.9277344 0.25427246
vn 0.10992784 -0.8487211 -0.5172895
v 3.6464844 7.397949 -0.47851562
vt 1.0117188 0.25427246
vn 0.049990967 -0.48507717 -0.8730413
v 3.4314451 8.369705 -0.018554645
vt 0.33972168 0.52941895
vn 0.2237048 0.97465694 -0.00012201818
v 3.6308594 8.239746 -0.018554688
vt 0.33972168 0.25427246
vn 0.12287004 0.9924213 -0.0017090717
v 3.6313477 8.164551 0.24658203
vt 0.42370605 0.25427246
vn 0.09949107 0.8512285 0.5152783
v 3.6479492 7.9594727 0.44140625
vt 0.5076904 0.25427246
vn 0.029909136 0.48727477 0.8727364
v 3.6484375 7.678711 0.51220703
vt 0.5917969 0.25427246
vn 0.01232967 0 0.999924
v 3.4094725 7.678787 0.63525385
vt 0.5917969 0.52941895
vn 0.17920773 -5.863972E-08 0.98381126
v 3.2083006 7.961502 0.44531247
vn -0.99144703 0.07043832 0.109869145
v 3.4275389 7.699295 -0.027832026
vn -0.9999056 -0.012024256 0.006653014
v 3.2151365 8.168533 0.24902344
vn -0.99070245 0.12952192 0.041627694
v 3.9394531 7.678711 0.62402344
vt 0.5917969 0.056518555
vn 0.120546624 0.005249119 0.99269384
vt 0.0036621094 0.25427246
v 3.267871 8.016678 0.5356445
vt 0.5076904 0.6081543
vn -0.5196897 0.41714334 0.7455965
v 3.2083006 7.3960724 0.4453124
vn -0.9908024 -0.071717665 0.11474824
v 3.2083006 7.678787 0.5170898
vn -0.99089295 0.0007934875 0.13465008
v 3.267871 7.678787 0.6210937
vt 0.5917969 0.6081543
vn -0.51459455 -5.110703E-08 0.8574337
v 3.6308594 7.117676 -0.018554688
vt 0.84375 0.25427246
vn 0.12305039 -0.9923989 -0.0017090332
v 3.8041992 7.0561523 -0.018066406
vt 0.84375 0.091308594
vn -0.051088315 -0.9986941 -0.00024414965
v 3.630371 8.164551 -0.2841797
vt 0.25561523 0.25427246
vn 0.10968663 0.8487438 -0.5173034
v 3.8500977 7.9902344 -0.5571289
vt 0.17163086 0.091308594
vn -0.20503093 0.50607663 -0.8377641
v 3.8295898 8.217773 -0.32958984
vt 0.25561523 0.091308594
vn -0.081239946 0.8691637 -0.4878059
v 3.8041992 8.30127 -0.018066406
vt 0.33972168 0.091308594
vn -0.05133182 0.9986816 -0.0002441466
v 3.2883787 7.003006 -0.018554725
vt 0.84375 0.6081543
vn -0.51050496 -0.8598748 -5.125253E-08
v 3.4314451 6.9883575 -0.018554727
vt 0.84375 0.52941895
vn 0.2237048 -0.97465694 -0.00012213437
v 3.4167967 7.0806427 -0.34570312
vt 0.9277344 0.52941895
vn 0.201732 -0.8387898 -0.50570333
v 3.2747068 8.264236 0.30126953
vt 0.42370605 0.6081543
vn -0.52377486 0.7367396 0.42763856
v 3.4167967 8.276932 0.30810547
vt 0.42370605 0.52941895
vn 0.20106307 0.8389834 0.5056486
v 3.4094725 8.024002 0.5478515
vt 0.5076904 0.52941895
vn 0.18439615 0.4771959 0.85923344
v -4.0283203 7.416504 0.5083008
vt 0.67578125 0.056518555
vn -0.43679217 -0.46950883 0.7673161
v -4.0283203 7.6723633 0.58935547
vn -0.3960734 -0.012878947 0.91812855
v -3.9394531 7.678711 0.62402344
vn -0.120546624 0.005249119 0.99269384
v 3.9189453 7.0874023 -0.018066406
vt 0.84375 0.056518555
vn 0.40009794 -0.9164714 0.0013428153
v 4.0249023 7.1601562 -0.018066406
vn 0.56537294 -0.8248354 0
v 4.0268555 7.229004 -0.3227539
vt 0.9277344 0.056518555
vn 0.5310885 -0.74862665 -0.3968667
v 3.2083006 7.961502 -0.4824218
vn -0.9920679 0.0678144 -0.10584171
v 3.2083006 7.678787 -0.55419916
vn -0.9915848 0.0008545064 -0.12945655
v 3.267871 7.678787 -0.65869135
vt 0.087646484 0.6081543
vn -0.5146215 5.1106067E-08 -0.8574175
v -4.0283203 7.9282227 0.5083008
vn -0.48263407 0.44234842 0.7559049
v -3.26787 7.678788 -0.6586914
vn 0.5146214 -3.643199E-08 -0.8574176
v -3.2082996 7.678788 -0.5541992
vn 0.9915848 0.0008544934 -0.12945658
v -3.2082996 7.961503 -0.48242188
vn 0.9920679 0.0678144 -0.10584175
v -3.9189453 8.27002 -0.018066406
vt 0.33972168 0.056518555
vn -0.43343893 0.9011819 0.0014039002
v -3.9301758 8.19043 0.30273438
vt 0.42370605 0.056518555
vn -0.37014246 0.81603473 0.44393903
v -4.0268555 8.115723 0.28515625
vn -0.59642 0.7072683 0.37954554
v 4.0283203 7.416504 -0.54541016
vn 0.43679217 -0.46950883 -0.7673161
v 4.0283203 7.6723633 -0.6269531
vt 0.087646484 0.056518555
vn 0.3960734 -0.012878947 -0.91812855
v 3.9394531 7.678711 -0.6616211
vn 0.1047405 0.00531027 -0.9944854
v -3.9301758 7.166992 0.30273438
vt 0.7597656 0.056518555
vn -0.3348643 -0.826845 0.45187753
v -3.819336 7.1396484 0.29248047
vt 0.7597656 0.091308594
vn 0.09686791 -0.86741644 0.4880629
v -3.9189453 7.0874023 -0.018066406
vn -0.40009794 -0.9164714 0.0013428153
v -3.4314442 6.9883585 -0.018554699
vn -0.22370474 -0.97465694 -0.00012209296
v -3.4167957 7.0806437 -0.34570312
vn -0.20173192 -0.8387899 -0.5057033
v -3.630371 7.192871 -0.2841797
vn -0.10992784 -0.8487211 -0.5172895
v -3.6464844 7.397949 -0.47851562
vn -0.049990967 -0.48507717 -0.8730413
v -3.4094715 7.3335733 -0.58496094
vt 0.0036621094 0.52941895
vn -0.18549275 -0.4770076 -0.85910195
v -3.4094715 7.678788 -0.67285156
vt 0.087646484 0.52941895
vn -0.18042135 -4.1793083E-08 -0.9835894
v -3.630371 8.164551 -0.2841797
vn -0.10968663 0.8487438 -0.5173034
v -3.4314442 8.369706 -0.018554676
vn -0.22370474 0.97465694 -0.000122059595
v -3.6308594 8.239746 -0.018554688
vn -0.12287004 0.9924213 -0.0017090717
v -3.4167957 8.276933 0.30810547
vn -0.20106302 0.8389835 0.50564855
v -3.4094715 8.024003 0.54785156
vn -0.1843961 0.47719595 0.85923344
v -3.6313477 8.164551 0.24658203
vn -0.09949107 0.8512285 0.5152783
v -3.6479492 7.9594727 0.44140625
vn -0.029909136 0.48727477 0.8727364
v -3.6479492 7.397949 0.44140625
vt 0.67578125 0.25427246
vn -0.030092089 -0.48727208 0.87273157
v -3.6484375 7.678711 0.51220703
vn -0.01232967 0 0.999924
v -3.4094715 7.678788 0.6352539
vn -0.1792077 4.180251E-08 0.98381126
v -3.2151356 8.168534 0.24902345
vn 0.99070245 0.12952195 0.0416277
v -3.427538 7.699296 -0.027832031
vn 0.9999056 -0.01202426 0.006653017
v -3.2082996 7.961503 0.4453125
vn 0.99144703 0.070438355 0.10986917
v -3.26787 7.3408976 -0.5727539
vt 0.0036621094 0.6081543
vn 0.51968956 -0.41714343 -0.7455965
v -3.2082996 7.3960733 -0.48242188
vn 0.9913926 -0.06927908 -0.11109068
v -3.274706 8.264237 0.30126953
vn 0.5237748 0.73673964 0.4276386
v -3.2883778 8.355058 -0.018554676
vt 0.33972168 0.6081543
vn 0.51053166 0.859859 1.4715859E-08
v -3.2292957 8.244706 -0.018554678
vn 0.988728 0.1497222 -0.0004882884
v -3.26787 8.016679 0.53564453
vn 0.51968956 0.41714343 0.7455965
v -3.26787 7.678788 0.62109375
vn 0.51459444 3.643268E-08 0.85743374
v -3.2082996 7.3960733 0.4453125
vn 0.9908024 -0.071717665 0.11474828
v -3.26787 7.3408976 0.53564453
vt 0.67578125 0.6081543
vn 0.5196763 -0.4171938 0.7455775
v -3.2082996 7.678788 0.51708984
vn 0.99089295 0.00079350144 0.13465013
v -3.8041992 8.30127 -0.018066406
vn 0.05133182 0.9986816 -0.0002441466
v -3.819336 8.217773 0.29248047
vt 0.42370605 0.091308594
vn 0.09698659 0.8674471 0.48798478
v -3.6313477 7.192871 0.24658203
vt 0.7597656 0.25427246
vn -0.09967754 -0.8511961 0.5152956
v -3.6308594 7.117676 -0.018554688
vn -0.12305039 -0.9923989 -0.0017090332
v -3.8041992 7.0561523 -0.018066406
vn 0.051088315 -0.9986941 -0.00024414965
v -3.26787 8.016679 -0.5727539
vt 0.17163086 0.6081543
vn 0.51966596 0.4171244 -0.74562365
v -3.4094715 8.024003 -0.58496094
vt 0.17163086 0.52941895
vn -0.18549277 0.47700757 -0.859102
v -4.0283203 7.416504 -0.54541016
vn -0.43679217 -0.46950883 -0.7673161
v -3.9394531 7.678711 -0.6616211
vn -0.1047405 0.00531027 -0.9944854
v -4.0283203 7.6723633 -0.6269531
vn -0.3960734 -0.012878947 -0.91812855
v -3.9394531 7.383301 -0.5751953
vn -0.18286957 -0.5071029 -0.8422621
v -4.0249023 8.184082 -0.018066406
vn -0.6308316 0.7759198 0
v 4.0283203 7.9282227 -0.54541016
vt 0.17163086 0.056518555
vn 0.48263407 0.44234842 -0.7559049
v -3.8295898 7.1396484 -0.32958984
vt 0.9277344 0.091308594
vn 0.08111815 -0.8691056 -0.48792964
v -3.8320312 7.3671875 0.52001953
vt 0.67578125 0.091308594
vn 0.21852325 -0.50211513 0.8367365
v -3.8305664 7.678711 0.6035156
vn 0.29352394 0 0.95595175
v -3.2151356 8.168534 -0.2861328
vn 0.9911189 0.12665181 -0.040528573
v -3.274706 7.093339 -0.3383789
vn 0.52377856 -0.736806 -0.4275196
vt 1.0117188 0.6081543
v -3.2883778 7.003007 -0.018554699
vn 0.51050484 -0.85987484 -1.4716132E-08
v -3.4167957 7.0806437 0.30810547
vt 0.7597656 0.52941895
vn -0.20105892 -0.8390274 0.5055772
v -3.8500977 7.3671875 -0.5571289
vt 1.0117188 0.091308594
vn 0.20502679 -0.5060054 -0.8378082
v 3.9301758 8.19043 0.30273438
vn 0.37014246 0.81603473 0.44393903
v 4.0283203 7.9282227 0.5083008
vn 0.48263407 0.44234842 0.7559049
v 4.0283203 7.6723633 0.58935547
vn 0.3960734 -0.012878947 0.91812855
v 3.819336 8.217773 0.29248047
vn -0.09698659 0.8674471 0.48798478
v 3.4167967 8.276932 -0.34570307
vt 0.25561523 0.52941895
vn 0.20172575 0.838764 -0.5057486
v 3.9189453 8.27002 -0.018066406
vn 0.43343893 0.9011819 0.0014039002
v 4.0268555 8.115723 0.28515625
vn 0.59642 0.7072683 0.37954554
v 3.9301758 8.19043 -0.33984375
vt 0.25561523 0.056518555
vn 0.37421763 0.8144162 -0.4434946
v 3.9394531 7.974121 -0.5751953
vn 0.2133255 0.50923455 -0.83377004
v 4.0268555 8.115723 -0.3227539
vn 0.59642 0.7072683 -0.37954554
v 4.0249023 8.184082 -0.018066406
vn 0.6308316 0.7759198 0
v 3.6464844 7.678711 -0.5498047
vt 0.087646484 0.25427246
vn 0.03625539 0 -0.99934256
v 3.6464844 7.9594727 -0.47851562
vt 0.17163086 0.25427246
vn 0.04986919 0.48508012 -0.8730466
v 3.4094725 7.678787 -0.6728515
vn 0.18042138 5.8626497E-08 -0.9835894
v 3.4094725 8.024002 -0.5849609
vn 0.1854928 0.47700766 -0.85910195
v -3.274706 8.264237 -0.3383789
vt 0.25561523 0.6081543
vn 0.52378845 0.7367588 -0.4275887
v -3.4167957 8.276933 -0.34570312
vn -0.2017257 0.838764 -0.5057487
v 3.4167967 7.0806427 0.3081054
vn 0.20105897 -0.83902746 0.50557715
v 3.2747068 7.093338 0.30126947
vt 0.7597656 0.6081543
vn -0.5237207 -0.73681027 0.42758307
v 3.4094725 7.3335724 0.5478515
vt 0.67578125 0.52941895
vn 0.18439615 -0.47719598 0.85923344
v 3.6313477 7.192871 0.24658203
vn 0.09967754 -0.8511961 0.5152956
v 3.6479492 7.397949 0.44140625
vn 0.030092089 -0.48727208 0.87273157
v -3.9394531 7.974121 0.53808594
vn -0.22200058 0.5109615 0.83044213
v 3.2883787 8.355057 -0.018554645
vn -0.5105318 0.85985893 5.1251586E-08
v 3.2292967 8.244705 -0.018554652
vn -0.988728 0.14972217 -0.0004882819
v 3.2747068 8.264236 -0.33837885
vn -0.5237886 0.7367588 -0.42758864
v 3.2151365 8.168533 -0.28613275
vn -0.9911189 0.12665178 -0.040528562
v 3.267871 8.016678 -0.57275385
vn -0.519666 0.4171244 -0.7456236
v -3.4094715 7.3335733 0.54785156
vn -0.18439612 -0.47719592 0.8592335
v -3.9394531 7.383301 0.53808594
vn -0.19166686 -0.5089548 0.8391834
v 3.267871 7.3408966 -0.57275385
vn -0.5196897 -0.41714334 -0.7455965
v 3.9394531 7.383301 0.53808594
vn 0.19166686 -0.5089548 0.8391834
v 3.9301758 7.166992 0.30273438
vn 0.3348643 -0.826845 0.45187753
v 3.8320312 7.3671875 0.52001953
vn -0.21852325 -0.50211513 0.8367365
v 4.0283203 7.416504 0.5083008
vn 0.43679217 -0.46950883 0.7673161
v 4.0268555 7.229004 0.28515625
vn 0.5310885 -0.74862665 0.3968667
v -3.2151356 7.189042 -0.2861328
vn 0.9899896 -0.13361412 -0.045473974
v -3.2292957 7.1133585 -0.018554697
vn 0.98722863 -0.15930921 -0.0004883068
v -3.274706 7.093339 0.30126953
vn 0.5237206 -0.73681027 0.42758313
v -3.2151356 7.189042 0.24902342
vn 0.98959 -0.13623421 0.046387985
v 3.2083006 7.3960724 -0.48242185
vn -0.9913926 -0.06927905 -0.11109066
vt 1.0117188 0.056518555
v 3.9301758 7.166992 -0.33984375
vn 0.33900723 -0.82536113 -0.45150098
v 3.8295898 7.1396484 -0.32958984
vn -0.08111815 -0.8691056 -0.48792964
v -3.9301758 7.166992 -0.33984375
vn -0.33900723 -0.82536113 -0.45150098
v -4.0268555 7.229004 -0.3227539
vn -0.5310885 -0.74862665 -0.3968667
v -3.9394531 7.974121 -0.5751953
vn -0.2133255 0.50923455 -0.83377004
v -3.8515625 7.678711 -0.640625
vn 0.29071712 0 -0.95680904
v -4.0283203 7.9282227 -0.54541016
vn -0.48263407 0.44234842 -0.7559049
v -3.6464844 7.678711 -0.5498047
vn -0.03625539 0 -0.99934256
v -3.6464844 7.9594727 -0.47851562
vn -0.04986919 0.48508012 -0.8730466
v -3.8500977 7.9902344 -0.5571289
vn 0.20503093 0.50607663 -0.8377641
v -3.9301758 8.19043 -0.33984375
vn -0.37421763 0.8144162 -0.4434946
v -4.0268555 8.115723 -0.3227539
vn -0.59642 0.7072683 -0.37954554
v -3.8295898 8.217773 -0.32958984
vn 0.081239946 0.8691637 -0.4878059
v -3.8320312 7.9902344 0.52001953
vn 0.21857467 0.5021541 0.8366997
v -4.0268555 7.229004 0.28515625
vn -0.5310885 -0.74862665 0.3968667
v -4.0249023 7.1601562 -0.018066406
vn -0.56537294 -0.8248354 0
v 3.267871 7.3408966 0.5356445
vn -0.5196764 -0.4171938 0.74557745
v 3.2151365 7.189041 0.24902338
vn -0.98959 -0.13623418 0.046387974
v 3.819336 7.1396484 0.29248047
vn -0.09686791 -0.86741644 0.4880629
o Joint_0_Object_10
g polygon_0
usemtl Material_94A1101A
f 1069/640/1082 1071/642/1084 1070/641/1083
f 1072/643/1085 1074/644/1087 1073/644/1086
f 1075/645/1088 1077/647/1090 1076/646/1089
f 1078/648/1091 1080/650/1093 1079/649/1092
f 1081/651/1094 1083/653/1096 1082/652/1095
f 1084/654/1097 1086/656/1099 1085/655/1098
f 1087/644/1100 1089/644/1102 1088/644/1101
f 1077/647/1090 1075/645/1088 1090/657/1103
f 1080/658/1093 1069/640/1082 1070/641/1083
f 1091/659/1104 1089/644/1102 1087/644/1100
f 1092/644/1105 1094/660/1107 1093/644/1106
f 1095/661/1108 1079/649/1092 1096/662/1109
f 1097/663/1110 1099/665/1112 1098/664/1111
f 1097/663/1110 1100/666/1113 1099/665/1112
f 1101/667/1114 1103/669/1116 1102/668/1115
f 1104/670/1117 1106/672/1119 1105/671/1118
f 1107/673/1120 1109/657/1122 1108/657/1121
f 1110/674/1123 1112/675/1125 1111/674/1124
f 1113/644/1126 1115/676/1128 1114/644/1127
f 1109/657/1122 1116/647/1129 1108/657/1121
f 1117/676/1130 1119/644/1132 1118/644/1131
f 1120/677/1133 1122/678/1135 1121/678/1134
f 1123/642/1136 1125/679/1138 1124/679/1137
f 1126/680/1139 1128/674/1141 1127/681/1140
f 1129/668/1142 1131/649/1144 1130/669/1143
f 1132/658/1145 1134/683/1147 1133/682/1146
f 1135/663/1148 1137/652/1150 1136/651/1149
f 1138/671/1151 1140/653/1153 1139/672/1152
f 1140/653/1153 1141/654/1154 1139/672/1152
f 1142/684/1155 1144/656/1157 1143/655/1156
f 1145/644/1158 1147/644/1160 1146/644/1159
f 1117/676/1130 1149/644/1162 1148/685/1161
f 1150/670/1163 1152/644/1165 1151/686/1164
f 1145/644/1158 1153/659/1166 1147/644/1160
f 1154/660/1167 1156/687/1169 1155/644/1168
f 1154/660/1167 1155/644/1168 1157/644/1170
f 1158/666/1171 1159/688/1172 1140/653/1153
f 1160/689/1173 1162/662/1175 1161/661/1174
f 1163/690/1176 1134/683/1147 1164/691/1177
f 1165/642/1178 1167/679/1180 1166/679/1179
f 1166/679/1179 1168/642/1181 1165/642/1178
f 1122/678/1135 1120/677/1133 1169/677/1182
f 1125/679/1138 1170/692/1183 1124/679/1137
f 1128/674/1141 1171/693/1184 1162/662/1175
f 1127/681/1140 1128/674/1141 1162/662/1175
f 1127/681/1140 1162/662/1175 1160/689/1173
f 1172/694/1185 1127/681/1140 1160/689/1173
f 1172/694/1185 1160/689/1173 1142/684/1155
f 1173/645/1186 1172/694/1185 1142/684/1155
f 1173/645/1186 1142/684/1155 1143/655/1156
f 1141/654/1154 1173/645/1186 1143/655/1156
f 1141/654/1154 1143/655/1156 1144/656/1157
f 1139/672/1152 1141/654/1154 1144/656/1157
f 1139/672/1152 1144/656/1157 1153/659/1166
f 1150/670/1163 1139/672/1152 1153/659/1166
f 1150/670/1163 1153/659/1166 1145/644/1158
f 1152/644/1165 1150/670/1163 1145/644/1158
f 1152/644/1165 1145/644/1158 1146/644/1159
f 1174/644/1187 1152/644/1165 1146/644/1159
f 1174/644/1187 1146/644/1159 1119/644/1132
f 1163/690/1176 1174/644/1187 1119/644/1132
f 1163/690/1176 1119/644/1132 1117/676/1130
f 1134/683/1147 1163/690/1176 1117/676/1130
f 1134/683/1147 1117/676/1130 1148/685/1161
f 1133/682/1146 1134/683/1147 1148/685/1161
f 1133/648/1146 1148/695/1161 1175/643/1188
f 1130/669/1143 1133/648/1146 1175/643/1188
f 1130/669/1143 1175/643/1188 1176/667/1189
f 1129/668/1142 1130/669/1143 1176/667/1189
f 1129/668/1142 1176/667/1189 1177/696/1190
f 1133/648/1146 1130/669/1143 1131/649/1144
f 1132/650/1145 1133/648/1146 1131/649/1144
f 1132/650/1145 1131/649/1144 1178/697/1191
f 1179/678/1192 1076/646/1089 1077/647/1090
f 1180/647/1193 1179/678/1192 1077/647/1090
f 1180/647/1193 1077/647/1090 1090/657/1103
f 1181/657/1194 1180/647/1193 1090/657/1103
f 1076/646/1089 1179/678/1192 1182/688/1195
f 1083/653/1096 1076/646/1089 1182/688/1195
f 1083/653/1096 1182/688/1195 1100/666/1113
f 1082/652/1095 1083/653/1096 1100/666/1113
f 1082/652/1095 1100/666/1113 1097/663/1110
f 1081/651/1094 1082/652/1095 1097/663/1110
f 1081/651/1094 1097/663/1110 1183/698/1196
f 1184/677/1197 1182/688/1195 1179/678/1192
f 1185/678/1198 1184/677/1197 1179/678/1192
f 1185/678/1198 1179/678/1192 1180/647/1193
f 1100/666/1113 1182/688/1195 1184/677/1197
f 1099/665/1112 1100/666/1113 1184/677/1197
f 1099/665/1112 1184/677/1197 1186/699/1199
f 1098/664/1111 1099/665/1112 1186/699/1199
f 1098/664/1111 1186/699/1199 1187/692/1200
f 1069/640/1082 1098/664/1111 1187/692/1200
f 1069/640/1082 1187/692/1200 1125/679/1138
f 1071/642/1084 1069/640/1082 1125/679/1138
f 1071/642/1084 1125/679/1138 1123/642/1136
f 1188/699/1201 1186/699/1199 1184/677/1197
f 1189/677/1202 1188/699/1201 1184/677/1197
f 1189/677/1202 1184/677/1197 1185/678/1198
f 1186/699/1199 1188/699/1201 1170/692/1183
f 1187/692/1200 1186/699/1199 1170/692/1183
f 1187/692/1200 1170/692/1183 1125/679/1138
f 1069/640/1082 1080/658/1093 1190/700/1203
f 1191/701/1204 1069/640/1082 1190/700/1203
f 1191/701/1204 1190/700/1203 1192/683/1205
f 1193/691/1206 1191/701/1204 1192/683/1205
f 1098/664/1111 1069/640/1082 1191/701/1204
f 1097/663/1110 1098/664/1111 1191/701/1204
f 1097/663/1110 1191/701/1204 1193/691/1206
f 1183/698/1196 1097/663/1110 1193/691/1206
f 1151/686/1164 1152/644/1165 1194/702/1207
f 1195/698/1208 1151/686/1164 1194/702/1207
f 1195/698/1208 1194/702/1207 1164/691/1177
f 1163/690/1176 1164/691/1177 1194/702/1207
f 1174/644/1187 1163/690/1176 1194/702/1207
f 1174/644/1187 1194/702/1207 1152/644/1165
f 1101/667/1114 1102/668/1115 1196/696/1209
f 1197/703/1210 1101/667/1114 1196/696/1209
f 1197/703/1210 1196/696/1209 1198/704/1211
f 1196/696/1209 1102/668/1115 1199/689/1212
f 1198/704/1211 1196/696/1209 1199/689/1212
f 1198/704/1211 1199/689/1212 1200/684/1213
f 1121/678/1134 1122/678/1135 1116/647/1129
f 1201/647/1214 1121/678/1134 1116/647/1129
f 1201/647/1214 1116/647/1129 1109/657/1122
f 1104/670/1117 1105/671/1118 1202/686/1215
f 1203/644/1216 1104/670/1117 1202/686/1215
f 1203/644/1216 1202/686/1215 1204/702/1217
f 1205/644/1218 1203/644/1216 1204/702/1217
f 1205/644/1218 1204/702/1217 1206/690/1219
f 1072/643/1085 1103/669/1116 1101/667/1114
f 1074/644/1087 1072/643/1085 1101/667/1114
f 1074/644/1087 1101/667/1114 1197/703/1210
f 1156/687/1169 1154/660/1167 1144/656/1157
f 1207/704/1220 1156/687/1169 1144/656/1157
f 1207/704/1220 1144/656/1157 1142/684/1155
f 1160/689/1173 1207/704/1220 1142/684/1155
f 1126/680/1139 1127/681/1140 1172/694/1185
f 1208/673/1221 1126/680/1139 1172/694/1185
f 1208/673/1221 1172/694/1185 1173/645/1186
f 1078/682/1091 1209/685/1222 1192/683/1205
f 1080/658/1093 1078/682/1091 1192/683/1205
f 1080/658/1093 1192/683/1205 1190/700/1203
f 1210/673/1223 1212/694/1225 1211/680/1224
f 1213/673/1226 1210/673/1223 1211/680/1224
f 1213/673/1226 1211/680/1224 1214/680/1227
f 1148/695/1161 1149/644/1162 1215/644/1228
f 1175/643/1188 1148/695/1161 1215/644/1228
f 1175/643/1188 1215/644/1228 1216/644/1229
f 1176/667/1189 1175/643/1188 1216/644/1229
f 1176/667/1189 1216/644/1229 1217/703/1230
f 1177/696/1190 1176/667/1189 1217/703/1230
f 1215/644/1228 1149/644/1162 1146/644/1159
f 1216/644/1229 1215/644/1228 1146/644/1159
f 1216/644/1229 1146/644/1159 1218/644/1231
f 1217/703/1230 1216/644/1229 1218/644/1231
f 1088/644/1101 1113/644/1126 1114/644/1127
f 1219/644/1232 1088/644/1101 1114/644/1127
f 1219/644/1232 1114/644/1127 1115/676/1128
f 1071/705/1084 1123/705/1136 1220/675/1233
f 1070/697/1083 1071/705/1084 1220/675/1233
f 1070/697/1083 1220/675/1233 1221/693/1234
f 1149/644/1162 1117/676/1130 1118/644/1131
f 1146/644/1159 1149/644/1162 1118/644/1131
f 1146/644/1159 1118/644/1131 1119/644/1132
f 1162/662/1175 1171/693/1184 1131/649/1144
f 1161/661/1174 1162/662/1175 1131/649/1144
f 1161/661/1174 1131/649/1144 1129/668/1142
f 1160/689/1173 1161/661/1174 1129/668/1142
f 1160/689/1173 1129/668/1142 1177/696/1190
f 1207/704/1220 1160/689/1173 1177/696/1190
f 1207/704/1220 1177/696/1190 1217/703/1230
f 1156/687/1169 1207/704/1220 1217/703/1230
f 1156/687/1169 1217/703/1230 1218/644/1231
f 1155/644/1168 1156/687/1169 1218/644/1231
f 1155/644/1168 1218/644/1231 1146/644/1159
f 1157/644/1170 1155/644/1168 1146/644/1159
f 1157/644/1170 1146/644/1159 1147/644/1160
f 1154/660/1167 1157/644/1170 1147/644/1160
f 1154/660/1167 1147/644/1160 1153/659/1166
f 1144/656/1157 1154/660/1167 1153/659/1166
f 1168/705/1181 1178/697/1191 1222/675/1235
f 1165/705/1178 1168/705/1181 1222/675/1235
f 1165/705/1178 1222/675/1235 1223/675/1236
f 1224/692/1237 1225/640/1238 1166/679/1179
f 1226/692/1239 1224/692/1237 1166/679/1179
f 1226/692/1239 1166/679/1179 1167/679/1180
f 1168/642/1181 1166/679/1179 1225/640/1238
f 1178/641/1191 1168/642/1181 1225/640/1238
f 1178/641/1191 1225/640/1238 1132/658/1145
f 1132/658/1145 1225/640/1238 1227/700/1240
f 1134/683/1147 1132/658/1145 1227/700/1240
f 1134/683/1147 1227/700/1240 1228/701/1241
f 1164/691/1177 1134/683/1147 1228/701/1241
f 1164/691/1177 1228/701/1241 1135/663/1148
f 1195/698/1208 1164/691/1177 1135/663/1148
f 1195/698/1208 1135/663/1148 1136/651/1149
f 1151/686/1164 1195/698/1208 1136/651/1149
f 1151/686/1164 1136/651/1149 1138/671/1151
f 1150/670/1163 1151/686/1164 1138/671/1151
f 1150/670/1163 1138/671/1151 1139/672/1152
f 1228/701/1241 1227/700/1240 1225/640/1238
f 1229/664/1242 1228/701/1241 1225/640/1238
f 1229/664/1242 1225/640/1238 1224/692/1237
f 1230/699/1243 1229/664/1242 1224/692/1237
f 1230/699/1243 1224/692/1237 1226/692/1239
f 1231/699/1244 1230/699/1243 1226/692/1239
f 1135/663/1148 1228/701/1241 1229/664/1242
f 1232/665/1245 1135/663/1148 1229/664/1242
f 1232/665/1245 1229/664/1242 1230/699/1243
f 1120/677/1133 1232/665/1245 1230/699/1243
f 1120/677/1133 1230/699/1243 1231/699/1244
f 1169/677/1182 1120/677/1133 1231/699/1244
f 1135/663/1148 1232/665/1245 1158/666/1171
f 1137/652/1150 1135/663/1148 1158/666/1171
f 1137/652/1150 1158/666/1171 1140/653/1153
f 1136/651/1149 1137/652/1150 1140/653/1153
f 1136/651/1149 1140/653/1153 1138/671/1151
f 1158/666/1171 1232/665/1245 1120/677/1133
f 1159/688/1172 1158/666/1171 1120/677/1133
f 1159/688/1172 1120/677/1133 1121/678/1134
f 1233/646/1246 1159/688/1172 1121/678/1134
f 1233/646/1246 1121/678/1134 1201/647/1214
f 1173/645/1186 1233/646/1246 1201/647/1214
f 1173/645/1186 1201/647/1214 1109/657/1122
f 1208/673/1221 1173/645/1186 1109/657/1122
f 1208/673/1221 1109/657/1122 1107/673/1120
f 1126/680/1139 1208/673/1221 1107/673/1120
f 1126/680/1139 1107/673/1120 1234/680/1247
f 1128/674/1141 1126/680/1139 1234/680/1247
f 1128/674/1141 1234/680/1247 1235/674/1248
f 1178/697/1191 1131/649/1144 1171/693/1184
f 1222/675/1235 1178/697/1191 1171/693/1184
f 1222/675/1235 1171/693/1184 1128/674/1141
f 1223/675/1236 1222/675/1235 1128/674/1141
f 1223/675/1236 1128/674/1141 1235/674/1248
f 1076/646/1089 1083/653/1096 1084/654/1097
f 1075/645/1088 1076/646/1089 1084/654/1097
f 1075/645/1088 1084/654/1097 1085/655/1098
f 1200/684/1213 1075/645/1088 1085/655/1098
f 1200/684/1213 1085/655/1098 1086/656/1099
f 1198/704/1211 1200/684/1213 1086/656/1099
f 1198/704/1211 1086/656/1099 1236/687/1249
f 1197/703/1210 1198/704/1211 1236/687/1249
f 1197/703/1210 1236/687/1249 1237/644/1250
f 1074/644/1087 1197/703/1210 1237/644/1250
f 1074/644/1087 1237/644/1250 1088/644/1101
f 1073/644/1086 1074/644/1087 1088/644/1101
f 1073/644/1086 1088/644/1101 1219/644/1232
f 1209/695/1222 1073/644/1086 1219/644/1232
f 1140/653/1153 1159/688/1172 1233/646/1246
f 1141/654/1154 1140/653/1153 1233/646/1246
f 1141/654/1154 1233/646/1246 1173/645/1186
f 1110/674/1123 1238/681/1251 1096/662/1109
f 1221/693/1234 1110/674/1123 1096/662/1109
f 1221/693/1234 1096/662/1109 1079/649/1092
f 1070/697/1083 1221/693/1234 1079/649/1092
f 1070/697/1083 1079/649/1092 1080/650/1093
f 1096/662/1109 1238/681/1251 1199/689/1212
f 1095/661/1108 1096/662/1109 1199/689/1212
f 1095/661/1108 1199/689/1212 1102/668/1115
f 1079/649/1092 1095/661/1108 1102/668/1115
f 1079/649/1092 1102/668/1115 1103/669/1116
f 1078/648/1091 1079/649/1092 1103/669/1116
f 1078/648/1091 1103/669/1116 1072/643/1085
f 1209/695/1222 1078/648/1091 1072/643/1085
f 1209/695/1222 1072/643/1085 1073/644/1086
f 1212/694/1225 1199/689/1212 1238/681/1251
f 1211/680/1224 1212/694/1225 1238/681/1251
f 1211/680/1224 1238/681/1251 1110/674/1123
f 1214/680/1227 1211/680/1224 1110/674/1123
f 1214/680/1227 1110/674/1123 1111/674/1124
f 1110/674/1123 1221/693/1234 1220/675/1233
f 1112/675/1125 1110/674/1123 1220/675/1233
f 1112/675/1125 1220/675/1233 1123/705/1136
f 1094/660/1107 1091/659/1104 1087/644/1100
f 1093/644/1106 1094/660/1107 1087/644/1100
f 1093/644/1106 1087/644/1100 1088/644/1101
f 1092/644/1105 1093/644/1106 1088/644/1101
f 1086/656/1099 1091/659/1104 1094/660/1107
f 1236/687/1249 1086/656/1099 1094/660/1107
f 1236/687/1249 1094/660/1107 1092/644/1105
f 1237/644/1250 1236/687/1249 1092/644/1105
f 1237/644/1250 1092/644/1105 1088/644/1101
f 1086/656/1099 1084/654/1097 1106/672/1119
f 1091/659/1104 1086/656/1099 1106/672/1119
f 1091/659/1104 1106/672/1119 1104/670/1117
f 1089/644/1102 1091/659/1104 1104/670/1117
f 1089/644/1102 1104/670/1117 1203/644/1216
f 1088/644/1101 1089/644/1102 1203/644/1216
f 1088/644/1101 1203/644/1216 1205/644/1218
f 1113/644/1126 1088/644/1101 1205/644/1218
f 1113/644/1126 1205/644/1218 1206/690/1219
f 1115/676/1128 1113/644/1126 1206/690/1219
f 1106/672/1119 1084/654/1097 1083/653/1096
f 1105/671/1118 1106/672/1119 1083/653/1096
f 1105/671/1118 1083/653/1096 1081/651/1094
f 1202/686/1215 1105/671/1118 1081/651/1094
f 1202/686/1215 1081/651/1094 1183/698/1196
f 1204/702/1217 1202/686/1215 1183/698/1196
f 1204/702/1217 1183/698/1196 1193/691/1206
f 1206/690/1219 1204/702/1217 1193/691/1206
f 1206/690/1219 1193/691/1206 1192/683/1205
f 1115/676/1128 1206/690/1219 1192/683/1205
f 1115/676/1128 1192/683/1205 1209/685/1222
f 1219/644/1232 1115/676/1128 1209/685/1222
f 1200/684/1213 1199/689/1212 1212/694/1225
f 1075/645/1088 1200/684/1213 1212/694/1225
f 1075/645/1088 1212/694/1225 1210/673/1223
f 1090/657/1103 1075/645/1088 1210/673/1223
f 1090/657/1103 1210/673/1223 1213/673/1226
f 1181/657/1194 1090/657/1103 1213/673/1226
v -1.2236328 1.8818359 -0.32861328
vt 0.20397949 0.06616211
vn -0.8660108 0 -0.5000254
vt 0.20397949 0.9688721
vt 0.5 0.9688721
vn -1 0 0
v -0.95947266 1.8818359 -0.59228516
vt -0.012573242 0.06616211
vn -0.5000254 0 -0.8660108
vt -0.012573242 0.9688721
v -0.5986328 1.8818359 -0.68896484
vt -0.091796875 0.06616211
vn 0 0 -1
vt -0.091796875 0.9688721
v -0.23779297 1.8818359 -0.59228516
vn 0.5000254 0 -0.8660108
v 0.025390625 1.8818359 -0.32861328
vn 0.86605245 0 -0.49995318
v 0.12207031 1.8818359 0.03173828
vt 0.5 0.06616211
vn 1 0 0
v 0.025390625 1.8818359 0.39257812
vt 0.79589844 0.06616211
vn 0.86605245 0 0.49995318
vt 0.79589844 0.9688721
v -0.23779297 1.8818359 0.6567383
vt 1.0125732 0.06616211
vn 0.49995318 0 0.86605245
vt 1.0125732 0.9688721
v -0.5986328 1.8818359 0.75341797
vt 1.0917969 0.06616211
vn 0 0 1
vt 1.0917969 0.9688721
v -0.95947266 1.8818359 0.6567383
vn -0.49995318 0 0.86605245
v -1.2236328 1.8818359 0.39257812
vn -0.8659843 0 0.50007117
v -1.3203125 1.8818359 0.03173828
vt 0.056396484 0.071777344
vn 0.16010146 -0.9827654 0.092410825
v -0.5986328 1.7460938 0.03173828
vt 0.033935547 0.12426758
vn 0 -1 0
vt 0.046875 0.033325195
vn 0.09240992 -0.9827558 0.16016093
vt 0.059814453 0.12426758
vn 0.18488182 -0.9827607 0
vt 0.056396484 0.17675781
vn 0.16010146 -0.9827654 -0.092410825
vt 0.046875 0.21520996
vn 0.092410825 -0.9827654 -0.16010146
vt 0.033935547 0.22924805
vn 0 -0.9827607 -0.18488182
vt 0.020996094 0.21520996
vn -0.092410825 -0.9827654 -0.16010146
vt 0.011474609 0.17675781
vn -0.16010146 -0.9827654 -0.092410825
vt 0.00793457 0.12426758
vn -0.18488182 -0.9827607 0
vt 0.011474609 0.071777344
vn -0.16010055 -0.9827598 0.092471346
vt 0.020996094 0.033325195
vn -0.09240992 -0.9827558 0.16016093
vt 0.033935547 0.01928711
vn 0 -0.9827607 0.18488182
v 0.23779297 1.8818359 -0.59228516
v 0.5986328 1.7460938 0.03173828
v 0.5986328 1.8818359 -0.68896484
v -0.025878906 1.8818359 -0.32861328
v -0.12207031 1.8818359 0.03173828
v -0.025878906 1.8818359 0.39257812
vn -0.16010146 -0.9827654 0.092410825
v 0.23779297 1.8818359 0.6567383
v 0.5986328 1.8818359 0.75341797
v 0.95947266 1.8818359 0.6567383
v 1.2236328 1.8818359 0.39257812
vn 0.16010055 -0.9827598 0.092471346
v 1.3203125 1.8818359 0.03173828
v 1.2236328 1.8818359 -0.32861328
v 0.95947266 1.8818359 -0.59228516
vn 0.8659843 0 0.50007117
vn -0.86605245 0 0.49995318
vn -0.86605245 0 -0.49995318
vn 0.8660108 0 -0.5000254
o Joint_0_Object_11
g polygon_0
usemtl Material_07B490EB
f 1239/706/1252 942/708/1253 951/707/1252
f 1240/709/1254 1239/706/1252 951/707/1252
f 1240/709/1254 951/707/1252 948/710/1254
f 1241/711/1255 1240/709/1254 948/710/1254
f 1241/711/1255 948/710/1254 946/712/1255
f 1242/709/1256 1241/711/1255 946/712/1255
f 1242/709/1256 946/712/1255 947/710/1256
f 1243/706/1257 1242/709/1256 947/710/1256
f 1243/706/1257 947/710/1256 1049/707/1257
f 1244/713/1258 1243/706/1257 1049/707/1257
f 1244/713/1258 1049/707/1257 1050/708/1258
f 1245/714/1259 1244/713/1258 1050/708/1258
f 1245/714/1259 1050/708/1258 944/715/1259
f 1246/716/1260 1245/714/1259 944/715/1259
f 1246/716/1260 944/715/1259 1040/717/1260
f 1247/718/1261 1246/716/1260 1040/717/1260
f 1247/718/1261 1040/717/1260 1042/719/1261
f 1248/716/1262 1247/718/1261 1042/719/1261
f 1248/716/1262 1042/719/1261 1045/717/1262
f 1249/714/1263 1248/716/1262 1045/717/1262
f 1249/714/1263 1045/717/1262 941/715/1263
f 1250/713/1253 1249/714/1263 941/715/1263
f 1250/713/1253 941/715/1263 942/708/1253
f 1239/706/1252 1250/713/1253 942/708/1253
f 1245/720/1264 1246/722/1266 1251/721/1265
f 1244/723/1267 1245/720/1264 1251/721/1265
f 1244/723/1267 1251/721/1265 1243/724/1268
f 1242/725/1269 1243/724/1268 1251/721/1265
f 1241/726/1270 1242/725/1269 1251/721/1265
f 1241/726/1270 1251/721/1265 1240/727/1271
f 1239/728/1272 1240/727/1271 1251/721/1265
f 1250/729/1273 1239/728/1272 1251/721/1265
f 1250/729/1273 1251/721/1265 1249/730/1274
f 1248/731/1275 1249/730/1274 1251/721/1265
f 1247/732/1276 1248/731/1275 1251/721/1265
f 1247/732/1276 1251/721/1265 1246/722/1266
f 1252/725/1271 1254/726/1270 1253/721/1265
f 1255/724/1272 1252/725/1271 1253/721/1265
f 1255/724/1272 1253/721/1265 1256/723/1273
f 1257/720/1277 1256/723/1273 1253/721/1265
f 1258/722/1275 1257/720/1277 1253/721/1265
f 1258/722/1275 1253/721/1265 1259/732/1276
f 1260/731/1266 1259/732/1276 1253/721/1265
f 1261/730/1278 1260/731/1266 1253/721/1265
f 1261/730/1278 1253/721/1265 1262/729/1267
f 1263/728/1268 1262/729/1267 1253/721/1265
f 1264/727/1269 1263/728/1268 1253/721/1265
f 1264/727/1269 1253/721/1265 1254/726/1270
f 1262/713/1258 924/708/1258 925/715/1279
f 1261/714/1279 1262/713/1258 925/715/1279
f 1261/714/1279 925/715/1279 1067/717/1260
f 1260/716/1260 1261/714/1279 1067/717/1260
f 1260/716/1260 1067/717/1260 920/719/1261
f 1259/718/1261 1260/716/1260 920/719/1261
f 1259/718/1261 920/719/1261 921/717/1262
f 1258/716/1262 1259/718/1261 921/717/1262
f 1258/716/1262 921/717/1262 1052/715/1280
f 1257/714/1280 1258/716/1262 1052/715/1280
f 1257/714/1280 1052/715/1280 1054/708/1253
f 1256/713/1253 1257/714/1280 1054/708/1253
f 1256/713/1253 1054/708/1253 1055/707/1281
f 1255/706/1281 1256/713/1253 1055/707/1281
f 1255/706/1281 1055/707/1281 1062/710/1254
f 1252/709/1254 1255/706/1281 1062/710/1254
f 1252/709/1254 1062/710/1254 1066/712/1255
f 1254/711/1255 1252/709/1254 1066/712/1255
f 1254/711/1255 1066/712/1255 1007/710/1256
f 1264/709/1256 1254/711/1255 1007/710/1256
f 1264/709/1256 1007/710/1256 989/707/1282
f 1263/706/1282 1264/709/1256 989/707/1282
f 1263/706/1282 989/707/1282 924/708/1258
f 1262/713/1258 1263/706/1282 924/708/1258
vt 0.50878906 0
vn 4.935675E-08 -0.9872495 -0.1591806
vt 0.29284668 0.04345703
vn 5.061754E-08 -0.990036 -0.14081459
vt 0.80566406 0.044067383
vn 5.065942E-08 -0.99012333 -0.14019929
vt 0.94958496 0.1385498
vn 6.109381E-05 -0.997853 -0.065494
vt 0.70544434 0.8930664
vn 0.00018316912 -0.99854004 0.054016404
vt 0.60095215 0.97216797
vn 0.0004273273 -0.99497104 0.10016243
vt 0.39282227 0.97216797
vn 0.00042731682 -0.99537444 0.09607062
vt 0.50805664 1
vn 0.0009156407 -0.97807276 0.20826165
vn -6.0982664E-05 -0.997853 -0.065494
vt 0.09301758 0.1385498
vn -6.0983013E-05 -0.9982312 -0.059451923
vt 0.9880371 0.27026367
vn -0.00018305452 -0.99992096 -0.012573758
vt 0.025146484 0.27026367
vn -0.00018305586 -0.9999284 -0.011963469
vt 1 0.4251709
vn -0.00024409592 -0.99999964 -0.0007934798
vt 0 0.4248047
vt 0.9354248 0.60180664
vn -0.00030519438 -0.9999999 0.0004272721
vt 0.0501709 0.6010742
vt 0.12963867 0.7520752
vn -0.00030518082 -0.9998334 0.018249813
vn 6.109493E-05 -0.9982312 -0.059451923
vn 0.00018317222 -0.99992096 -0.012573758
vn 0.00018317362 -0.9999284 -0.011963469
vn 0.000244215 -0.99999964 -0.0007934798
vn 0.00030519438 -0.9999999 0.0004272721
vn 0.00030518082 -0.9998334 0.018249813
vt 0.85913086 0.7520752
vn 0.00030518047 -0.9998323 0.018310828
vt 0.28295898 0.8930664
vn 0.00018317033 -0.9985466 0.053894684
vn -0.00018304365 -0.99854004 0.054016404
vn -0.00018304485 -0.9985466 0.053894684
vn -0.00030518047 -0.9998323 0.018310828
vn -0.00042719673 -0.99497104 0.10016243
vn -0.00042718672 -0.99537444 0.09607062
vn -0.00091549923 -0.97807276 0.20826165
o Joint_0_Object_12
g polygon_0
usemtl Material_8036B64A
f 884/733/1283 870/735/1285 768/734/1284
f 896/733/1283 751/734/1284 860/735/1285
f 751/734/1284 861/736/1286 860/735/1285
f 746/737/1287 890/739/1289 743/738/1288
f 890/739/1289 742/740/1290 743/738/1288
f 768/734/1284 870/735/1285 731/736/1291
f 767/741/1292 768/734/1284 731/736/1291
f 767/741/1292 731/736/1291 732/742/1293
f 759/743/1294 767/741/1292 732/742/1293
f 759/743/1294 732/742/1293 771/744/1295
f 758/745/1295 759/743/1294 771/744/1295
f 758/745/1295 771/744/1295 769/746/1296
f 845/747/1296 758/745/1295 769/746/1296
f 845/747/1296 769/746/1296 847/748/1297
f 861/736/1286 751/734/1284 752/741/1298
f 796/742/1299 861/736/1286 752/741/1298
f 796/742/1299 752/741/1298 791/743/1300
f 750/744/1301 796/742/1299 791/743/1300
f 750/744/1301 791/743/1300 894/745/1301
f 749/746/1302 750/744/1301 894/745/1301
f 749/746/1302 894/745/1301 893/747/1302
f 892/748/1303 749/746/1302 893/747/1302
f 747/749/1304 749/746/1302 892/748/1303
f 746/737/1287 747/749/1304 892/748/1303
f 746/737/1287 892/748/1303 891/750/1305
f 890/739/1289 746/737/1287 891/750/1305
f 764/737/1306 880/750/1307 847/748/1297
f 831/749/1308 764/737/1306 847/748/1297
f 831/749/1308 847/748/1297 769/746/1296
f 765/738/1309 727/740/1311 728/739/1310
f 764/737/1306 765/738/1309 728/739/1310
f 764/737/1306 728/739/1310 880/750/1307
v 4.1816406 7.6723633 0.58935547
vt 0.18896484 0.04724121
vn 0.6127356 0 0.790288
vt 0.14782715 0.98620605
vn 0 -0.5566003 0.8307804
vt 0.18896484 0.98620605
v -4.1796875 7.1601562 -0.018066406
vt 0.03845215 0.045166016
vn -0.6192385 -0.785203 0
vt 0.03845215 0.98339844
vt 0.020141602 0.98498535
vn 0 -0.8962145 -0.44362098
vt 0.025512695 0.98620605
vn 0 0.55667067 -0.8307333
v -4.1816406 7.6723633 -0.6269531
vt -0.009643555 0.04724121
vn -0.6127356 0 -0.790288
vt -0.009643555 0.98620605
v -4.1796875 8.184082 -0.018066406
vt 0.21508789 0.045166016
vn -0.6192385 0.785203 0
v -4.180664 8.115723 -0.3227539
vt 0.1217041 0.04626465
vn -0.61933464 0.70356464 -0.34845585
vt 0.1217041 0.98498535
vn 0 0.8962145 -0.44362098
v -4.1816406 7.6723633 0.58935547
vn -0.6127356 0 0.790288
v 4.1816406 7.6723633 -0.6269531
vn 0.6127356 0 -0.790288
v 4.1796875 7.1601562 -0.018066406
vn 0.6192385 -0.785203 0
vt 0.06567383 0.98498535
vn 0 -0.8962145 0.44362098
v -4.180664 7.229004 -0.3227539
vt 0.020141602 0.04626465
vn -0.61929697 -0.7035912 -0.348469
vt 0.0012207031 0.98620605
vn 0 -0.5566003 -0.8307804
v -4.1816406 7.416504 -0.54541016
vt 0.0012207031 0.04724121
vn -0.6160647 -0.4377093 -0.6548854
vt -0.005493164 0.98620605
vt -0.005493164 0.04724121
v 4.180664 8.115723 0.28515625
vt 0.35424805 0.04626465
vn 0.6193612 0.7035338 0.3484708
vt 0.7729492 0.98620605
vn 0 0.55667067 0.8307333
vt 0.35424805 0.98498535
vn 0 0.8962145 0.44362098
v 4.1816406 7.9282227 0.5083008
vt 0.7729492 0.04724121
vn 0.6160483 0.43775865 0.6548679
vt 0.9827881 0.98620605
vt 0.9827881 0.04724121
v 4.1796875 8.184082 -0.018066406
vn 0.6192385 0.785203 0
vt 0.21508789 0.98339844
vn 0 1 0
v -4.180664 7.229004 0.28515625
vt 0.06567383 0.04626465
vn -0.61929697 -0.7035912 0.348469
v -4.1816406 7.416504 0.5083008
vt 0.14782715 0.04724121
vn -0.6160647 -0.4377093 0.6548854
v 4.180664 7.229004 -0.3227539
vn 0.61929697 -0.7035912 -0.348469
v 4.1816406 7.416504 -0.54541016
vn 0.6160647 -0.4377093 -0.6548854
v -4.1816406 7.9282227 -0.54541016
vt 0.025512695 0.04724121
vn -0.6160483 0.43775865 -0.6548679
v 4.180664 7.229004 0.28515625
vn 0.61929697 -0.7035912 0.348469
v 4.1816406 7.416504 0.5083008
vn 0.6160647 -0.4377093 0.6548854
vt 0.54003906 0.5004883
v 4.241699 7.6723633 -0.018554688
vt 0.53063965 0.5004883
vt 0.53881836 0.48254395
v 4.180664 8.115723 -0.3227539
vt 0.53881836 0.5184326
vn 0.61933464 0.70356464 -0.34845585
v 4.1816406 7.9282227 -0.54541016
vt 0.5352783 0.53149414
vn 0.6160483 0.43775865 -0.6548679
vt 0.53063965 0.4645996
vt 0.5258789 0.46948242
vt 0.5352783 0.46948242
vt 0.53063965 0.53637695
vt 0.5258789 0.53149414
vt 0.52246094 0.5184326
v -4.241699 7.6723633 -0.018554688
v -4.180664 8.115723 0.28515625
vn -0.6193612 0.7035338 0.3484708
vt 0.52246094 0.48254395
vt 0.52111816 0.5004883
v -4.1816406 7.9282227 0.5083008
vn -0.6160483 0.43775865 0.6548679
o Joint_0_Object_13
g polygon_0
usemtl Material_07B490EB
f 1265/751/1312 1181/753/1261 1213/752/1313
f 1266/754/1314 1223/756/1315 1235/755/1265
f 1226/757/1316 1167/759/1255 1267/758/1317
f 1268/760/1318 1231/762/1320 1269/761/1319
f 1270/751/1321 1107/752/1313 1108/753/1261
f 1170/757/1316 1271/758/1322 1124/759/1255
f 1272/754/1323 1214/763/1324 1111/755/1265
f 1223/756/1315 1266/754/1314 1273/764/1325
f 1165/765/1326 1223/756/1315 1273/764/1325
f 1165/765/1326 1273/764/1325 1274/766/1327
f 1167/767/1255 1165/765/1326 1274/766/1327
f 1167/767/1255 1274/766/1327 1267/768/1317
f 1275/769/1328 1185/771/1330 1180/770/1329
f 1276/772/1331 1275/769/1328 1180/770/1329
f 1276/772/1331 1180/770/1329 1181/773/1261
f 1265/774/1312 1276/772/1331 1181/773/1261
f 1185/771/1330 1275/769/1328 1277/760/1332
f 1189/775/1333 1185/771/1330 1277/760/1332
f 1189/775/1333 1277/760/1332 1188/762/1320
f 1266/754/1314 1235/755/1265 1234/763/1324
f 1278/776/1334 1266/754/1314 1234/763/1324
f 1278/776/1334 1234/763/1324 1107/752/1313
f 1279/777/1335 1278/776/1334 1107/752/1313
f 1279/777/1335 1107/752/1313 1270/751/1321
f 1272/754/1323 1111/755/1265 1112/756/1315
f 1280/764/1336 1272/754/1323 1112/756/1315
f 1280/764/1336 1112/756/1315 1123/765/1326
f 1281/766/1337 1280/764/1336 1123/765/1326
f 1281/766/1337 1123/765/1326 1124/767/1255
f 1271/768/1322 1281/766/1337 1124/767/1255
f 1269/761/1319 1231/762/1320 1226/757/1316
f 1282/778/1338 1269/761/1319 1226/757/1316
f 1282/778/1338 1226/757/1316 1267/758/1317
f 1214/763/1324 1272/754/1323 1283/776/1339
f 1213/752/1313 1214/763/1324 1283/776/1339
f 1213/752/1313 1283/776/1339 1284/777/1340
f 1265/751/1312 1213/752/1313 1284/777/1340
f 1277/779/1332 1275/781/1328 1285/780/1258
f 1286/782/1341 1277/779/1332 1285/780/1258
f 1286/782/1341 1285/780/1258 1287/783/1342
f 1265/784/1312 1284/785/1340 1285/780/1258
f 1276/786/1331 1265/784/1312 1285/780/1258
f 1276/786/1331 1285/780/1258 1275/781/1328
f 1188/762/1320 1277/760/1332 1286/761/1341
f 1170/757/1316 1188/762/1320 1286/761/1341
f 1170/757/1316 1286/761/1341 1287/778/1342
f 1271/758/1322 1170/757/1316 1287/778/1342
f 1271/787/1322 1287/783/1342 1285/780/1258
f 1281/788/1337 1271/787/1322 1285/780/1258
f 1281/788/1337 1285/780/1258 1280/789/1336
f 1269/782/1319 1282/783/1338 1288/780/1253
f 1268/779/1318 1269/782/1319 1288/780/1253
f 1268/779/1318 1288/780/1253 1289/781/1343
f 1274/788/1327 1273/789/1325 1288/780/1253
f 1267/787/1317 1274/788/1327 1288/780/1253
f 1267/787/1317 1288/780/1253 1282/783/1338
f 1278/790/1334 1279/785/1335 1288/780/1253
f 1266/791/1314 1278/790/1334 1288/780/1253
f 1266/791/1314 1288/780/1253 1273/789/1325
f 1290/786/1344 1289/781/1343 1288/780/1253
f 1270/784/1321 1290/786/1344 1288/780/1253
f 1270/784/1321 1288/780/1253 1279/785/1335
f 1289/769/1343 1116/770/1329 1122/771/1330
f 1268/760/1318 1289/769/1343 1122/771/1330
f 1268/760/1318 1122/771/1330 1169/775/1333
f 1231/762/1320 1268/760/1318 1169/775/1333
f 1116/770/1329 1289/769/1343 1290/772/1344
f 1108/773/1261 1116/770/1329 1290/772/1344
f 1108/773/1261 1290/772/1344 1270/774/1321
f 1272/791/1323 1280/789/1336 1285/780/1258
f 1283/790/1339 1272/791/1323 1285/780/1258
f 1283/790/1339 1285/780/1258 1284/785/1340
v 0.6470899 3.7230654 0.28564456
vt 0.65722656 0.61291504
vn 0.19123408 0.064456716 0.9794258
v 0.6387892 2.6766787 0.46923837
vt 0.6459961 0.9959717
vn 0.0650053 0.1386778 0.9882018
v 0.32921878 3.7357607 0.2055664
vt 0.5255127 0.6080322
vn -0.7589369 0.055849075 0.64876467
v 0.9605664 5.1964817 -0.24707027
vt 0.9761963 0.020263672
vn 0.8469846 -0.044375766 -0.5297621
v 0.93566406 5.0402317 0.194336
vt 0.7701416 0.11608887
vn 0.9095345 -0.12500691 0.39638397
v 0.9576367 5.229685 0.21142583
vt 0.76904297 0.019897461
vn 0.9255105 -0.062014103 0.37361014
v 0.65050787 4.435251 0.31933603
vt 0.65600586 0.33325195
vn 0.23065662 -0.13916306 0.9630323
v 0.37121096 4.424509 0.23583992
vt 0.5469971 0.3375244
vn -0.74662155 -0.08984851 0.6591536
v 0.41466796 4.9791965 0.4414063
vt 0.5887451 0.12133789
vn -0.46992883 -0.23182102 0.8517194
v 0.8873242 4.252146 -0.18164052
vt 0.97595215 0.40515137
vn 0.85557073 -0.043764323 -0.5158327
v 0.87072265 3.9139833 -0.21777341
vt 0.97631836 0.53796387
vn 0.831548 0.04467799 -0.5536532
v 0.88964844 4.0947266 0.13330078
vt 0.7890625 0.46679688
vn 0.8947339 -0.03375318 0.44532225
v 0.33507815 3.9300966 0.21777344
vt 0.53100586 0.53149414
vn -0.7456523 -0.01123117 0.6662406
v 0.34179688 4.086426 0.2265625
vt 0.53552246 0.47009277
vn -0.7503231 0.0076906136 0.66102654
v 0.64660156 3.9320498 0.29638672
vt 0.6563721 0.5308838
vn 0.18335573 -0.060671024 0.9811726
v 0.26134765 3.7308779 -0.22607422
vt 0.29504395 0.6098633
vn -0.8930855 0.08532905 -0.44172087
v 0.2095899 2.682538 -0.19873041
vt 0.31640625 0.9935303
vn -0.94221586 0.032349262 -0.33344084
v 0.5035352 2.6854677 -0.4350585
vt 0.18078613 0.9923096
vn -0.13959411 0.024110101 -0.98991525
v -0.62060547 5.5360155 -0.40722656
vt 0.15026855 0.020996094
vn 0.1124947 0 -0.9936523
v -0.9604492 5.545293 -0.24707031
vt 0.01965332 0.020263672
vn -0.84997106 0 -0.5268294
v -0.9605663 5.1964817 -0.2470703
vn -0.84698457 -0.044375658 -0.52976215
v 0.30089852 2.673749 0.2929688
vt 0.5415039 0.9970703
vn -0.79234684 0.07092729 0.60593385
v -0.9229687 2.6752138 -0.26513666
vt 0.97631836 0.99645996
vn -0.82066065 0.049074914 -0.5693047
v -0.864375 3.6952333 -0.25390622
vt 0.9765625 0.62390137
vn -0.7967075 0.06402721 -0.60096395
v -0.9576366 2.6659365 0.26562506
vt 0.75683594 1
vn -0.8755792 0.11767982 0.46852177
v -0.88964844 4.0947266 0.13330078
vn -0.8947339 -0.03375318 0.44532225
v -0.64660156 3.9320498 0.29638672
vn -0.18335563 -0.060671005 0.9811727
v -0.89171875 3.9286318 0.12304687
vt 0.7944336 0.5321045
vn -0.90295357 -0.020936433 0.42922792
v -0.5772655 4.2536106 -0.34716788
vt 0.16015625 0.4046631
vn 0.03149526 0.016602242 -0.99936604
v -0.87072265 3.9139833 -0.21777344
vt 0.019897461 0.53796387
vn -0.8315479 0.04467808 -0.55365324
v -0.55529296 3.920331 -0.3642578
vt 0.16748047 0.53552246
vn 0.044434622 0.1121244 -0.9927002
v -0.41466784 4.9791965 0.4414063
vn 0.46992892 -0.23182106 0.8517193
v -0.42492175 5.1564426 0.49951175
vt 0.595459 0.020629883
vn 0.43458325 -0.11487164 0.893276
v -0.31212878 5.042185 0.31884775
vt 0.54797363 0.021972656
vn 0.93330723 -0.07592932 0.3509592
v -0.5035351 2.6854677 -0.4350585
vn 0.13959399 0.024110086 -0.9899153
v -0.20958978 2.682538 -0.19873035
vn 0.9422159 0.032349154 -0.33344075
v -0.26134765 3.7308779 -0.22607419
vn 0.89308554 0.08532896 -0.44172084
v -0.32921872 3.7357607 0.20556644
vn 0.75893694 0.05584898 0.6487647
v -0.27208975 5.00947 -0.11962884
vt 0.34375 0.022338867
vn 0.9290423 -0.028076995 -0.3689068
v -0.6212109 5.1212864 -0.40722653
vn 0.11132984 -0.024353363 -0.99348503
v -0.6182812 4.9567356 -0.39843744
vt 0.15112305 0.123168945
vn 0.07947096 -0.051149495 -0.99552405
v -0.69873047 5.5496874 0.49414062
vt 0.6561279 0.019897461
vn -0.41598624 0 0.9093709
v -0.9576366 5.229685 0.2114258
vn -0.9255105 -0.062013995 0.37361005
v -0.95751953 5.5496874 0.21142578
vn -0.93050426 0 0.36628115
v -0.9517772 5.013376 -0.23291013
vt 0.9760742 0.1184082
vn -0.85783255 -0.0952197 -0.5050311
v -0.93566394 5.0402317 0.19433597
vn -0.9095345 -0.12500681 0.3963839
v 0.27148438 5.5218554 -0.119628906
vn -0.9215492 0 -0.38826168
v 0.6212109 5.1212864 -0.40722653
vn -0.11132996 -0.024353348 -0.99348503
v 0.62060547 5.5360155 -0.40722656
vn -0.1124947 0 -0.9936523
v -0.69103503 5.0377903 0.45556647
vt 0.65600586 0.11633301
vn -0.36305243 -0.22736563 0.9036027
v -0.69884753 5.22822 0.49414065
vn -0.40975368 -0.09857776 0.9068541
v -0.6505076 4.435251 0.31933603
vn -0.2306565 -0.13916303 0.9630323
v -0.37121078 4.424509 0.23583995
vn 0.7466216 -0.089848585 0.6591536
v -0.6480662 4.2565403 0.31152353
vt 0.6557617 0.40344238
vn -0.17413396 -0.023559716 0.9844401
v -0.35314435 4.2433567 0.23242198
vt 0.54052734 0.40856934
vn 0.74985045 0.031495463 0.66085726
v -0.64697266 4.09375 0.31103516
vt 0.6553955 0.4671631
vn -0.17688528 -0.042664874 0.9833063
v -0.34179688 4.086426 0.2265625
vn 0.7503231 0.0076906136 0.66102654
v -0.3350781 3.9300966 0.21777347
vn 0.7456523 -0.0112312585 0.66624063
v -0.27697265 3.9320498 -0.20214841
vt 0.30065918 0.5307617
vn 0.8992623 0.092837684 -0.42744407
v -0.5460156 3.7123232 -0.3925781
vt 0.16992188 0.6170654
vn 0.05334792 0.09656357 -0.9938961
vt 0.020019531 0.99645996
v 0.95751953 5.5496874 0.21142578
vn 0.93050426 0 0.36628115
v 0.69873047 5.5496874 0.49414062
vn 0.41598624 0 0.9093709
v 0.9604492 5.545293 -0.24707031
vn 0.84997106 0 -0.5268294
v 0.69103515 5.0377903 0.45556647
vn 0.36305252 -0.22736564 0.90360266
v 0.69884765 5.22822 0.49414065
vn 0.4097538 -0.098577805 0.9068541
v 0.907832 4.4411106 0.135254
vt 0.79211426 0.3310547
vn 0.90403605 -0.09418193 0.41695163
v 0.95177734 5.013376 -0.2329101
vn 0.8578327 -0.09521981 -0.50503105
v 0.42492187 5.1564426 0.49951175
vn -0.43458313 -0.1148716 0.893276
v 0.4243164 5.54041 0.49951172
vn -0.4607607 0 0.88752437
v -0.31201172 5.5257616 0.31884766
vn 0.9460385 0 0.32405433
v -0.27148438 5.5218554 -0.119628906
vn 0.9215492 0 -0.38826168
v -0.4243164 5.54041 0.49951172
vn 0.4607607 0 0.88752437
vt 0.01965332 0.1184082
v -0.9024608 4.436716 -0.17871088
vt 0.01928711 0.3326416
vn -0.8661621 -0.09234741 -0.4911569
v 0.9000195 3.7123232 0.104980506
vt 0.8050537 0.6171875
vn 0.921684 0.048403595 0.38490996
v 0.89171875 3.9286318 0.1230469
vn 0.9029535 -0.02093654 0.429228
v 0.95763683 2.6659365 0.26562512
vn 0.8755791 0.11767971 0.46852186
v 0.864375 3.6952333 -0.25390622
vn 0.7967076 0.06402714 -0.60096395
v 0.9229688 2.6752138 -0.2651366
vn 0.8206606 0.04907482 -0.56930465
v 0.64697266 4.09375 0.31103516
vn 0.17688528 -0.042664874 0.9833063
v 0.2720898 5.00947 -0.119628884
vn -0.9290422 -0.028076882 -0.36890692
v 0.6182812 4.9567356 -0.39843744
vn -0.07947108 -0.051149487 -0.99552405
v 0.3121289 5.042185 0.3188477
vn -0.9333073 -0.075929224 0.35095912
v 0.31201172 5.5257616 0.31884766
vn -0.9460385 0 0.32405433
v 0.27990234 4.8629856 -0.13378902
vt 0.33483887 0.13110352
vn -0.9199559 -0.048158444 -0.38905254
v 0.5958203 4.4459934 -0.36181632
vt 0.15405273 0.32910156
vn -0.030335572 -0.049257006 -0.99832535
v 0.32677734 4.9098606 0.300293
vt 0.54785156 0.12719727
vn -0.9240762 -0.124703564 0.36129245
v 0.301875 4.417185 -0.1801757
vt 0.303833 0.34033203
vn -0.9024675 -0.0015869448 -0.4307551
v 0.5772656 4.2536106 -0.34716788
vn -0.031495377 0.016602246 -0.99936604
v 0.29601565 4.24531 -0.17968743
vt 0.305542 0.40795898
vn -0.90499955 0.061708756 -0.42091304
v 0.55529296 3.920331 -0.3642578
vn -0.044434756 0.1121244 -0.9927002
v 0.3531446 4.2433567 0.23242195
vn -0.7498505 0.031495556 0.66085726
v 0.64806646 4.2565403 0.31152353
vn 0.17413408 -0.023559738 0.9844401
v 0.89416015 4.261423 0.1381837
vt 0.78796387 0.40161133
vn 0.88835764 -0.04687782 0.45675284
v 0.90246093 4.436716 -0.17871085
vt 0.9758301 0.3326416
vn 0.8661622 -0.092347525 -0.49115682
vt 0.01940918 0.40515137
v 0.27697265 3.9320498 -0.20214844
vn -0.8992623 0.09283778 -0.42744413
v 0.5460156 3.7123232 -0.3925781
vn -0.053348046 0.09656357 -0.9938961
vt 0.020263672 0.62390137
v -0.9078319 4.4411106 0.13525397
vn -0.90403605 -0.09418184 0.41695157
v -0.9000195 3.7123232 0.104980476
vn -0.921684 0.048403706 0.38490984
v -0.6470898 3.7230654 0.28564456
vn -0.19123396 0.064456746 0.9794258
v -0.63878894 2.6766787 0.46923837
vn -0.0650052 0.1386778 0.9882018
v -0.30089834 2.673749 0.29296887
vn 0.79234684 0.070927195 0.60593385
v -0.8873241 4.252146 -0.18164055
vn -0.8555707 -0.04376422 -0.51583284
v -0.89416003 4.261423 0.13818367
vn -0.8883577 -0.046877723 0.4567528
v -0.32677722 4.9098606 0.30029306
vn 0.92407614 -0.12470365 0.3612925
v -0.27990222 4.8629856 -0.13378899
vn 0.9199559 -0.048158556 -0.38905242
v -0.5958202 4.4459934 -0.36181632
vn 0.03033546 -0.049257006 -0.99832535
v -0.30187488 4.417185 -0.18017568
vn 0.90246755 -0.0015870525 -0.430755
v -0.29601547 4.24531 -0.1796874
vn 0.9049996 0.061708655 -0.42091295
o Joint_0_Object_14
g polygon_0
usemtl Material_872C5853
f 1291/792/1345 1293/794/1347 1292/793/1346
f 1294/795/1348 1296/797/1350 1295/796/1349
f 1297/798/1351 1299/800/1353 1298/799/1352
f 1300/801/1354 1302/803/1356 1301/802/1355
f 1303/804/1357 1305/806/1359 1304/805/1358
f 1306/807/1360 1308/809/1362 1307/808/1361
f 1309/810/1363 1311/811/1365 1310/811/1364
f 1292/793/1346 1293/794/1347 1312/812/1366
f 1313/813/1367 1315/815/1369 1314/814/1368
f 1316/803/1370 1318/816/1372 1317/806/1371
f 1319/817/1373 1321/819/1375 1320/818/1374
f 1322/800/1376 1324/821/1378 1323/820/1377
f 1325/809/1379 1327/807/1381 1326/808/1380
f 1327/807/1381 1328/794/1382 1326/808/1380
f 1329/822/1383 1331/823/1385 1330/810/1384
f 1332/824/1386 1334/797/1388 1333/797/1387
f 1335/825/1389 1336/796/1390 1311/795/1365
f 1337/822/1391 1339/810/1393 1338/810/1392
f 1323/820/1377 1341/824/1395 1340/826/1394
f 1322/800/1376 1323/820/1377 1340/826/1394
f 1322/800/1376 1340/826/1394 1342/798/1396
f 1343/799/1397 1322/800/1376 1342/798/1396
f 1343/799/1397 1342/798/1396 1344/827/1398
f 1345/828/1399 1343/799/1397 1344/827/1398
f 1345/828/1399 1344/827/1398 1346/829/1400
f 1347/805/1401 1345/828/1399 1346/829/1400
f 1347/805/1401 1346/829/1400 1317/806/1371
f 1348/804/1402 1347/805/1401 1317/806/1371
f 1348/804/1402 1317/806/1371 1328/794/1382
f 1349/830/1403 1348/804/1402 1328/794/1382
f 1349/830/1403 1328/794/1382 1327/807/1381
f 1350/831/1404 1349/830/1403 1327/807/1381
f 1350/831/1404 1327/807/1381 1325/809/1379
f 1313/832/1367 1350/831/1404 1325/809/1379
f 1351/797/1405 1352/824/1406 1296/797/1350
f 1353/795/1407 1351/797/1405 1296/797/1350
f 1353/795/1407 1296/797/1350 1294/795/1348
f 1354/826/1408 1295/796/1349 1296/797/1350
f 1355/824/1409 1354/826/1408 1296/797/1350
f 1355/824/1409 1296/797/1350 1352/824/1406
f 1354/826/1408 1297/798/1351 1356/833/1410
f 1295/796/1349 1354/826/1408 1356/833/1410
f 1295/796/1349 1356/833/1410 1357/825/1411
f 1294/795/1348 1295/796/1349 1357/825/1411
f 1299/800/1353 1297/798/1351 1354/826/1408
f 1358/820/1412 1299/800/1353 1354/826/1408
f 1358/820/1412 1354/826/1408 1355/824/1409
f 1359/820/1413 1358/820/1412 1355/824/1409
f 1359/820/1413 1355/824/1409 1352/824/1406
f 1324/821/1378 1361/822/1415 1360/821/1414
f 1323/820/1377 1324/821/1378 1360/821/1414
f 1323/820/1377 1360/821/1414 1362/820/1416
f 1341/824/1395 1323/820/1377 1362/820/1416
f 1330/810/1384 1309/810/1363 1361/822/1415
f 1329/822/1383 1330/810/1384 1361/822/1415
f 1329/822/1383 1361/822/1415 1324/821/1378
f 1311/811/1365 1309/810/1363 1330/810/1384
f 1335/834/1389 1311/811/1365 1330/810/1384
f 1335/834/1389 1330/810/1384 1331/823/1385
f 1363/835/1417 1335/834/1389 1331/823/1385
f 1364/836/1418 1365/816/1419 1291/792/1345
f 1366/815/1420 1364/836/1418 1291/792/1345
f 1366/815/1420 1291/792/1345 1292/793/1346
f 1301/802/1355 1365/816/1419 1364/836/1418
f 1367/814/1421 1301/802/1355 1364/836/1418
f 1367/814/1421 1364/836/1418 1366/815/1420
f 1368/813/1422 1367/814/1421 1366/815/1420
f 1365/816/1419 1301/802/1355 1302/803/1356
f 1305/806/1359 1365/816/1419 1302/803/1356
f 1305/806/1359 1302/803/1356 1369/829/1423
f 1304/805/1358 1305/806/1359 1369/829/1423
f 1338/810/1392 1371/823/1425 1370/822/1424
f 1337/822/1391 1338/810/1392 1370/822/1424
f 1337/822/1391 1370/822/1424 1372/821/1426
f 1373/821/1427 1337/822/1391 1372/821/1426
f 1371/823/1425 1375/838/1429 1374/837/1428
f 1370/822/1424 1371/823/1425 1374/837/1428
f 1370/822/1424 1374/837/1428 1376/839/1430
f 1372/821/1426 1370/822/1424 1376/839/1430
f 1375/838/1429 1378/817/1432 1377/840/1431
f 1374/837/1428 1375/838/1429 1377/840/1431
f 1374/837/1428 1377/840/1431 1298/799/1352
f 1376/839/1430 1374/837/1428 1298/799/1352
f 1376/839/1430 1298/799/1352 1299/800/1353
f 1372/821/1426 1376/839/1430 1299/800/1353
f 1372/821/1426 1299/800/1353 1358/820/1412
f 1373/821/1427 1372/821/1426 1358/820/1412
f 1373/821/1427 1358/820/1412 1359/820/1413
f 1378/817/1432 1380/819/1434 1379/841/1433
f 1377/840/1431 1378/817/1432 1379/841/1433
f 1377/840/1431 1379/841/1433 1381/828/1435
f 1298/799/1352 1377/840/1431 1381/828/1435
f 1298/799/1352 1381/828/1435 1382/827/1436
f 1297/798/1351 1298/799/1352 1382/827/1436
f 1297/798/1351 1382/827/1436 1383/842/1437
f 1356/833/1410 1297/798/1351 1383/842/1437
f 1356/833/1410 1383/842/1437 1384/843/1438
f 1357/825/1411 1356/833/1410 1384/843/1438
f 1301/818/1355 1380/819/1434 1378/817/1432
f 1300/844/1354 1301/818/1355 1378/817/1432
f 1300/844/1354 1378/817/1432 1375/838/1429
f 1384/835/1438 1300/844/1354 1375/838/1429
f 1384/835/1438 1375/838/1429 1371/823/1425
f 1357/834/1411 1384/835/1438 1371/823/1425
f 1357/834/1411 1371/823/1425 1338/810/1392
f 1294/811/1348 1357/834/1411 1338/810/1392
f 1294/811/1348 1338/810/1392 1339/810/1393
f 1353/811/1407 1294/811/1348 1339/810/1393
f 1291/792/1345 1365/816/1419 1305/806/1359
f 1293/794/1347 1291/792/1345 1305/806/1359
f 1293/794/1347 1305/806/1359 1303/804/1357
f 1385/830/1439 1293/794/1347 1303/804/1357
f 1385/830/1439 1303/804/1357 1304/805/1358
f 1308/809/1362 1306/807/1360 1386/831/1440
f 1368/832/1422 1308/809/1362 1386/831/1440
f 1368/832/1422 1386/831/1440 1367/845/1421
f 1301/818/1355 1367/845/1421 1386/831/1440
f 1380/819/1434 1301/818/1355 1386/831/1440
f 1380/819/1434 1386/831/1440 1385/830/1439
f 1379/841/1433 1380/819/1434 1385/830/1439
f 1379/841/1433 1385/830/1439 1304/805/1358
f 1381/828/1435 1379/841/1433 1304/805/1358
f 1381/828/1435 1304/805/1358 1369/829/1423
f 1382/827/1436 1381/828/1435 1369/829/1423
f 1382/827/1436 1369/829/1423 1302/803/1356
f 1383/842/1437 1382/827/1436 1302/803/1356
f 1383/842/1437 1302/803/1356 1300/801/1354
f 1384/843/1438 1383/842/1437 1300/801/1354
f 1333/797/1387 1340/826/1394 1341/824/1395
f 1332/824/1386 1333/797/1387 1341/824/1395
f 1332/824/1386 1341/824/1395 1362/820/1416
f 1340/826/1394 1333/797/1387 1336/796/1390
f 1387/833/1441 1340/826/1394 1336/796/1390
f 1387/833/1441 1336/796/1390 1335/825/1389
f 1363/843/1417 1387/833/1441 1335/825/1389
f 1311/795/1365 1336/796/1390 1333/797/1387
f 1310/795/1364 1311/795/1365 1333/797/1387
f 1310/795/1364 1333/797/1387 1334/797/1388
f 1388/836/1442 1314/814/1368 1315/815/1369
f 1389/792/1443 1388/836/1442 1315/815/1369
f 1389/792/1443 1315/815/1369 1390/793/1444
f 1328/794/1382 1389/792/1443 1390/793/1444
f 1328/794/1382 1390/793/1444 1391/812/1445
f 1326/808/1380 1328/794/1382 1391/812/1445
f 1320/802/1374 1318/816/1372 1316/803/1370
f 1392/801/1446 1320/802/1374 1316/803/1370
f 1392/801/1446 1316/803/1370 1393/842/1447
f 1363/843/1417 1392/801/1446 1393/842/1447
f 1363/843/1417 1393/842/1447 1387/833/1441
f 1344/827/1398 1393/842/1447 1316/803/1370
f 1346/829/1400 1344/827/1398 1316/803/1370
f 1346/829/1400 1316/803/1370 1317/806/1371
f 1320/802/1374 1314/814/1368 1388/836/1442
f 1318/816/1372 1320/802/1374 1388/836/1442
f 1318/816/1372 1388/836/1442 1389/792/1443
f 1317/806/1371 1318/816/1372 1389/792/1443
f 1317/806/1371 1389/792/1443 1328/794/1382
f 1393/842/1447 1344/827/1398 1342/798/1396
f 1387/833/1441 1393/842/1447 1342/798/1396
f 1387/833/1441 1342/798/1396 1340/826/1394
f 1324/821/1378 1322/800/1376 1394/839/1448
f 1329/822/1383 1324/821/1378 1394/839/1448
f 1329/822/1383 1394/839/1448 1395/837/1449
f 1331/823/1385 1329/822/1383 1395/837/1449
f 1331/823/1385 1395/837/1449 1396/838/1450
f 1363/835/1417 1331/823/1385 1396/838/1450
f 1363/835/1417 1396/838/1450 1392/844/1446
f 1394/839/1448 1322/800/1376 1343/799/1397
f 1395/837/1449 1394/839/1448 1343/799/1397
f 1395/837/1449 1343/799/1397 1397/840/1451
f 1396/838/1450 1395/837/1449 1397/840/1451
f 1396/838/1450 1397/840/1451 1319/817/1373
f 1392/844/1446 1396/838/1450 1319/817/1373
f 1392/844/1446 1319/817/1373 1320/818/1374
f 1397/840/1451 1343/799/1397 1345/828/1399
f 1398/841/1452 1397/840/1451 1345/828/1399
f 1398/841/1452 1345/828/1399 1347/805/1401
f 1349/830/1403 1398/841/1452 1347/805/1401
f 1349/830/1403 1347/805/1401 1348/804/1402
f 1319/817/1373 1397/840/1451 1398/841/1452
f 1321/819/1375 1319/817/1373 1398/841/1452
f 1321/819/1375 1398/841/1452 1349/830/1403
f 1350/831/1404 1321/819/1375 1349/830/1403
f 1320/818/1374 1321/819/1375 1350/831/1404
f 1314/845/1368 1320/818/1374 1350/831/1404
f 1314/845/1368 1350/831/1404 1313/832/1367
f 1385/830/1439 1386/831/1440 1306/807/1360
f 1293/794/1347 1385/830/1439 1306/807/1360
f 1293/794/1347 1306/807/1360 1307/808/1361
f 1312/812/1366 1293/794/1347 1307/808/1361
v -0.72314453 5.207402 0.18261719
vt 0.6154785 0.01586914
vn -0.50686246 -0.8505084 0.14044924
v -0.30517578 5.00916 -0.119628906
vt 0.49438477 0.01574707
vn -0.15778135 -0.98581296 -0.05725296
v -0.72558594 5.1825 -0.19091797
vn -0.51638216 -0.8563032 -0.009705055
v 0.765625 7.183281 -0.6274414
vt 0.33935547 0.6705322
vn 0.77474385 0.1676689 -0.6096385
v 0.9316406 7.2033005 -0.18603516
vt 0.49206543 0.6672363
vn 0.9351093 0.2638693 -0.23652406
v 0.86328125 7.590996 -0.103515625
vt 0.49194336 0.74401855
vn 0.9121805 0.3722214 -0.17140009
v -0.31201172 5.042363 0.31884766
vn -0.2630744 -0.9597638 0.09821038
v -0.56152344 5.1922655 0.49658203
vt 0.6599121 0.016235352
vn -0.4582664 -0.86361367 0.21015067
vt 0.76086426 0.015991211
v 0 8.0748825 0.41992188
vt 0.6419678 0.97314453
vn 0 0.9572684 0.2892009
vt 0.76123047 0.91882324
vn 0.13434379 0.91812783 0.37281775
vt 0.76123047 0.9797363
vn 0 0.92201525 0.38715363
v 0.3540039 5.34375 -0.8925781
vt 0.18896484 0.14575195
vn 0.24170578 -0.67512816 -0.69697934
v 0 5.7475586 -1.1987305
vt 0.07165527 0.24267578
vn 0 -0.22504674 -0.974348
v 0 5.3164062 -0.9550781
vt 0.07165527 0.14526367
vn 0 -0.71493685 -0.69918907
v 1.078125 5.4296875 -0.2626953
vt 0.49230957 0.14562988
vn 0.7756099 -0.6139202 -0.14673536
v 0.72558594 5.1825 -0.19091797
vt 0.49243164 0.016723633
vn 0.5164981 -0.856232 -0.009827014
v 0.72314453 5.207402 0.18261719
vt 0.6430664 0.016723633
vn 0.50703806 -0.85037374 0.14063028
v 0.8359375 5.3842773 -0.69433594
vt 0.33947754 0.14587402
vn 0.5648522 -0.6157584 -0.54934835
v 0.3696289 6.6572266 -0.96240234
vt 0.1887207 0.53674316
vn 0.3614696 0.19910736 -0.9108765
v 0 6.664551 -1.0361328
vt 0.07165527 0.5371094
vn 0 0.19262882 -0.9812717
v 0.41992188 6.2021484 -1.0844727
vt 0.18896484 0.39978027
vn 0.34974667 0.15790482 -0.92344105
v -0.34716797 7.530449 -0.83740234
vt 0.18798828 0.76794434
vn -0.35188392 0.38972744 -0.85105246
v 0 7.5226364 -0.8979492
vt 0.071777344 0.8059082
vn 0 0.378861 -0.9254536
v -0.31884766 7.7955856 -0.67578125
vt 0.18762207 0.82177734
vn -0.37453875 0.61808664 -0.69115096
v -1.078125 5.4296875 -0.2626953
vn -0.7756099 -0.6139202 -0.14673536
v -1.1088867 6.7128906 -0.19970703
vt 0.49206543 0.53637695
vn -0.9193503 0.3180676 -0.23157716
v -1.0756836 6.7695312 0.2763672
vt 0.6411133 0.5358887
vn -0.95280915 0.29725692 0.06158773
v -1.2480469 6.2734375 -0.2783203
vt 0.49206543 0.39916992
vn -0.94778013 0.18475853 -0.2599559
v -1.0620117 5.4560547 0.17822266
vt 0.64282227 0.14489746
vn -0.7500296 -0.6487683 0.12866719
v -0.8354492 5.3842773 -0.69433594
vn -0.5648522 -0.6157584 -0.54934835
v -0.98828125 5.7924805 -0.7998047
vt 0.33947754 0.24267578
vn -0.70613605 -0.17401624 -0.6863601
v -1.2509766 5.823242 -0.2919922
vt 0.4921875 0.24206543
vn -0.94927716 -0.20228295 -0.24073747
v 0 6.2006836 -1.1811523
vt 0.07165527 0.4000244
vn 0 0.16400307 -0.98645985
v -0.41992188 6.2021484 -1.0844727
vn -0.34974667 0.15790482 -0.92344105
v -0.41748047 5.7646484 -1.0966797
vt 0.18908691 0.24316406
vn -0.34095654 -0.20716193 -0.91696924
v 0 7.7955856 -0.7363281
vt 0.068237305 0.90856934
vn 0 0.63840556 -0.76970017
vt 0.7609863 0.84643555
vn -0.4908551 0.8335137 0.25360644
v -0.86816406 7.6290817 0.3388672
vt 0.64172363 0.7602539
vn -0.9069094 0.42079914 0.021058269
v -0.6484375 7.9518356 0.38330078
vt 0.64172363 0.84143066
vn -0.6146028 0.7668344 0.18500954
v 0.31201172 5.042363 0.31884766
vn 0.23938805 -0.96109235 0.13782208
vn -0.13434379 0.91812783 0.37281775
v -0.62060547 5.1209764 -0.40722656
vt 0.33947754 0.016723633
vn -0.4039974 -0.8835574 -0.2368808
vt 0.18835449 0.016601562
vt 0.76123047 0.39892578
vn -0.9711642 0.21277598 0.10754769
v -1.2919922 5.850586 0.1640625
vt 0.64245605 0.24145508
vn -0.97366405 -0.22351791 0.044923317
v -1.2514648 6.3012695 0.21728516
vt 0.6419678 0.39916992
vn -0.97746646 0.20942222 0.026490599
vt 0.76086426 0.24060059
vn -0.94317526 -0.27162373 0.19141844
vt 0.7606201 0.14440918
vn -0.6879171 -0.70012504 0.19129834
v 0.5439453 7.8424606 -0.40429688
vt 0.33935547 0.8116455
vn 0.59310126 0.6589607 -0.46260312
v 0.31884766 7.7955856 -0.67578125
vn 0.37453875 0.61808664 -0.69115096
v 0.34716797 7.530449 -0.83740234
vn 0.35188392 0.38972744 -0.85105246
v 0.31347656 8.06707 -0.31347656
vt 0.33935547 0.8790283
vn 0.31177714 0.8828396 -0.3512681
v 0 7.992363 -0.5004883
vt 0.18444824 0.9276123
vn 0 0.8167496 -0.5769923
vt 0.76135254 0.5366211
vn -0.9427329 0.32331863 0.08197412
vt 0.64575195 0.536499
vt 0.76135254 0.553833
vn -0.9478793 0.3073939 0.083868
vt 0.76135254 0.69506836
vn -0.969439 0.20654672 0.13238767
v -0.95654297 7.2384567 0.28710938
vt 0.6418457 0.6765137
vn -0.97186357 0.23170419 0.04236109
vt 0.76135254 0.7718506
vn -0.9027521 0.42183366 0.08423245
vt 0.6418457 0.536499
v -0.33789062 8.056816 0.39404297
vt 0.6419678 0.90686035
vn -0.20807955 0.9448728 0.2528206
v -0.9658203 6.2250977 -0.77197266
vt 0.33947754 0.39941406
vn -0.6899115 0.20044848 -0.695588
v -0.86328125 7.590996 -0.103515625
vn -0.9121805 0.3722214 -0.17140009
v -0.9316406 7.2033005 -0.18603516
vn -0.9351093 0.2638693 -0.23652406
v -0.765625 7.183281 -0.6274414
vn -0.77474385 0.1676689 -0.6096385
v -0.86376953 6.673828 -0.6489258
vt 0.33935547 0.536499
vn -0.709505 0.2741214 -0.64919955
v 1.1088867 6.7128906 -0.19970703
vn 0.91928405 0.31812683 -0.23175894
v 0.9658203 6.2250977 -0.77197266
vn 0.6899115 0.20044848 -0.695588
v 1.2480469 6.2734375 -0.2783203
vn 0.94777584 0.18469666 -0.2600158
v 0.86376953 6.673828 -0.6489258
vn 0.709505 0.2741214 -0.64919955
v 0.98828125 5.7924805 -0.7998047
vn 0.70613605 -0.17401624 -0.6863601
v 1.2509766 5.823242 -0.2919922
vn 0.94927716 -0.20228295 -0.24073747
v 0.7216797 7.5314255 -0.58984375
vt 0.33935547 0.7363281
vn 0.7296399 0.3859999 -0.564473
v 0.36523438 7.184746 -0.9165039
vt 0.18835449 0.69836426
vn 0.38404617 0.14929703 -0.91116357
v 0.6489258 7.950371 -0.0068359375
vt 0.4918213 0.8288574
vn 0.6689102 0.7316568 -0.1312917
v 0 7.181328 -0.984375
vt 0.07165527 0.73132324
vn 0 0.16729829 -0.98590636
v -0.36523438 7.184746 -0.9165039
vn -0.38404617 0.14929703 -0.91116357
v -0.3696289 6.6572266 -0.96240234
vn -0.3614696 0.19910736 -0.9108765
v 0.30517578 5.00916 -0.119628906
vn 0.1576612 -0.98582506 -0.057375737
v 0 5.0101366 -0.12109375
vt 0.50024414 0.015380859
vn 0 -0.9957885 -0.091680415
v 0 5.015996 0.35302734
vt 0.6295166 0.01550293
vn 0 -0.99196297 0.12652838
v -0.3540039 5.34375 -0.8925781
vn -0.24170578 -0.67512816 -0.69697934
v -0.32177734 5.109746 -0.49365234
vt 0.18859863 0.07299805
vn -0.101076625 -0.91878414 -0.3816009
vt 0.071777344 0.016479492
v 0 5.0843554 -0.49316406
vt 0.07165527 0.07019043
vn 0 -0.9407185 -0.33918846
v 0.32177734 5.109746 -0.49365234
vn 0.101076625 -0.91878414 -0.3816009
vt 0.6418457 0.53601074
vt 0.7607422 0.016235352
vn -0.45698598 -0.8591605 0.23023255
vn -0.2588532 -0.9599724 0.1069959
vt 0.7609863 0.01550293
vn 0 -0.9782424 0.20746528
vn 0.24946441 -0.9418853 0.22498797
v 0.56152344 5.1922655 0.49658203
vn 0.4582664 -0.86361367 0.21015067
v 1.0620117 5.4560547 0.17822266
vn 0.7500296 -0.6487683 0.12866719
v 0.41748047 5.7646484 -1.0966797
vn 0.3409026 -0.20716624 -0.9169883
vn 0.45698598 -0.8591605 0.23023255
vn 0.6879171 -0.70012504 0.19129834
v 1.2919922 5.850586 0.1640625
vn 0.97366405 -0.22351791 0.044923317
v 1.2514648 6.3012695 0.21728516
vn 0.9775159 0.20917559 0.02661236
v 1.0756836 6.7700195 0.27246094
vn 0.9502842 0.3031705 0.071047
v 0.95654297 7.2384567 0.28710938
vn 0.9718894 0.23157372 0.04248163
v 0.86816406 7.6290817 0.3388672
vn 0.9069094 0.42079914 0.021058269
v 0.6484375 7.9518356 0.38330078
vn 0.6146028 0.7668344 0.18500954
v 0.32617188 8.103203 0.026855469
vt 0.49194336 0.8989258
vn 0.2672215 0.96353555 -0.013855478
v 0 8.105156 -0.30029297
vt 0.33935547 0.9448242
vn 0 0.9533601 -0.3018353
v -0.31347656 8.06707 -0.31347656
vn -0.31177714 0.8828396 -0.3512681
v -0.5439453 7.8424606 -0.40429688
vn -0.59310126 0.6589607 -0.46260312
v -0.7216797 7.5314255 -0.58984375
vn -0.7296399 0.3859999 -0.564473
vn 0.96945906 0.20648997 0.13232936
vn 0.9027521 0.42183366 0.08423245
vn 0.4908551 0.8335137 0.25360644
v 0.33789062 8.056816 0.39404297
vn 0.20807955 0.9448728 0.2528206
v 0 8.149101 0.038085938
vt 0.49194336 0.96240234
vn 0 0.9998731 0.015931072
v -0.32617188 8.103203 0.026855469
vn -0.2672215 0.96353555 -0.013855478
v -0.6489258 7.950371 -0.0068359375
vn -0.6689102 0.7316568 -0.1312917
v 0.62060547 5.1209764 -0.40722656
vn 0.4039974 -0.8835574 -0.2368808
vn 0.94317526 -0.27162373 0.19141844
vn 0.9711642 0.21277598 0.10754769
vn 0.9437291 0.32027337 0.082464136
vt 0.76135254 0.5876465
vn 0.9480032 0.30702826 0.08380712
o Joint_0_Object_15
g polygon_0
usemtl Material_77981CB9
f 1399/846/1453 1401/847/1455 1400/847/1454
f 1402/848/1456 1404/850/1458 1403/849/1457
f 1400/847/1454 1405/846/1459 1399/846/1453
f 1406/851/1460 1405/846/1459 684/852/1459
f 1407/853/1461 693/855/1463 722/854/1462
f 1408/856/1464 1410/858/1466 1409/857/1465
f 1411/859/1467 1413/861/1469 1412/860/1468
f 1412/860/1468 1414/862/1470 1411/859/1467
f 1415/863/1471 1417/865/1473 1416/864/1472
f 1418/866/1474 1420/868/1476 1419/867/1475
f 1399/861/1453 1421/859/1477 1401/860/1455
f 1422/869/1478 1424/871/1480 1423/870/1479
f 1421/859/1477 1399/861/1453 1425/872/1481
f 1426/862/1482 1428/874/1484 1427/873/1483
f 1429/875/1485 1431/876/1487 1430/865/1486
f 1419/867/1475 1420/868/1476 1432/877/1488
f 672/878/1489 1434/880/1491 1433/879/1490
f 1412/847/1468 1413/846/1469 1435/846/1492
f 693/855/1463 1407/853/1461 702/854/1493
f 1436/881/1494 1400/882/1454 1401/882/1455
f 705/883/1495 1438/885/1497 1437/884/1496
f 707/886/1498 705/883/1495 1437/884/1496
f 707/886/1498 1437/884/1496 677/887/1499
f 1439/888/1500 1441/866/1502 1440/868/1501
f 1442/889/1503 1439/888/1500 1440/868/1501
f 1442/889/1503 1440/868/1501 1443/890/1504
f 1438/885/1497 705/883/1495 703/891/1505
f 1423/892/1479 1438/885/1497 703/891/1505
f 1423/892/1479 703/891/1505 676/893/1506
f 674/894/1507 1423/892/1479 676/893/1506
f 674/894/1507 671/896/1509 1444/895/1508
f 1423/897/1479 674/894/1507 1444/895/1508
f 1423/897/1479 1444/895/1508 1422/869/1478
f 1434/880/1491 672/878/1489 702/854/1493
f 1445/898/1510 1434/880/1491 702/854/1493
f 1445/898/1510 702/854/1493 1407/853/1461
f 1427/873/1483 1428/874/1484 1424/871/1480
f 1446/899/1511 1427/873/1483 1424/871/1480
f 1446/899/1511 1424/871/1480 1422/869/1478
f 1433/879/1490 1434/880/1491 1447/850/1512
f 1448/849/1513 1433/879/1490 1447/850/1512
f 1448/849/1513 1447/850/1512 1449/848/1514
f 1450/900/1515 1448/849/1513 1449/848/1514
f 1451/869/1516 1453/871/1518 1452/899/1517
f 1454/900/1519 1451/869/1516 1452/899/1517
f 1454/900/1519 1452/899/1517 1415/863/1471
f 1417/865/1473 1415/863/1471 1452/899/1517
f 1455/873/1520 1417/865/1473 1452/899/1517
f 1455/873/1520 1452/899/1517 1453/871/1518
f 1456/874/1521 1455/873/1520 1453/871/1518
f 1402/848/1456 1458/902/1523 1457/901/1522
f 1404/850/1458 1402/848/1456 1457/901/1522
f 1404/850/1458 1457/901/1522 1459/903/1524
f 1458/902/1523 1460/904/1525 1441/866/1502
f 1457/901/1522 1458/902/1523 1441/866/1502
f 1457/901/1522 1441/866/1502 1439/888/1500
f 1459/903/1524 1457/901/1522 1439/888/1500
f 1459/903/1524 1439/888/1500 1442/889/1503
f 1416/864/1472 1460/904/1525 1458/902/1523
f 1415/863/1471 1416/864/1472 1458/902/1523
f 1415/863/1471 1458/902/1523 1402/848/1456
f 1454/900/1519 1415/863/1471 1402/848/1456
f 1454/900/1519 1402/848/1456 1403/849/1457
f 1451/869/1516 1454/900/1519 1403/849/1457
f 1418/866/1474 1419/867/1475 1460/904/1525
f 1461/902/1526 1418/866/1474 1460/904/1525
f 1461/902/1526 1460/904/1525 1416/864/1472
f 1462/863/1527 1461/902/1526 1416/864/1472
f 1441/866/1502 1460/904/1525 1419/867/1475
f 1440/868/1501 1441/866/1502 1419/867/1475
f 1440/868/1501 1419/867/1475 1432/877/1488
f 1443/890/1504 1440/868/1501 1432/877/1488
f 1443/890/1504 1432/877/1488 1420/868/1476
f 1463/847/1528 1412/847/1468 1435/846/1492
f 1464/905/1529 1463/847/1528 1435/846/1492
f 1464/905/1529 1435/846/1492 1465/906/1530
f 1426/862/1482 1431/876/1487 1466/856/1531
f 1436/881/1494 1426/862/1482 1466/856/1531
f 1436/881/1494 1466/856/1531 1467/907/1532
f 1400/882/1454 1436/881/1494 1467/907/1532
f 1400/882/1454 1467/907/1532 1464/908/1529
f 1467/907/1532 1466/856/1531 1468/909/1533
f 1464/908/1529 1467/907/1532 1468/909/1533
f 1464/908/1529 1468/909/1533 1469/907/1534
f 1463/882/1528 1464/908/1529 1469/907/1534
f 1428/874/1484 1437/884/1496 1438/885/1497
f 1424/871/1480 1428/874/1484 1438/885/1497
f 1424/871/1480 1438/885/1497 1423/910/1479
f 1425/872/1481 1437/884/1496 1428/874/1484
f 1421/859/1477 1425/872/1481 1428/874/1484
f 1421/859/1477 1428/874/1484 1426/862/1482
f 1401/860/1455 1421/859/1477 1426/862/1482
f 1401/860/1455 1426/862/1482 1436/881/1494
f 679/911/1535 677/887/1499 1406/851/1460
f 684/852/1536 679/911/1535 1406/851/1460
f 1465/906/1530 684/852/1459 1405/846/1459
f 1464/905/1529 1465/906/1530 1405/846/1459
f 1464/905/1529 1405/846/1459 1400/847/1454
f 701/912/1537 684/852/1536 1465/906/1530
f 720/852/1538 701/912/1537 1465/906/1530
f 720/852/1538 1465/906/1530 1435/846/1492
f 1470/851/1539 720/852/1538 1435/846/1492
f 1470/851/1539 1435/846/1492 1413/861/1469
f 1471/872/1540 1470/851/1539 1413/861/1469
f 1471/872/1540 1413/861/1469 1411/859/1467
f 1456/874/1521 1471/872/1540 1411/859/1467
f 1456/874/1521 1411/859/1467 1414/862/1470
f 1455/873/1520 1456/874/1521 1414/862/1470
f 1455/873/1520 1414/862/1470 1472/876/1541
f 1417/865/1473 1455/873/1520 1472/876/1541
f 1417/865/1473 1472/876/1541 1429/875/1485
f 1416/864/1472 1417/865/1473 1429/875/1485
f 1416/864/1472 1429/875/1485 1430/865/1486
f 1462/863/1527 1416/864/1472 1430/865/1486
f 1462/863/1527 1430/865/1486 1446/899/1511
f 1450/900/1515 1462/863/1527 1446/899/1511
f 1450/900/1515 1446/899/1511 1422/869/1478
f 1448/849/1513 1450/900/1515 1422/869/1478
f 1448/849/1513 1422/869/1478 1444/895/1508
f 1433/879/1490 1448/849/1513 1444/895/1508
f 1433/879/1490 1444/895/1508 671/896/1509
f 672/878/1489 1433/879/1490 671/896/1509
f 721/911/1542 720/852/1538 1470/851/1539
f 726/887/1543 721/911/1542 1470/851/1539
f 726/887/1543 1470/851/1539 1471/872/1540
f 1473/884/1544 726/887/1543 1471/872/1540
f 1473/884/1544 1471/872/1540 1456/874/1521
f 1474/885/1545 1473/884/1544 1456/874/1521
f 1474/885/1545 1456/874/1521 1453/871/1518
f 1475/897/1546 1474/885/1545 1453/871/1518
f 1475/897/1546 1453/871/1518 1451/869/1516
f 1476/895/1547 1475/897/1546 1451/869/1516
f 1476/895/1547 1451/869/1516 1403/849/1457
f 1477/879/1548 1476/895/1547 1403/849/1457
f 1477/879/1548 1403/849/1457 1404/850/1458
f 1478/880/1549 1477/879/1548 1404/850/1458
f 1478/880/1549 1404/850/1458 1459/903/1524
f 1479/913/1550 1478/880/1549 1459/903/1524
f 1479/913/1550 1459/903/1524 1442/889/1503
f 1480/914/1551 1479/913/1550 1442/889/1503
f 1480/914/1551 1442/889/1503 1443/890/1504
f 1481/889/1552 1480/914/1551 1443/890/1504
f 1481/889/1552 1443/890/1504 1420/868/1476
f 1482/888/1553 1481/889/1552 1420/868/1476
f 1482/888/1553 1420/868/1476 1418/866/1474
f 1483/901/1554 1482/888/1553 1418/866/1474
f 1483/901/1554 1418/866/1474 1461/902/1526
f 1449/848/1514 1483/901/1554 1461/902/1526
f 1449/848/1514 1461/902/1526 1462/863/1527
f 1450/900/1515 1449/848/1514 1462/863/1527
f 677/887/1499 1437/884/1496 1425/872/1481
f 1406/851/1460 677/887/1499 1425/872/1481
f 1406/851/1460 1425/872/1481 1399/861/1453
f 1405/846/1459 1406/851/1460 1399/861/1453
f 668/894/1555 1475/897/1546 1476/895/1547
f 686/896/1556 668/894/1555 1476/895/1547
f 686/896/1556 1476/895/1547 1477/879/1548
f 691/878/1557 686/896/1556 1477/879/1548
f 691/878/1557 1477/879/1548 1478/880/1549
f 722/854/1462 691/878/1557 1478/880/1549
f 722/854/1462 1478/880/1549 1484/898/1558
f 1407/853/1461 722/854/1462 1484/898/1558
f 1407/853/1461 1484/898/1558 1485/915/1559
f 1445/898/1510 1407/853/1461 1485/915/1559
f 1445/898/1510 1485/915/1559 1486/913/1560
f 1434/880/1491 1445/898/1510 1486/913/1560
f 1434/880/1491 1486/913/1560 1487/903/1561
f 1447/850/1512 1434/880/1491 1487/903/1561
f 1447/850/1512 1487/903/1561 1483/901/1554
f 1449/848/1514 1447/850/1512 1483/901/1554
f 1484/898/1558 1478/880/1549 1479/913/1550
f 1485/915/1559 1484/898/1558 1479/913/1550
f 1485/915/1559 1479/913/1550 1480/914/1551
f 1486/913/1560 1485/915/1559 1480/914/1551
f 1486/913/1560 1480/914/1551 1481/889/1552
f 1487/903/1561 1486/913/1560 1481/889/1552
f 1487/903/1561 1481/889/1552 1482/888/1553
f 1483/901/1554 1487/903/1561 1482/888/1553
f 1431/876/1487 1429/875/1485 1409/857/1465
f 1466/856/1531 1431/876/1487 1409/857/1465
f 1466/856/1531 1409/857/1465 1410/858/1466
f 1468/909/1533 1466/856/1531 1410/858/1466
f 1468/909/1533 1410/858/1466 1408/856/1464
f 1469/907/1534 1468/909/1533 1408/856/1464
f 1469/907/1534 1408/856/1464 1488/881/1562
f 1463/882/1528 1469/907/1534 1488/881/1562
f 1463/882/1528 1488/881/1562 1412/881/1468
f 1409/857/1465 1429/875/1485 1472/876/1541
f 1408/856/1464 1409/857/1465 1472/876/1541
f 1408/856/1464 1472/876/1541 1414/862/1470
f 1488/881/1562 1408/856/1464 1414/862/1470
f 1488/881/1562 1414/862/1470 1412/860/1468
f 1431/876/1487 1426/862/1482 1427/873/1483
f 1430/865/1486 1431/876/1487 1427/873/1483
f 1430/865/1486 1427/873/1483 1446/899/1511
f 725/886/1563 726/887/1543 1473/884/1544
f 724/883/1564 725/886/1563 1473/884/1544
f 724/883/1564 1473/884/1544 1474/885/1545
f 723/891/1565 724/883/1564 1474/885/1545
f 723/891/1565 1474/885/1545 1475/897/1546
f 669/916/1566 723/891/1565 1475/897/1546
f 669/916/1566 1475/897/1546 668/894/1555
v -5.911244 7.9089847 -1.0095165
vt 0.46240234 0.2130127
vn 0.0712327 0.48373535 -0.8723107
v -6.2250977 7.9003906 -1.0463867
vt 0.51782227 0.171875
vn 0.06402918 0.5901793 -0.8047289
v -6.225586 7.76416 -1.0991211
vt 0.5004883 0.15234375
vn 0.0894798 -0.107241474 -0.9901983
v -5.554491 8.319413 -0.11914062
vt 0.4593506 0.47045898
vn -0.29028696 0.9566775 -0.022400176
v -5.5032215 8.296952 -0.3408203
vt 0.43725586 0.41015625
vn -0.033142533 0.9845714 -0.17181626
v -5.25371 8.311112 -0.12011718
vt 0.38635254 0.475708
vn 0.04919638 0.9986989 -0.013428278
v -7.5876074 7.980518 0.41800845
vt 0.90393066 0.80358887
vn -0.7202545 0.2925576 -0.629002
v -7.5255957 8.070362 0.5337311
vt 0.8685303 0.81811523
vn -0.55641353 0.83089715 0.0037232733
v -7.639365 7.915088 0.64164126
vt 0.8897705 0.8560791
vn -0.995024 0.07879868 0.060975898
v -7.3312597 8.120655 0.47025454
vt 0.8372803 0.7869873
vn -0.14631028 0.93804616 -0.31410626
v -7.513877 7.984424 0.81156313
vt 0.83569336 0.86779785
vn -0.49928144 0.660724 0.56050146
v -7.4416113 7.814014 0.9497467
vt 0.8137207 0.88952637
vn -0.36787823 -0.16516978 0.9150872
v -7.5690527 7.846729 0.8647858
vt 0.852417 0.8859863
vn -0.8143695 -0.06000037 0.5772368
v -4.2082996 8.023026 -0.055664055
vt 0.15930176 0.4946289
vn 0.60083675 0.7985929 -0.0352787
v -4.512499 8.163163 -0.10546874
vt 0.2232666 0.47998047
vn 0.36885828 0.9287075 -0.038027246
v -4.2322254 7.971757 -0.37158203
vt 0.15551758 0.43115234
vn 0.5856427 0.74329937 -0.32330897
v -5.2288074 8.276444 -0.43164062
vt 0.3737793 0.3963623
vn 0.08118025 0.96042955 -0.2664299
v -5.8912244 7.7625003 -1.0539501
vt 0.44311523 0.19250488
vn 0.08258557 -0.12012452 -0.98931783
v -4.7890625 6.890625 1.3764648
vt 0.17944336 0.8256836
vn 0.8124946 -0.57865286 -0.070805624
v -4.73584 7.092285 1.4902344
vt 0.21276855 0.8284912
vn 0.94814897 -0.115359955 0.29615158
v -4.667123 7.1840796 1.2433075
vt 0.20349121 0.78515625
vn 0.94607216 -0.19141176 0.2613601
v -6.8590918 8.016162 0.32865298
vt 0.7669678 0.70495605
vn 0.0053712474 0.5064232 -0.8622684
v -6.847373 8.1104 0.43412173
vt 0.7449951 0.73205566
vn 0.021179873 0.950836 -0.3089698
v -4.6930017 7.0498023 1.119284
vt 0.17224121 0.78356934
vn 0.7242643 -0.67549586 -0.13837077
v -4.8980446 6.66179 1.7237734
vt 0.18127441 0.914917
vn 0.8637761 -0.50323874 0.025329776
v -4.822361 6.9318094 1.6593202
vt 0.21557617 0.87402344
vn 0.9240992 -0.075075425 0.3747058
v -4.843357 6.7877665 1.5450624
vt 0.1829834 0.87231445
vn 0.76217484 -0.6232537 -0.1750555
v -4.975193 6.5641336 1.9132265
vt 0.19238281 0.9589844
vn 0.7250679 -0.66122246 0.1925132
v -5.089939 6.5411844 2.0499454
vt 0.22680664 0.98999023
vn 0.45419544 -0.72075534 0.5236585
v -4.9292946 6.7721415 1.8697695
vt 0.22131348 0.9215088
vn 0.8456628 -0.0037232137 0.5337045
v -7.48653 8.070025 -0.14384933
vt 0.897583 0.46166992
vn -0.04126074 -0.05255256 -0.99776536
v -7.0934634 8.048541 -0.14922042
vt 0.8060303 0.45959473
vn 0.018738914 0.17646317 -0.98412883
v -7.5568423 8.198932 -0.043751672
vt 0.90966797 0.49279785
vn -0.05255417 0.7659726 -0.6407215
v -5.371189 7.153001 1.5924257
vt 0.35803223 0.8651123
vn -0.7413728 0.6681878 0.062381294
v -5.282715 7.2807617 1.4067383
vt 0.35668945 0.81689453
vn -0.759671 0.6322249 0.15228821
v -5.1381836 7.317383 1.4951172
vt 0.32250977 0.8284912
vn -0.2493386 0.85861593 0.44789392
v -7.700397 8.08565 -0.12724777
vt 0.94592285 0.46520996
vn -0.27411744 0.24408719 -0.93020487
v -4.190233 7.5977335 -0.58447266
vt 0.09863281 0.3614502
vn 0.7640863 -0.21021841 -0.6099019
v -4.1995106 7.794999 -0.5336914
vt 0.1385498 0.3861084
vn 0.7170789 0.37166274 -0.58963084
v -4.4319324 7.6324015 -0.7753906
vt 0.16247559 0.30908203
vn 0.5273151 -0.0037234097 -0.84966165
v -4.1956043 7.6499796 0.6118164
vt 0.14038086 0.60961914
vn 0.85245883 0.12390749 0.50789857
v -3.9001942 7.6758585 0.03466797
vt 0.040527344 0.5206299
vn 0.99700356 0.063785285 -0.04376464
v -4.1960926 7.388261 0.4194336
vt 0.061767578 0.6125488
vn 0.75942916 -0.56771034 0.3177615
v -5.1018543 7.727128 -0.98535156
vt 0.3116455 0.25354004
vn 0.13330656 -0.07129221 -0.9885074
v -4.703417 7.695878 -0.91259766
vt 0.2446289 0.27478027
vn 0.3078169 0.1013238 -0.946035
v -5.0759754 7.950761 -0.90185547
vt 0.32006836 0.29992676
vn 0.16907051 0.4885955 -0.85597295
v -5.5381813 6.9127665 1.9723085
vt 0.35546875 0.95703125
vn -0.82431775 0.45064336 0.3426672
v -5.323826 7.0236063 1.921039
vt 0.32226562 0.9248047
vn -0.17255658 0.76914954 0.6153318
v -5.506443 6.7892313 2.0763125
vt 0.32287598 0.9926758
vn -0.7570431 0.09015184 0.6471154
v -5.3248024 6.8605204 2.077289
vt 0.29919434 0.9637451
vn 0.041262124 0.4313602 0.9012357
v -5.0538063 6.9581766 1.9591249
vt 0.26586914 0.9259033
vn 0.43251583 0.4626077 0.77390194
v -5.065525 6.7072 2.0548282
vt 0.24194336 0.9597168
vn 0.49155736 0.10877383 0.86402524
v -5.31699 6.635911 2.1158633
vt 0.27648926 0.99853516
vn -0.24592975 -0.49936742 0.8307531
v -7.4616275 8.064166 0.4967757
vt 0.88830566 0.6147461
vn -0.0075077633 0.060062155 0.9981664
v -7.038776 8.193561 0.39960772
vt 0.7961426 0.585083
vn 0.04504527 0.7097989 0.7029627
v -7.0553775 8.0475645 0.4811507
vt 0.7955322 0.61242676
vn 0.048768483 -0.011230748 0.99874693
v -7.693073 8.087115 0.47724444
vt 0.94055176 0.6060791
vn -0.2774158 0.2812002 0.91867673
v -7.771686 8.208209 0.3009749
vt 0.9580078 0.56481934
vn -0.269792 0.828115 0.4913633
v -7.5451236 8.19649 0.38886553
vt 0.90686035 0.583374
vn -0.056217585 0.8101803 0.58347875
v -7.5724673 8.295123 0.16474442
vt 0.91467285 0.536499
vn -0.120301604 0.9926257 -0.014892725
v -4.6179676 7.961503 -0.7714844
vt 0.22814941 0.34179688
vn 0.39608294 0.5969628 -0.69767743
v -5.46953 8.294511 0.13134767
vt 0.45080566 0.5283203
vn -0.0025636165 0.98369634 0.17981942
v -5.4963856 8.239823 0.36865234
vt 0.46520996 0.579834
vn -0.2306658 0.9037413 0.36061758
v -5.6331043 8.246659 0.2866211
vt 0.49890137 0.5625
vn -0.2593545 0.8073623 0.5300013
v -5.208103 7.2072 1.6881288
vt 0.32336426 0.8742676
vn -0.26648754 0.8483534 0.45747238
v -4.988865 7.19011 1.7325624
vt 0.27563477 0.87597656
vn 0.17975092 0.75293976 0.6330651
v -4.9101562 7.293457 1.5673828
vt 0.2770996 0.8321533
vn 0.35090363 0.69832814 0.62386256
v -4.858529 7.450681 1.3678192
vt 0.27661133 0.7883301
vn 0.02807751 0.7908092 0.61141837
v -4.703744 7.3085914 1.3619598
vt 0.23950195 0.78723145
vn 0.74229085 0.35701504 0.56704897
v -4.798959 7.5898414 1.2208465
vt 0.2722168 0.7503662
vn 0.17072001 0.6454646 0.7444663
v -4.644662 7.4394507 1.2267059
vt 0.23242188 0.7492676
vn 0.77009964 0.1690106 0.6151276
v -4.5992517 7.6435523 1.0753387
vt 0.24121094 0.7171631
vn 0.52334774 0.49893227 0.6907776
v -4.502084 7.482908 1.0382293
vt 0.19104004 0.71875
vn 0.8002141 0.0037233713 0.5997029
v -4.4612293 7.7593546 0.8725586
vt 0.2163086 0.66711426
vn 0.587264 0.49137053 0.6431765
v -4.3862305 7.546875 0.8964844
vt 0.17883301 0.6829834
vn 0.817581 -0.08020167 0.5702009
v -4.344042 7.393632 0.7084961
vt 0.13793945 0.6732178
vn 0.7856802 -0.45375597 0.42049035
v -4.413866 7.266679 0.6225586
vt 0.09118652 0.68237305
vn 0.55600435 -0.7852059 0.27260023
v -4.762499 8.169023 -0.51708984
vt 0.26745605 0.3988037
vn 0.27791214 0.9013681 -0.33211508
v -4.8674793 8.27498 -0.11865234
vt 0.30334473 0.47729492
vn 0.18799521 0.9815427 -0.035096496
v -4.7871094 7.20166 1.5507812
vt 0.23632812 0.83154297
vn 0.7552151 0.31959155 0.5722862
v -4.58265 7.29199 1.0753387
vt 0.19274902 0.75024414
vn 0.88034713 -0.34535152 0.32514802
v -4.6095057 7.1972632 0.8575653
vt 0.1439209 0.74243164
vn 0.5082053 -0.8588707 -0.0637851
v -4.4628906 7.3657227 0.8955078
vt 0.1583252 0.71203613
vn 0.7743322 -0.4958754 0.39308685
v -6.8307714 7.953174 0.8725983
vt 0.69506836 0.80688477
vn 0.068361275 0.5975509 0.7989115
v -7.319541 7.9570804 0.89212954
vt 0.7885742 0.86291504
vn -0.05993874 0.62972313 0.7745038
v -6.826865 8.114307 0.6582428
vt 0.71655273 0.7706299
vn 0.039614175 0.9479935 0.31581476
v -7.242881 7.796436 0.9653717
vt 0.76342773 0.8763428
vn -0.0037233725 -0.082524545 0.9965821
v -7.342002 8.125538 0.69437563
vt 0.81469727 0.8293457
vn -0.1838438 0.9268487 0.32734212
v -7.768268 8.2038145 0.032420203
vt 0.95739746 0.508667
vn -0.27040446 0.80376667 -0.52994394
v -7.89278 8.222369 0.15839677
vt 0.9892578 0.54418945
vn -0.68381727 0.728925 -0.032594692
v -7.849323 8.10274 0.3869124
vt 0.98327637 0.588501
vn -0.7432464 0.045045268 0.66749966
v -7.842975 8.0944395 -0.047657922
vt 0.98864746 0.4873047
vn -0.724938 0.003723236 -0.6888041
v -7.904987 8.107623 0.16816239
vt 0.9996338 0.53723145
vn -0.9741627 -0.22565664 -0.009277745
v -6.212457 7.934104 -0.61394256
vt 0.57470703 0.31640625
vn 0.05816954 0.030030826 -0.99785495
v -5.7583556 8.06594 -0.5421652
vt 0.5015869 0.36108398
vn -0.22773272 0.453146 -0.8618564
v -6.228082 8.091331 -0.56999725
vt 0.5819092 0.33703613
vn 0.07867796 0.59609693 -0.7990483
v -5.762987 7.8931437 -0.58935547
vt 0.52233887 0.33532715
vn -0.683628 0.7195796 0.12189334
v -5.6296864 8.071366 -0.60009766
vt 0.46875 0.34851074
vn -0.75412846 0.5469645 -0.36348328
v -5.674916 8.032032 -0.6442821
vt 0.47875977 0.328125
vn -0.52546966 0.66756445 0.52748394
v -5.658495 8.224198 -0.5126953
vt 0.46875 0.37475586
vn -0.45052058 0.6714778 -0.58834416
v -5.7793517 8.213401 -0.35710663
vt 0.5109863 0.40270996
vn -0.35756737 0.91564846 -0.18366683
v -6.224664 8.221702 -0.38054413
vt 0.5975342 0.37280273
vn 0.028137987 0.9995396 0.0113528725
v -5.1609364 8.212968 0.4975586
vt 0.37683105 0.5966797
vn 0.039857227 0.9234914 0.38154298
v -5.1799793 8.2852335 0.18750001
vt 0.37670898 0.5418701
vn 0.09515842 0.98088264 0.16974704
v -4.764452 8.103593 0.5854492
vt 0.28076172 0.61987305
vn 0.16132015 0.90792185 0.38685104
v -4.826952 8.226151 0.24121095
vt 0.2939453 0.55249023
vn 0.2591703 0.9467102 0.19123426
v -5.1389637 8.14998 -0.6928711
vt 0.33947754 0.34680176
vn 0.15753514 0.81947577 -0.5510374
v -5.0344715 7.9658976 0.81689453
vt 0.34033203 0.6619873
vn -0.057130557 0.7204189 0.6911822
v -5.44121 8.153398 0.5859375
vt 0.44152832 0.62072754
vn -0.04785299 0.8188722 0.5719776
v -5.9434705 8.064259 -0.8293407
vt 0.49768066 0.24658203
vn -0.044924296 0.95543486 -0.29176375
v -6.2680664 8.006348 -0.65478516
vt 0.58239746 0.23876953
vn -0.04761035 0.81895906 0.57187355
v -6.241699 8.049316 -0.8544922
vt 0.548584 0.20349121
vn -0.001098688 0.9749635 -0.22236224
v -5.991322 8.019337 -0.6496532
vt 0.53308105 0.28027344
vn -0.045107488 0.6957175 0.71689785
v -6.2836914 7.888672 -0.5805664
vt 0.60510254 0.25585938
vn 0 0.21094194 0.9774986
v -6.0098767 7.8772464 -0.592036
vt 0.5515137 0.30090332
vn -0.013123325 0.09009321 0.99584687
v -5.482029 7.0363016 1.7999452
vt 0.36486816 0.9133301
vn -0.81606036 0.5777733 -0.014953977
v -7.4626074 8.027392 0.34818423
vt 0.881958 0.7696533
vn -0.31160438 0.38295907 -0.86962354
v -7.2633886 8.043994 0.33744204
vt 0.848999 0.74572754
vn -0.030029539 0.2590353 -0.96540093
v -4.6941395 7.9781046 0.80810547
vt 0.2635498 0.6569824
vn 0.22175585 0.77727485 0.58878535
v -4.8038416 7.781736 1.0372528
vt 0.28393555 0.70581055
vn 0.02441576 0.6761946 0.73631835
v -4.389452 7.994706 0.5649414
vt 0.20532227 0.6022949
vn 0.4969172 0.7575531 0.42330438
v -4.2239246 7.9937296 0.26757812
vt 0.15759277 0.5578613
vn 0.5884437 0.77209973 0.23999181
v -4.8858376 7.068528 1.7442812
vt 0.23144531 0.8748779
vn 0.7023612 0.34175035 0.6244161
v -7.0329165 8.2975645 0.17402177
vt 0.796875 0.53930664
vn 0.011230873 0.999914 0.006775164
v -5.1593103 7.7202125 0.9771942
vt 0.36169434 0.7113037
vn -0.3173333 0.4936093 0.8097219
v -5.0274744 7.5366187 1.1373504
vt 0.33215332 0.74609375
vn -0.3979765 0.6683198 0.6284611
v -5.0557947 7.438474 1.3082489
vt 0.32409668 0.78479004
vn -0.3283255 0.8480065 0.4160377
v -5.2569666 7.391599 1.1944793
vt 0.36889648 0.776001
vn -0.85849345 0.4963576 0.12891138
v -5.7402263 8.110525 0.5947484
vt 0.5097656 0.64990234
vn -0.05340843 0.9026331 0.42708442
v -5.743644 7.920095 0.8022679
vt 0.4835205 0.6932373
vn 0.03302118 0.53548044 0.8439019
v -6.1435466 7.937673 0.80910385
vt 0.5611572 0.7305908
vn 0.04700039 0.5754802 0.816464
v -6.580486 7.889194 -0.5859636
vt 0.6578369 0.21789551
vn -0.0379053 0.0924133 0.994999
v -6.472168 8.105469 0.63134766
vt 0.64953613 0.73010254
vn 0.048890397 0.9350212 0.3512052
v -5.7094727 8.143555 -0.11767578
vt 0.5050049 0.47070312
vn -0.6974734 0.7057745 -0.1241499
v -5.663378 8.2852335 -0.032714833
vt 0.491333 0.4951172
vn -0.4566797 0.8020278 -0.38496116
v -7.6213927 8.127975 -0.3024423
vt 0.90270996 0.30981445
vn -0.50302666 0.8483883 0.16492881
v -7.590631 8.101608 -0.5558603
vt 0.880249 0.26049805
vn -0.48819926 0.7548839 -0.43796328
v -7.418756 8.216354 -0.4201181
vt 0.8499756 0.29870605
vn -0.1616867 0.9702424 -0.18024191
v -7.736139 8.002975 -0.40791106
vt 0.928833 0.27172852
vn -0.9869912 0.10504712 -0.12171062
v -6.9896655 8.023472 -0.904323
vt 0.6744385 0.10070801
vn -0.22474459 0.95147175 -0.21021739
v -7.1132007 7.9243503 -0.9922136
vt 0.685791 0.07116699
vn -0.5458101 0.66624 -0.50814915
v -6.9545093 7.9043307 -1.0737566
vt 0.64611816 0.07775879
vn -0.10883148 0.66830957 -0.7358791
v -7.165935 7.8882174 -0.7217058
vt 0.75109863 0.10803223
vn -0.824296 0.08239912 0.5601308
v -7.19865 7.8623385 -0.87942064
vt 0.73095703 0.068847656
vn -0.9897244 0.12042717 -0.07709048
v -7.1249194 7.9663424 -0.7969011
vt 0.7149658 0.10229492
vn -0.57355225 0.8059762 0.14642462
v -7.4163146 8.141159 -0.23798919
vt 0.8586426 0.33581543
vn -0.13874212 0.8286684 0.5422724
v -6.9470763 8.234909 -0.40107512
vt 0.75219727 0.3284912
vn -0.00750764 0.9998591 0.0150152985
v -6.9734435 8.151413 -0.18427825
vt 0.7696533 0.37036133
vn -0.0337542 0.80015165 0.5988472
v -6.5712085 8.006382 -0.67092454
vt 0.6365967 0.1973877
vn -0.04498456 0.86502206 0.4997132
v -6.552654 8.045933 -0.88186204
vt 0.6016846 0.16125488
vn -0.022767289 0.9757585 -0.21766262
v -6.9779468 7.984409 -0.70754564
vt 0.7023926 0.13708496
vn -0.1729795 0.89877325 0.40284577
v -7.1498218 7.8237643 -1.0332292
vt 0.697876 0.04699707
vn -0.7769695 -0.14637235 -0.6122855
v -6.9149585 7.8970065 -0.59524095
vt 0.7150879 0.17651367
vn -0.12762967 0.34162763 0.931129
v -6.533611 7.909702 -1.0669206
vt 0.5710449 0.13110352
vn 0.043945912 0.62403196 -0.7801621
v -6.8802905 7.781772 -1.1430925
vt 0.61828613 0.068359375
vn -0.041260567 -0.12011957 -0.99190164
v -7.354303 8.022507 -0.124219656
vt 0.86035156 0.37268066
vn -0.08630802 0.26655388 0.9599479
v -7.5652404 8.025925 -0.13740325
vt 0.9075928 0.35375977
vn -0.23279124 0.18396252 0.95496917
v -7.7029357 8.020554 -0.20332122
vt 0.93847656 0.32006836
vn -0.66878325 0.19159544 0.71834546
v -6.4804688 8.085449 0.4189453
vt 0.6756592 0.6960449
vn 0.015137209 0.9051807 -0.4247574
v -6.48291 7.9970703 0.32617188
vt 0.68725586 0.66625977
vn 0.017334698 0.24341823 -0.9697665
v -6.145988 8.079763 0.41408432
vt 0.60961914 0.6575928
vn 0.035584465 0.7576501 -0.6516901
v -6.1396403 7.9591575 0.34377182
vt 0.62194824 0.63305664
vn 0.022522531 0.101381876 -0.99459267
v -5.8450184 7.9468546 0.34716797
vt 0.5665283 0.600708
vn -0.23621494 0.9492546 -0.20764942
v -6.5316577 7.7734714 -1.119655
vt 0.55236816 0.1126709
vn 0.056274906 -0.13574344 -0.9891445
v -7.070232 7.899448 -0.6357683
vt 0.7406006 0.14245605
vn -0.46187717 0.3943078 0.7944752
v -5.584276 8.18123 -0.6645508
vt 0.4423828 0.32617188
vn -0.6373561 0.761568 -0.11743662
v -5.4495106 8.155839 -0.7573242
vt 0.40356445 0.31445312
vn 0.0071415436 0.8707191 -0.4917289
v -5.5378895 8.232499 -0.56640625
vt 0.43359375 0.36169434
vn -0.2711279 0.8914506 -0.36305016
v -5.5825195 8.127441 -0.7871094
vt 0.42712402 0.29797363
vn -0.27112794 0.8914506 -0.3630502
v -5.4768543 7.999589 -0.9355469
vt 0.3942871 0.27148438
vn 0.05987752 0.64351547 -0.7630875
v -5.4414062 7.756836 -1.0175781
vt 0.3656006 0.23242188
vn 0.08923715 0.081668474 -0.9926565
v -7.0433764 7.7998385 -1.1152605
vt 0.6611328 0.04345703
vn -0.40573007 0.052555043 -0.9124807
v -5.6492176 8.277909 -0.35546875
vt 0.47192383 0.40454102
vn -0.3023123 0.94148356 -0.14905041
v -5.653612 8.268144 -0.2001953
vt 0.48498535 0.44140625
vn -0.5941998 0.7534466 0.28150484
v -7.3992248 8.096725 -0.6120126
vt 0.835083 0.2602539
vn -0.12018253 0.63472736 -0.7633331
v -6.9529357 8.110886 -0.6120126
vt 0.73742676 0.2861328
vn 0.0150153665 0.69827557 -0.7156715
v -7.6560607 7.9800262 -0.6125009
vt 0.9003906 0.23205566
vn -0.604707 0.015015404 -0.7963065
v -5.585441 7.945974 0.78078353
vt 0.45837402 0.67907715
vn -0.020203685 0.54586583 0.83762896
v -5.656242 7.7648215 0.84572494
vt 0.47058105 0.720459
vn -0.009521682 0.02905338 0.9995325
v -6.114738 7.770681 0.8569554
vt 0.54052734 0.751709
vn 0.054384947 -0.13886164 0.98881733
v -6.467285 7.934082 0.8457031
vt 0.6251221 0.7672119
vn 0.09558843 0.48490068 0.86932975
v -6.463867 7.769043 0.9003906
vt 0.6097412 0.78515625
vn 0.08563509 -0.33600938 0.9379575
v -6.839072 7.7788577 0.93363345
vt 0.6854248 0.8302002
vn 0.064944096 -0.34059027 0.93796617
v -5.8189373 8.1360445 -0.060665697
vt 0.53930664 0.48510742
vn -0.24622427 0.6548076 -0.7145632
v -6.6103516 7.961426 -0.65966797
vt 0.6561279 0.28527832
vn 0.06506566 -0.018250123 -0.9977141
v -6.595215 8.220215 -0.39013672
vt 0.67419434 0.350708
vn 0.026856124 0.995996 -0.0852682
v -6.616699 8.136719 -0.16552734
vt 0.6928711 0.39416504
vn 0.012634582 0.77308995 0.6341706
v -6.6367188 8.001953 -0.07861328
vt 0.7043457 0.4202881
vn 0.026612893 0.09570875 0.9950536
v -6.99151 8.012741 -0.08711028
vt 0.7840576 0.39770508
vn -0.056277405 0.022523215 0.9981611
v -6.5996094 8.102051 -0.59375
vt 0.6627197 0.30993652
vn 0.051028416 0.6603174 -0.74925095
v -6.967096 7.9609833 -0.67939544
vt 0.73327637 0.25964355
vn 0.033753734 -0.056337655 -0.99784106
v -7.3347716 7.9600067 -0.67939544
vt 0.8145752 0.23413086
vn -0.015015172 -0.060060736 -0.9980818
v -7.5256896 7.968796 -0.67402434
vt 0.85705566 0.22570801
vn -0.2251651 -0.0374767 -0.9735996
v -7.0641665 8.194049 -0.06328292
vt 0.80236816 0.48828125
vn 0.01873891 0.7855084 -0.6185672
v -6.6987305 8.172363 -0.06298828
vt 0.7166748 0.48876953
vn 0.032960583 0.6777062 -0.7345937
v -6.591797 8.009277 -0.109375
vt 0.7203369 0.46032715
vn -0.0131232655 -0.042360682 -0.9990162
v -6.314543 8.1629 -0.060665697
vt 0.6340332 0.48706055
vn 0.022523617 0.51847047 -0.85479885
v -6.3277264 7.984189 -0.1231657
vt 0.6401367 0.461792
vn -0.020630974 0.026246466 -0.99944264
v -5.915331 7.940995 -0.117675774
vt 0.57836914 0.4630127
vn -0.33052242 0.6094064 -0.72067934
v -6.6748047 8.278809 0.16699219
vt 0.71484375 0.5374756
vn 0.036012933 0.99920624 0.017029844
v -6.680664 8.172363 0.38427734
vt 0.71533203 0.58203125
vn 0.061953608 0.7469225 0.66201854
v -6.6938477 8.030762 0.45947266
vt 0.71484375 0.607666
vn 0.08105511 0.050537374 0.9954276
v -6.294035 8.286923 0.14880696
vt 0.630249 0.53234863
vn 0.026246686 0.99584824 -0.08716341
v -6.301359 8.166318 0.34704915
vt 0.6315918 0.57629395
vn 0.10510589 0.62325 0.7749272
v -6.2998943 7.9900484 0.40417805
vt 0.63623047 0.6032715
vn 0.08636575 -0.03753702 0.9955561
v -5.797941 8.26788 0.1243929
vt 0.53149414 0.524292
vn -0.21319917 0.96345526 0.162173
v -5.623827 8.301835 0.12695314
vt 0.48706055 0.52526855
vn -0.12427097 0.9831202 0.13428104
v -5.803766 8.105979 -0.17937225
vt 0.5305176 0.44580078
vn -0.2813867 0.69144225 0.6653789
v -6.2446837 8.126975 -0.17888397
vt 0.6173096 0.41296387
vn 0.05639794 0.6542529 0.75417
v -6.269586 7.9663305 -0.11198944
vt 0.6290283 0.44104004
vn 0.022522742 0.12390565 0.9920383
v -5.7842693 8.127744 0.29968587
vt 0.5338135 0.5731201
vn -0.14588125 0.50594556 0.85013986
v -5.4643555 7.775879 0.8535156
vt 0.43811035 0.7108154
vn -0.16205364 0.1879334 0.9687207
v -5.5966797 8.138184 0.59375
vt 0.48132324 0.635376
vn -0.22846147 0.8971218 0.3781242
v -5.7631755 8.067556 0.41506088
vt 0.5373535 0.61657715
vn -0.18561596 0.9095244 -0.37190333
v -5.6552734 8.109375 0.3642578
vt 0.5109863 0.5917969
vn -0.5340275 0.754011 0.38246846
v -6.141105 8.110525 0.60842025
vt 0.5872803 0.692749
vn 0.013122623 0.99219245 0.12402407
v -5.4643555 7.9589844 0.77001953
vt 0.43359375 0.6693115
vn -0.064457625 0.5823771 0.8103593
v -5.259569 7.8750772 0.8510742
vt 0.39135742 0.68115234
vn -0.20636454 0.4451396 0.8713578
v -5.318651 7.622636 0.92333984
vt 0.4144287 0.7225342
vn -0.5435923 0.12549137 0.8299152
v -5.2340174 7.4599586 1.0450653
vt 0.38928223 0.7484131
vn -0.9188487 0.11786218 0.3765974
o Joint_0_Object_16
g polygon_0
usemtl Material_6FF62752
f 1489/917/1567 1491/919/1569 1490/918/1568
f 1492/920/1570 1494/922/1572 1493/921/1571
f 1495/923/1573 1497/925/1575 1496/924/1574
f 1498/926/1576 1495/923/1573 1496/924/1574
f 1499/927/1577 1501/929/1579 1500/928/1578
f 1502/930/1580 1504/932/1582 1503/931/1581
f 1494/922/1572 1505/933/1583 1493/921/1571
f 1491/919/1569 1489/917/1567 1506/934/1584
f 1507/935/1585 1509/937/1587 1508/936/1586
f 1510/938/1588 1498/926/1576 1511/939/1589
f 1507/935/1585 1512/940/1590 1509/937/1587
f 1513/941/1591 1515/943/1593 1514/942/1592
f 1516/944/1594 1518/946/1596 1517/945/1595
f 1519/947/1597 1521/949/1599 1520/948/1598
f 1522/950/1600 1524/952/1602 1523/951/1601
f 1519/947/1597 1525/953/1603 1521/949/1599
f 1526/954/1604 1528/956/1606 1527/955/1605
f 1529/957/1607 1531/959/1609 1530/958/1608
f 1532/960/1610 1534/962/1612 1533/961/1611
f 1535/963/1613 1537/965/1615 1536/964/1614
f 1538/966/1616 1540/968/1618 1539/967/1617
f 1541/969/1619 1540/968/1618 1538/966/1616
f 1542/970/1620 1544/972/1622 1543/971/1621
f 1526/954/1604 1527/955/1605 1530/958/1608
f 1545/973/1623 1547/975/1625 1546/974/1624
f 1546/974/1624 1547/975/1625 1548/976/1626
f 1533/961/1611 1534/962/1612 1549/977/1627
f 1550/978/1628 1552/980/1630 1551/979/1629
f 1553/981/1631 1536/964/1614 1554/982/1632
f 1524/952/1602 1553/981/1631 1554/982/1632
f 1524/952/1602 1554/982/1632 1555/983/1633
f 1556/984/1634 1524/952/1602 1555/983/1633
f 1556/984/1634 1555/983/1633 1557/985/1635
f 1558/986/1636 1556/984/1634 1557/985/1635
f 1558/986/1636 1557/985/1635 1559/987/1637
f 1560/988/1638 1558/986/1636 1559/987/1637
f 1560/988/1638 1559/987/1637 1561/989/1639
f 1562/990/1640 1560/988/1638 1561/989/1639
f 1562/990/1640 1561/989/1639 1563/991/1641
f 1529/957/1607 1562/990/1640 1563/991/1641
f 1529/957/1607 1563/991/1641 1564/992/1642
f 1531/959/1609 1529/957/1607 1564/992/1642
f 1531/959/1609 1564/992/1642 1565/993/1643
f 1504/932/1582 1549/977/1627 1566/994/1644
f 1503/931/1581 1504/932/1582 1566/994/1644
f 1503/931/1581 1566/994/1644 1567/995/1645
f 1508/936/1586 1509/937/1587 1557/985/1635
f 1568/996/1646 1508/936/1586 1557/985/1635
f 1568/996/1646 1557/985/1635 1555/983/1633
f 1559/987/1637 1557/985/1635 1509/937/1587
f 1569/997/1647 1559/987/1637 1509/937/1587
f 1569/997/1647 1509/937/1587 1512/940/1590
f 1570/998/1648 1569/997/1647 1512/940/1590
f 1561/989/1639 1559/987/1637 1569/997/1647
f 1571/999/1649 1561/989/1639 1569/997/1647
f 1571/999/1649 1569/997/1647 1570/998/1648
f 1565/993/1643 1571/999/1649 1570/998/1648
f 1563/991/1641 1561/989/1639 1571/999/1649
f 1564/992/1642 1563/991/1641 1571/999/1649
f 1564/992/1642 1571/999/1649 1565/993/1643
f 1572/1000/1650 1574/1002/1652 1573/1001/1651
f 1575/1003/1653 1572/1000/1650 1573/1001/1651
f 1575/1003/1653 1573/1001/1651 1500/928/1578
f 1499/927/1577 1500/928/1578 1573/1001/1651
f 1576/1004/1654 1499/927/1577 1573/1001/1651
f 1576/1004/1654 1573/1001/1651 1574/1002/1652
f 1521/949/1599 1525/953/1603 1577/1005/1655
f 1548/976/1626 1521/949/1599 1577/1005/1655
f 1548/976/1626 1577/1005/1655 1578/1006/1656
f 1546/974/1624 1548/976/1626 1578/1006/1656
f 1546/974/1624 1578/1006/1656 1579/1007/1657
f 1545/973/1623 1546/974/1624 1579/1007/1657
f 1577/1005/1655 1525/953/1603 1580/1008/1658
f 1578/1006/1656 1577/1005/1655 1580/1008/1658
f 1578/1006/1656 1580/1008/1658 1581/1009/1659
f 1579/1007/1657 1578/1006/1656 1581/1009/1659
f 1582/1010/1660 1584/1012/1662 1583/1011/1661
f 1585/1013/1663 1582/1010/1660 1583/1011/1661
f 1585/1013/1663 1583/1011/1661 1586/1014/1664
f 1587/1015/1665 1585/1013/1663 1586/1014/1664
f 1588/1016/1666 1586/1014/1664 1583/1011/1661
f 1589/1017/1667 1588/1016/1666 1583/1011/1661
f 1589/1017/1667 1583/1011/1661 1584/1012/1662
f 1590/1018/1668 1589/1017/1667 1584/1012/1662
f 1550/978/1628 1551/979/1629 1591/1019/1669
f 1592/1020/1670 1550/978/1628 1591/1019/1669
f 1592/1020/1670 1591/1019/1669 1593/1021/1671
f 1594/1022/1672 1592/1020/1670 1593/1021/1671
f 1549/977/1627 1534/962/1612 1595/1023/1673
f 1566/994/1644 1549/977/1627 1595/1023/1673
f 1566/994/1644 1595/1023/1673 1505/933/1583
f 1567/995/1645 1566/994/1644 1505/933/1583
f 1567/995/1645 1505/933/1583 1494/922/1572
f 1596/1024/1674 1593/1021/1671 1591/1019/1669
f 1597/1025/1675 1596/1024/1674 1591/1019/1669
f 1597/1025/1675 1591/1019/1669 1551/979/1629
f 1598/1026/1676 1600/1028/1678 1599/1027/1677
f 1601/1029/1679 1598/1026/1676 1599/1027/1677
f 1601/1029/1679 1599/1027/1677 1602/1030/1680
f 1603/1031/1681 1601/1029/1679 1602/1030/1680
f 1604/1032/1682 1535/963/1613 1536/964/1614
f 1522/950/1600 1604/1032/1682 1536/964/1614
f 1522/950/1600 1536/964/1614 1553/981/1631
f 1524/952/1602 1522/950/1600 1553/981/1631
f 1605/1033/1683 1495/923/1573 1498/926/1576
f 1606/1034/1684 1605/1033/1683 1498/926/1576
f 1606/1034/1684 1498/926/1576 1510/938/1588
f 1603/1031/1681 1585/1013/1663 1587/1015/1665
f 1601/1029/1679 1603/1031/1681 1587/1015/1665
f 1601/1029/1679 1587/1015/1665 1598/1026/1676
f 1607/1035/1685 1608/1036/1686 1562/990/1640
f 1609/1037/1687 1607/1035/1685 1562/990/1640
f 1609/1037/1687 1562/990/1640 1529/957/1607
f 1610/1038/1688 1609/1037/1687 1529/957/1607
f 1610/1038/1688 1529/957/1607 1530/958/1608
f 1539/967/1617 1554/982/1632 1536/964/1614
f 1538/966/1616 1539/967/1617 1536/964/1614
f 1538/966/1616 1536/964/1614 1537/965/1615
f 1541/969/1619 1538/966/1616 1537/965/1615
f 1611/1039/1689 1554/982/1632 1539/967/1617
f 1518/946/1596 1611/1039/1689 1539/967/1617
f 1518/946/1596 1539/967/1617 1540/968/1618
f 1517/945/1595 1518/946/1596 1540/968/1618
f 1517/945/1595 1540/968/1618 1541/969/1619
f 1555/983/1633 1554/982/1632 1611/1039/1689
f 1568/996/1646 1555/983/1633 1611/1039/1689
f 1568/996/1646 1611/1039/1689 1514/942/1592
f 1508/936/1586 1568/996/1646 1514/942/1592
f 1508/936/1586 1514/942/1592 1515/943/1593
f 1507/935/1585 1508/936/1586 1515/943/1593
f 1514/942/1592 1611/1039/1689 1518/946/1596
f 1513/941/1591 1514/942/1592 1518/946/1596
f 1513/941/1591 1518/946/1596 1516/944/1594
f 1543/971/1621 1612/1040/1690 1547/975/1625
f 1542/970/1620 1543/971/1621 1547/975/1625
f 1542/970/1620 1547/975/1625 1545/973/1623
f 1613/1041/1691 1614/1042/1692 1608/1036/1686
f 1596/1024/1674 1613/1041/1691 1608/1036/1686
f 1596/1024/1674 1608/1036/1686 1607/1035/1685
f 1593/1021/1671 1596/1024/1674 1607/1035/1685
f 1593/1021/1671 1607/1035/1685 1609/1037/1687
f 1594/1022/1672 1593/1021/1671 1609/1037/1687
f 1594/1022/1672 1609/1037/1687 1610/1038/1688
f 1615/1043/1693 1524/952/1602 1556/984/1634
f 1614/1042/1692 1615/1043/1693 1556/984/1634
f 1614/1042/1692 1556/984/1634 1558/986/1636
f 1608/1036/1686 1614/1042/1692 1558/986/1636
f 1608/1036/1686 1558/986/1636 1560/988/1638
f 1562/990/1640 1608/1036/1686 1560/988/1638
f 1523/951/1601 1524/952/1602 1615/1043/1693
f 1616/1044/1694 1523/951/1601 1615/1043/1693
f 1616/1044/1694 1615/1043/1693 1614/1042/1692
f 1617/1045/1695 1619/1047/1697 1618/1046/1696
f 1620/1048/1698 1602/1030/1680 1599/1027/1677
f 1621/1049/1699 1574/1002/1652 1572/1000/1650
f 1622/1050/1700 1623/1051/1701 1492/920/1570
f 1624/1052/1702 1626/1054/1704 1625/1053/1703
f 1627/1055/1705 1624/1052/1702 1625/1053/1703
f 1628/1056/1706 1630/1058/1708 1629/1057/1707
f 1631/1059/1709 1633/1061/1711 1632/1060/1710
f 1634/1062/1712 1636/1064/1714 1635/1063/1713
f 1637/1065/1715 1600/1028/1678 1638/1066/1716
f 1639/1067/1717 1637/1065/1715 1638/1066/1716
f 1639/1067/1717 1638/1066/1716 1628/1056/1706
f 1633/1061/1711 1639/1067/1717 1628/1056/1706
f 1633/1061/1711 1628/1056/1706 1629/1057/1707
f 1632/1060/1710 1633/1061/1711 1629/1057/1707
f 1632/1060/1710 1629/1057/1707 1640/1068/1718
f 1599/1027/1677 1600/1028/1678 1637/1065/1715
f 1620/1048/1698 1599/1027/1677 1637/1065/1715
f 1620/1048/1698 1637/1065/1715 1641/1069/1719
f 1642/1070/1720 1643/1071/1721 1630/1058/1708
f 1638/1066/1716 1642/1070/1720 1630/1058/1708
f 1638/1066/1716 1630/1058/1708 1628/1056/1706
f 1644/1072/1722 1636/1064/1714 1634/1062/1712
f 1645/1073/1723 1644/1072/1722 1634/1062/1712
f 1645/1073/1723 1634/1062/1712 1646/1074/1724
f 1510/938/1588 1511/939/1589 1647/1075/1725
f 1648/1076/1726 1510/938/1588 1647/1075/1725
f 1648/1076/1726 1647/1075/1725 1649/1077/1727
f 1650/1078/1728 1648/1076/1726 1649/1077/1727
f 1650/1078/1728 1649/1077/1727 1651/1079/1729
f 1490/918/1568 1491/919/1569 1652/1080/1730
f 1642/1070/1720 1490/918/1568 1652/1080/1730
f 1642/1070/1720 1652/1080/1730 1643/1071/1721
f 1633/1061/1711 1631/1059/1709 1653/1081/1731
f 1639/1067/1717 1633/1061/1711 1653/1081/1731
f 1639/1067/1717 1653/1081/1731 1641/1069/1719
f 1637/1065/1715 1639/1067/1717 1641/1069/1719
f 1654/1082/1732 1656/1084/1734 1655/1083/1733
f 1657/1085/1735 1654/1082/1732 1655/1083/1733
f 1657/1085/1735 1655/1083/1733 1658/1086/1736
f 1642/1070/1720 1638/1066/1716 1600/1028/1678
f 1490/918/1568 1642/1070/1720 1600/1028/1678
f 1490/918/1568 1600/1028/1678 1598/1026/1676
f 1489/917/1567 1490/918/1568 1598/1026/1676
f 1658/1086/1736 1595/1023/1673 1534/962/1612
f 1659/1087/1737 1658/1086/1736 1534/962/1612
f 1659/1087/1737 1534/962/1612 1532/960/1610
f 1630/1058/1708 1643/1071/1721 1660/1088/1738
f 1629/1057/1707 1630/1058/1708 1660/1088/1738
f 1629/1057/1707 1660/1088/1738 1640/1068/1718
f 1595/1023/1673 1658/1086/1736 1655/1083/1733
f 1505/933/1583 1595/1023/1673 1655/1083/1733
f 1505/933/1583 1655/1083/1733 1656/1084/1734
f 1493/921/1571 1505/933/1583 1656/1084/1734
f 1493/921/1571 1656/1084/1734 1661/1089/1739
f 1492/920/1570 1493/921/1571 1661/1089/1739
f 1492/920/1570 1661/1089/1739 1662/1090/1740
f 1622/1050/1700 1492/920/1570 1662/1090/1740
f 1626/1054/1704 1664/1092/1742 1663/1091/1741
f 1625/1053/1703 1626/1054/1704 1663/1091/1741
f 1625/1053/1703 1663/1091/1741 1665/1093/1743
f 1627/1055/1705 1625/1053/1703 1665/1093/1743
f 1666/1094/1744 1617/1045/1695 1618/1046/1696
f 1667/1095/1745 1666/1094/1744 1618/1046/1696
f 1667/1095/1745 1618/1046/1696 1619/1047/1697
f 1668/1096/1746 1667/1095/1745 1619/1047/1697
f 1668/1096/1746 1619/1047/1697 1669/1097/1747
f 1670/1098/1748 1668/1096/1746 1669/1097/1747
f 1670/1098/1748 1669/1097/1747 1671/1099/1749
f 1622/1050/1700 1672/1100/1750 1623/1051/1701
f 1584/1012/1662 1582/1010/1660 1673/1101/1751
f 1636/1064/1714 1674/1102/1752 1635/1063/1713
f 1675/1103/1753 1677/1105/1755 1676/1104/1754
f 1678/1106/1756 1673/1101/1751 1679/1107/1757
f 1664/1092/1742 1678/1106/1756 1679/1107/1757
f 1664/1092/1742 1679/1107/1757 1680/1108/1758
f 1663/1091/1741 1664/1092/1742 1680/1108/1758
f 1663/1091/1741 1680/1108/1758 1681/1109/1759
f 1665/1093/1743 1663/1091/1741 1681/1109/1759
f 1674/1102/1752 1678/1106/1756 1664/1092/1742
f 1635/1063/1713 1674/1102/1752 1664/1092/1742
f 1635/1063/1713 1664/1092/1742 1626/1054/1704
f 1634/1062/1712 1635/1063/1713 1626/1054/1704
f 1634/1062/1712 1626/1054/1704 1624/1052/1702
f 1646/1074/1724 1634/1062/1712 1624/1052/1702
f 1646/1074/1724 1624/1052/1702 1627/1055/1705
f 1548/976/1626 1547/975/1625 1612/1040/1690
f 1521/949/1599 1548/976/1626 1612/1040/1690
f 1521/949/1599 1612/1040/1690 1682/1110/1760
f 1520/948/1598 1521/949/1599 1682/1110/1760
f 1520/948/1598 1682/1110/1760 1683/1111/1761
f 1684/1112/1762 1520/948/1598 1683/1111/1761
f 1684/1112/1762 1683/1111/1761 1685/1113/1763
f 1686/1114/1764 1684/1112/1762 1685/1113/1763
f 1686/1114/1764 1685/1113/1763 1687/1115/1765
f 1612/1040/1690 1543/971/1621 1688/1116/1766
f 1682/1110/1760 1612/1040/1690 1688/1116/1766
f 1682/1110/1760 1688/1116/1766 1683/1111/1761
f 1689/1117/1767 1688/1116/1766 1543/971/1621
f 1690/1118/1768 1689/1117/1767 1543/971/1621
f 1690/1118/1768 1543/971/1621 1544/972/1622
f 1691/1119/1769 1688/1116/1766 1689/1117/1767
f 1692/1120/1770 1691/1119/1769 1689/1117/1767
f 1692/1120/1770 1689/1117/1767 1690/1118/1768
f 1693/1121/1771 1692/1120/1770 1690/1118/1768
f 1584/1012/1662 1673/1101/1751 1678/1106/1756
f 1590/1018/1668 1584/1012/1662 1678/1106/1756
f 1590/1018/1668 1678/1106/1756 1674/1102/1752
f 1675/1103/1753 1590/1018/1668 1674/1102/1752
f 1675/1103/1753 1674/1102/1752 1636/1064/1714
f 1677/1105/1755 1675/1103/1753 1636/1064/1714
f 1677/1105/1755 1636/1064/1714 1644/1072/1722
f 1672/1100/1750 1691/1119/1769 1694/1122/1772
f 1623/1051/1701 1672/1100/1750 1694/1122/1772
f 1623/1051/1701 1694/1122/1772 1695/1123/1773
f 1492/920/1570 1623/1051/1701 1695/1123/1773
f 1492/920/1570 1695/1123/1773 1550/978/1628
f 1494/922/1572 1492/920/1570 1550/978/1628
f 1494/922/1572 1550/978/1628 1592/1020/1670
f 1567/995/1645 1494/922/1572 1592/1020/1670
f 1567/995/1645 1592/1020/1670 1594/1022/1672
f 1503/931/1581 1567/995/1645 1594/1022/1672
f 1503/931/1581 1594/1022/1672 1610/1038/1688
f 1502/930/1580 1503/931/1581 1610/1038/1688
f 1502/930/1580 1610/1038/1688 1530/958/1608
f 1504/932/1582 1502/930/1580 1530/958/1608
f 1504/932/1582 1530/958/1608 1527/955/1605
f 1549/977/1627 1504/932/1582 1527/955/1605
f 1549/977/1627 1527/955/1605 1528/956/1606
f 1533/961/1611 1549/977/1627 1528/956/1606
f 1683/1111/1761 1688/1116/1766 1691/1119/1769
f 1685/1113/1763 1683/1111/1761 1691/1119/1769
f 1685/1113/1763 1691/1119/1769 1672/1100/1750
f 1687/1115/1765 1685/1113/1763 1672/1100/1750
f 1687/1115/1765 1672/1100/1750 1622/1050/1700
f 1696/1124/1774 1687/1115/1765 1622/1050/1700
f 1696/1124/1774 1622/1050/1700 1662/1090/1740
f 1589/1017/1667 1696/1124/1774 1662/1090/1740
f 1589/1017/1667 1662/1090/1740 1661/1089/1739
f 1588/1016/1666 1589/1017/1667 1661/1089/1739
f 1588/1016/1666 1661/1089/1739 1656/1084/1734
f 1586/1014/1664 1588/1016/1666 1656/1084/1734
f 1586/1014/1664 1656/1084/1734 1654/1082/1732
f 1587/1015/1665 1586/1014/1664 1654/1082/1732
f 1587/1015/1665 1654/1082/1732 1657/1085/1735
f 1598/1026/1676 1587/1015/1665 1657/1085/1735
f 1598/1026/1676 1657/1085/1735 1658/1086/1736
f 1489/917/1567 1598/1026/1676 1658/1086/1736
f 1489/917/1567 1658/1086/1736 1659/1087/1737
f 1506/934/1584 1489/917/1567 1659/1087/1737
f 1675/1103/1753 1676/1104/1754 1697/1125/1775
f 1590/1018/1668 1675/1103/1753 1697/1125/1775
f 1590/1018/1668 1697/1125/1775 1696/1124/1774
f 1589/1017/1667 1590/1018/1668 1696/1124/1774
f 1697/1125/1775 1676/1104/1754 1698/1126/1776
f 1696/1124/1774 1697/1125/1775 1698/1126/1776
f 1696/1124/1774 1698/1126/1776 1687/1115/1765
f 1694/1122/1772 1699/1127/1777 1552/980/1630
f 1695/1123/1773 1694/1122/1772 1552/980/1630
f 1695/1123/1773 1552/980/1630 1550/978/1628
f 1694/1122/1772 1691/1119/1769 1692/1120/1770
f 1699/1127/1777 1694/1122/1772 1692/1120/1770
f 1699/1127/1777 1692/1120/1770 1693/1121/1771
f 1651/1079/1729 1699/1127/1777 1693/1121/1771
f 1700/1128/1778 1666/1094/1744 1667/1095/1745
f 1701/1129/1779 1703/1131/1781 1702/1130/1780
f 1617/1045/1695 1701/1129/1779 1702/1130/1780
f 1617/1045/1695 1702/1130/1780 1704/1132/1782
f 1619/1047/1697 1617/1045/1695 1704/1132/1782
f 1619/1047/1697 1704/1132/1782 1621/1049/1699
f 1669/1097/1747 1619/1047/1697 1621/1049/1699
f 1669/1097/1747 1621/1049/1699 1572/1000/1650
f 1671/1099/1749 1669/1097/1747 1572/1000/1650
f 1671/1099/1749 1572/1000/1650 1575/1003/1653
f 1703/1131/1781 1699/1127/1777 1651/1079/1729
f 1702/1130/1780 1703/1131/1781 1651/1079/1729
f 1702/1130/1780 1651/1079/1729 1649/1077/1727
f 1704/1132/1782 1702/1130/1780 1649/1077/1727
f 1704/1132/1782 1649/1077/1727 1647/1075/1725
f 1621/1049/1699 1704/1132/1782 1647/1075/1725
f 1621/1049/1699 1647/1075/1725 1511/939/1589
f 1574/1002/1652 1621/1049/1699 1511/939/1589
f 1574/1002/1652 1511/939/1589 1498/926/1576
f 1576/1004/1654 1574/1002/1652 1498/926/1576
f 1576/1004/1654 1498/926/1576 1496/924/1574
f 1499/927/1577 1576/1004/1654 1496/924/1574
f 1499/927/1577 1496/924/1574 1497/925/1575
f 1501/929/1579 1499/927/1577 1497/925/1575
f 1552/980/1630 1699/1127/1777 1703/1131/1781
f 1551/979/1629 1552/980/1630 1703/1131/1781
f 1551/979/1629 1703/1131/1781 1701/1129/1779
f 1597/1025/1675 1551/979/1629 1701/1129/1779
f 1597/1025/1675 1701/1129/1779 1705/1133/1783
f 1596/1024/1674 1597/1025/1675 1705/1133/1783
f 1596/1024/1674 1705/1133/1783 1706/1134/1784
f 1613/1041/1691 1596/1024/1674 1706/1134/1784
f 1613/1041/1691 1706/1134/1784 1707/1135/1785
f 1614/1042/1692 1613/1041/1691 1707/1135/1785
f 1614/1042/1692 1707/1135/1785 1708/1136/1786
f 1616/1044/1694 1614/1042/1692 1708/1136/1786
f 1701/1129/1779 1617/1045/1695 1666/1094/1744
f 1705/1133/1783 1701/1129/1779 1666/1094/1744
f 1705/1133/1783 1666/1094/1744 1700/1128/1778
f 1706/1134/1784 1705/1133/1783 1700/1128/1778
f 1706/1134/1784 1700/1128/1778 1707/1135/1785
v -5.0676746 7.2832804 -0.1772461
vt 0.32739258 0.4678955
vn -0.1447816 -0.9893614 -0.01422182
v -4.7444324 7.2642374 -0.59277344
vt 0.2590332 0.37524414
vn 0.0806285 -0.9527714 -0.29278955
v -5.1086903 7.315995 -0.69189453
vt 0.3310547 0.3458252
vn -0.112371415 -0.9177712 -0.38087875
vn -0.81455004 -0.056276873 0.57735705
v -7.5182714 7.7104983 0.74320376
vt 0.8442383 0.85595703
vn -0.6305778 -0.75442284 0.1822578
v -4.7180653 7.473222 -0.85302734
vt 0.25073242 0.31921387
vn 0.19740386 -0.5076711 -0.83863086
v -7.3219824 7.6675296 0.8169342
vt 0.7977295 0.84973145
vn -0.1315959 -0.8799713 0.4564351
v -6.9250097 7.600147 0.5644928
vt 0.7418213 0.7672119
vn -0.054383438 -0.9475293 -0.31500897
v -7.356162 7.629932 0.5669342
vt 0.8273926 0.810791
vn -0.23249324 -0.88889456 -0.39473197
v -6.041984 7.6637473 0.7719945
vt 0.5461426 0.7180176
vn -5.7052206E-16 -0.79830486 0.60225356
v -5.995109 7.599294 0.59523666
vt 0.5543213 0.67700195
vn -0.15570757 -0.9868601 0.043153748
v -6.4697266 7.650879 0.7675781
vt 0.6314697 0.75756836
vn 0.030214183 -0.86235553 0.5054009
v -6.3262615 7.6985445 0.14880696
vt 0.6505127 0.5336914
vn -0.10882732 -0.97236586 -0.20654613
v -6.1246014 7.6589937 0.15613118
vt 0.58654785 0.50561523
vn -0.2978547 -0.9546 -0.0046387375
v -6.1524334 7.7835054 -0.0943571
vt 0.59313965 0.4822998
vn -0.10846615 -0.58414257 -0.80437094
v -4.929003 7.1880655 0.5541992
vt 0.25561523 0.6425781
vn -0.21497534 -0.97526306 -0.051454935
v -4.647461 7.2006836 0.63183594
vt 0.16589355 0.67211914
vn 0.11859771 -0.99132544 0.05664368
v -4.7952137 7.168046 0.27441406
vt 0.21179199 0.598999
vn -0.10418828 -0.98890376 -0.105897315
vn -0.72496843 0.0037233925 -0.68877196
v -7.7863345 7.912799 0.03583817
vt 0.961792 0.5093994
vn -0.6702503 -0.6590195 -0.34125942
v -5.2257166 7.268064 1.0440887
vt 0.32348633 0.7553711
vn -0.9704615 -0.15735897 -0.18287332
vn -0.9188329 0.117616005 0.37671298
vn -0.8585002 0.4963615 0.12885135
vn -0.009338588 0.029053431 0.99953425
v -5.654297 7.645996 0.79541016
vt 0.47070312 0.67785645
vn -0.11554442 -0.65591145 0.7459421
v -7.5749087 7.8874083 -0.037892297
vt 0.9140625 0.49414062
vn -0.19134936 -0.68299836 -0.7049104
v -4.415819 7.194413 0.41015625
vt 0.1340332 0.6126709
vn 0.32478794 -0.9387172 0.115424536
v -4.231249 7.3335733 -0.33447266
vt 0.123168945 0.430542
vn 0.6194576 -0.7058241 -0.34363452
v -4.4612293 7.2871866 -0.4716797
vt 0.19677734 0.40600586
vn 0.1934893 -0.95456773 -0.22663279
v -4.199999 7.270585 0.040039055
vt 0.10974121 0.52111816
vn 0.5175196 -0.85504574 -0.03271502
v -6.7299805 7.706543 0.15771484
vt 0.72302246 0.53515625
vn -0.06225707 -0.9873239 0.14599892
v -7.1544986 7.854205 0.3737288
vt 0.81921387 0.5800781
vn -0.0075077172 -0.69870603 0.7153696
v -6.730957 7.851074 0.37158203
vt 0.7232666 0.57958984
vn 0.004577903 -0.5975689 0.8018045
v -5.4827137 7.626542 0.81396484
vt 0.43273926 0.67736816
vn -0.36043027 -0.38087806 0.8514823
v -6.3106365 7.7454195 0.31628743
vt 0.61486816 0.56848145
vn -0.069397844 -0.7769874 0.6256793
v -5.5139637 7.5078897 0.69628906
vt 0.44384766 0.63952637
vn -0.41378036 -0.75736654 0.50515515
v -5.3328114 7.4673624 0.8623047
vt 0.399292 0.6801758
vn -0.74147123 -0.43714333 0.50904435
v -5.3083973 7.3648233 0.69970703
vt 0.38061523 0.65197754
vn -0.57278275 -0.7975256 0.18940163
v -5.236459 7.339353 0.91860044
vt 0.34936523 0.6998291
vn -0.88967955 -0.45320195 0.055482898
v -5.130371 7.236328 0.73779297
vt 0.29553223 0.67785645
vn -0.49220136 -0.8536007 -0.17059806
v -5.129525 7.0395484 1.0094208
vt 0.27368164 0.75061035
vn -0.59237367 -0.6356497 -0.49501812
v -4.8712244 7.183103 0.78237
vt 0.22265625 0.7027588
vn 0.0012818102 -0.9512864 -0.30830592
v -4.8995447 6.9931617 1.0562958
vt 0.22253418 0.7642822
vn 0.1447207 -0.842017 -0.51967615
vn 0.5081354 -0.8589167 -0.063722946
v -6.3379803 7.795224 -0.08556804
vt 0.63500977 0.4885254
vn -0.101262815 -0.55526704 -0.82548434
v -6.754883 7.8476562 -0.053222656
vt 0.7286377 0.49084473
vn -0.07989692 -0.71583736 -0.69368106
vn -0.013367375 -0.04236054 -0.99901295
v -7.1784244 7.8566465 -0.036427453
vt 0.82458496 0.49450684
vn -0.033753343 -0.6192794 -0.78444487
v -6.445801 7.5825195 0.55078125
vt 0.6489258 0.71655273
vn -0.0014649201 -0.9709369 -0.23933133
v -6.9001074 7.6348147 0.7832428
vt 0.7138672 0.803833
vn -0.0026857285 -0.90942436 0.41586065
v -6.095695 7.7614036 0.35939682
vt 0.5831299 0.6378174
vn -0.060000136 -0.5404897 -0.83920854
vn 0.064883314 -0.34059164 0.9379699
v -6.4873047 7.770996 0.3725586
vt 0.6616211 0.6871338
vn -0.03436379 -0.44819418 -0.8932755
v -6.9191504 7.7837405 0.387735
vt 0.7609863 0.73168945
vn -0.03906465 -0.4358761 -0.8991585
v -7.3410254 7.8340335 0.3852936
vt 0.84887695 0.77282715
vn -0.16131637 -0.4126599 -0.89648694
v -7.528037 7.799854 0.45609438
vt 0.8779297 0.8045654
vn -0.623878 -0.58255476 -0.5209666
vn -0.030031307 0.25905055 -0.96539676
vn -0.3117166 0.38306898 -0.8695349
v -4.434862 7.2368937 -0.07421876
vt 0.16662598 0.4954834
vn 0.052369025 -0.9881756 -0.1441064
v -4.724901 7.2871866 -0.1508789
vt 0.24255371 0.48937988
vn -0.07891908 -0.99231756 -0.09527666
v -7.6086 7.7643614 0.18134598
vt 0.9217529 0.54003906
vn -0.25555778 -0.9621718 0.094422705
v -7.20235 7.7467833 0.16913895
vt 0.8300781 0.53759766
vn -0.056216884 -0.9791261 -0.19532472
v -4.460253 7.4278116 -0.7167969
vt 0.18896484 0.34973145
vn 0.4299529 -0.6308296 -0.64590603
vn 0.76395017 -0.21021454 -0.61007375
v -5.090624 7.2954874 0.2006836
vt 0.33068848 0.56311035
vn -0.2348138 -0.9692861 -0.07312374
v -5.2444324 7.325761 0.53271484
vt 0.35595703 0.6263428
vn -0.38166907 -0.9242338 -0.010986812
v -5.50078 7.4151163 0.43066406
vt 0.44628906 0.58813477
vn -0.4380581 -0.8904599 0.123232454
v -5.37578 7.343339 0.27734375
vt 0.41271973 0.5599365
vn -0.28499085 -0.9577012 0.039858423
v -5.4651356 7.4175577 -0.79785156
vt 0.4020996 0.30822754
vn -0.14936028 -0.8992747 -0.4110918
v -5.082323 7.5440226 -0.9248047
vt 0.32409668 0.29992676
vn 0.044983942 -0.56275713 -0.82539743
v -5.394823 7.3946085 -0.51953125
vt 0.3984375 0.37475586
vn -0.25189847 -0.9662721 -0.053529207
v -5.4426746 7.363847 -0.13232422
vt 0.41833496 0.4691162
vn -0.28816152 -0.9567134 -0.04077356
v -7.557819 7.884967 0.39960772
vt 0.9102783 0.58532715
vn -0.21809052 -0.6241796 0.7502242
v -7.788776 7.9176817 0.3170882
vt 0.9622803 0.5683594
vn -0.6806343 -0.6432181 0.35072416
v -6.9637866 7.66019 -1.0278581
vt 0.6546631 0.083740234
vn -0.27759814 -0.78402567 -0.55519634
vn 0.06518736 -0.018127944 -0.9977084
vn 0.03375385 -0.05627681 -0.99784446
v -6.63916 7.784668 -0.56152344
vt 0.673584 0.31396484
vn 0.009461049 -0.6567189 -0.7540761
v -6.181207 7.769553 -0.5685324
vt 0.5761719 0.33898926
vn -0.07312217 -0.6604801 -0.74727446
vn 0.753743 -0.6337448 -0.17389378
v -5.0870094 6.5865946 1.6383241
vt 0.22631836 0.9069824
vn 0.22510591 -0.9118378 -0.34333542
vn -0.75674313 0.09387575 0.6469368
v -5.4898415 6.691575 1.8614687
vt 0.30334473 0.9515381
vn -0.7747481 -0.6317985 -0.024414986
v -5.4898415 6.8434305 1.6930116
vt 0.31933594 0.9108887
vn -0.9278302 -0.13867712 -0.3462655
v -7.413873 7.8081512 -0.5788095
vt 0.84106445 0.26574707
vn -0.16535304 -0.7254415 -0.66812646
v -7.4558654 7.717331 -0.38789153
vt 0.86206055 0.30187988
vn -0.26655704 -0.94988805 0.16327916
v -7.0867248 7.672409 -0.37373137
vt 0.782959 0.32617188
vn -0.08258472 -0.9952893 -0.050783824
v -5.336521 6.640794 1.5792421
vt 0.27270508 0.9078369
vn -0.551477 -0.6827695 -0.47926927
v -5.2124977 6.5197 1.8448671
vt 0.24829102 0.9482422
vn -0.19752407 -0.9708957 -0.13544686
v -7.606256 7.830124 -0.52753997
vt 0.8857422 0.2652588
vn -0.6154579 -0.70933616 -0.34358948
v -7.4319396 7.8486786 -0.20332122
vt 0.86828613 0.34033203
vn -0.17999987 -0.54756826 0.8171714
vn 0.08508487 -0.3360059 0.93800884
vn 0.017334184 0.24353307 -0.9697377
vn 0.005249339 0.5063781 -0.8622956
v -7.636041 7.8569794 -0.26533294
vt 0.90856934 0.3161621
vn -0.6311405 -0.68747926 0.35921296
vn -0.6691571 0.18793534 0.718964
v -7.066217 7.8032684 -0.18427825
vt 0.79016113 0.3651123
vn -0.07879852 -0.6903873 0.7191357
v -6.625 7.6533203 -0.35302734
vt 0.6833496 0.35620117
vn -0.011596695 -0.9997572 -0.018737817
v -7.0496154 7.77153 -0.56464934
vt 0.76257324 0.28955078
vn -0.00744663 -0.7239712 -0.68978995
v -6.6557617 7.811035 -0.15722656
vt 0.70214844 0.39367676
vn -0.032837085 -0.60693675 0.7940715
v -6.3081603 7.6611547 -0.34001678
vt 0.61608887 0.37719727
vn -0.14289267 -0.97387993 0.17646423
vn 0.026734194 0.09533975 0.9950858
v -6.2339416 7.805686 -0.14079803
vt 0.60998535 0.4239502
vn -0.11267285 -0.51831955 0.84773207
v -6.065973 7.62844 -0.2643332
vt 0.5612793 0.41137695
vn -0.3479242 -0.85790795 0.3780777
v -5.9848633 7.7592773 -0.111816406
vt 0.5419922 0.46691895
vn -0.5146024 -0.7588723 0.39912054
v -5.841797 7.5683594 -0.19091797
vt 0.51330566 0.47607422
vn -0.5401188 -0.8401781 0.048707746
v -5.0279274 6.7072 1.4640077
vt 0.22436523 0.86169434
vn 0.18946165 -0.83286226 -0.520043
v -5.246189 6.749192 1.4337343
vt 0.26867676 0.85717773
vn -0.45053098 -0.6382879 -0.6241878
v -6.986736 7.7388034 -0.66067064
vt 0.7093506 0.14196777
vn -0.28138396 -0.4877526 0.82639
vn -0.8230972 0.08264547 0.5618547
v -7.1341968 7.7407565 -0.7495378
vt 0.7233887 0.10864258
vn -0.7607343 -0.50967926 0.4018836
v -6.273845 7.5268893 -0.7925066
vt 0.56311035 0.21032715
vn -0.0037231934 -0.9557011 0.2943154
v -6.686931 7.547397 -0.80080736
vt 0.63586426 0.15661621
vn -0.12122057 -0.9716568 0.20294985
v -6.660564 7.688022 -0.6479753
vt 0.6522217 0.18518066
vn -0.06885312 -0.5567458 0.82782453
v -6.6302905 7.609897 -0.9951433
vt 0.598999 0.13171387
vn -0.018983018 -0.8130958 -0.58182037
vn -0.041321192 -0.12017942 -0.99189186
vn -0.8178269 0.5752683 -0.01501495
v -5.379978 6.9474344 1.495746
vt 0.31176758 0.8574219
vn -0.8816941 0.0074466183 -0.47176287
vn -0.8240432 0.4505047 0.34350905
v -7.122478 7.6972995 -0.95168626
vt 0.6933594 0.076416016
vn -0.7405073 -0.62771 -0.24006063
v -7.0126147 7.6035495 -0.82668626
vt 0.69104004 0.111328125
vn -0.40596643 -0.89836335 0.16773354
v -5.159668 6.851074 1.2631836
vt 0.265625 0.80615234
vn -0.29683214 -0.74253815 -0.6004396
v -4.946289 6.8481445 1.284668
vt 0.21875 0.8145752
vn 0.31092498 -0.8338942 -0.45601112
vn 0.8124659 -0.5786935 -0.07080313
v -5.7354627 7.616504 -0.99682117
vt 0.43518066 0.24450684
vn 0.015198268 -0.4942795 -0.8691701
v -5.9991345 7.638477 -1.0026805
vt 0.48535156 0.21008301
vn -0.0150150005 -0.69496274 -0.718889
v -5.7261853 7.5125003 -0.8835399
vt 0.45129395 0.26867676
vn -0.16009742 -0.9060184 -0.39179012
vn 0.082582615 -0.11633595 -0.98977077
vn 0.08960557 -0.10675759 -0.9902392
v -5.2695312 7.061035 1.28125
vt 0.31311035 0.8059082
vn -0.9126322 -0.13385516 -0.3862451
vn -0.7594762 0.6324594 0.15228587
vn -0.7413501 0.66816735 0.062867686
vn -0.16211307 0.18793154 0.9687111
v -5.6179676 7.4951944 0.49804688
vt 0.477417 0.60375977
vn -0.4532192 -0.88464737 0.10950509
v -5.783195 7.590505 0.44972885
vt 0.5333252 0.63391113
vn -0.49611658 -0.7824458 -0.37636015
v -5.8515625 7.7617188 0.35791016
vt 0.56604004 0.58032227
vn -0.5177989 -0.8532115 0.06256559
vn -0.2359071 0.9493049 -0.20776916
vn 0.089360036 0.08142506 -0.9926655
v -5.425293 7.6030273 -0.9819336
vt 0.3864746 0.26953125
vn 0.031984325 -0.5001518 -0.8653469
vn 0.08630517 -0.037537217 0.99556136
v -5.7558594 7.5410156 0.34179688
vt 0.5036621 0.5755615
vn -0.7008542 -0.7035399 0.11762288
v -5.770996 7.523926 0.13867188
vt 0.506958 0.5311279
vn -0.52894664 -0.83278877 0.16333501
v -5.6072254 7.4283 0.05957031
vt 0.4699707 0.51464844
vn -0.44019488 -0.8971749 0.03613357
v -5.6487293 7.4434366 -0.296875
vt 0.46606445 0.42529297
vn -0.39050996 -0.92048794 -0.014282502
v -5.601366 7.440995 -0.6152344
vt 0.4437256 0.35046387
vn -0.35262114 -0.9346872 -0.044924572
vn -0.3305768 0.60939413 -0.7206648
v -5.8245106 7.693925 -0.5761719
vt 0.5032959 0.34570312
vn -0.6757514 -0.5983553 -0.43050086
v -5.7905273 7.51709 -0.37939453
vt 0.5019531 0.39794922
vn -0.4251363 -0.9048414 -0.022828568
v -5.760254 7.522949 -0.57373047
vt 0.48779297 0.35705566
vn -0.63986975 -0.7547447 -0.14466195
v -6.0112853 7.620139 -0.4381613
vt 0.5484619 0.37280273
vn -0.35346508 -0.8454231 -0.40040255
v -5.8096814 7.5305667 -0.7141063
vt 0.47583008 0.29760742
vn -0.41195 -0.81779623 0.40187868
v -5.99474 7.545215 -0.7873485
vt 0.5142822 0.24621582
vn -0.09009087 -0.994906 0.04522853
v -6.260742 7.6186523 -1.0009766
vt 0.53222656 0.17749023
vn 0.036255024 -0.7746002 -0.6314112
vn 0.05633728 -0.13599081 -0.98910695
v -5.879994 7.700977 -0.6008251
vt 0.5061035 0.31018066
vn -0.2017957 -0.25691414 0.94513154
v -6.0738416 7.7249026 -0.61156726
vt 0.5435791 0.26794434
vn -0.07989745 -0.512833 0.85476243
v -6.303142 7.6992526 -0.6255144
vt 0.5913086 0.23413086
vn -0.014404524 -0.3866028 0.9221338
vn 0.00030518218 0.21094193 0.97749853
vn -0.03802575 0.092165194 0.9950174
vn -0.12763232 0.34157372 0.9311484
o Joint_0_Object_17
g polygon_0
usemtl Material_89BBED2D
f 1709/1137/1787 1711/1139/1789 1710/1138/1788
f 1501/929/1790 1712/1140/1791 1500/928/1578
f 1713/1141/1792 1532/960/1610 1533/961/1611
f 1714/1142/1793 1716/1144/1795 1715/1143/1794
f 1717/1145/1796 1719/1147/1798 1718/1146/1797
f 1720/1148/1799 1722/1150/1801 1721/1149/1800
f 1723/1151/1802 1725/1153/1804 1724/1152/1803
f 1580/1008/1805 1726/1154/1806 1581/1009/1659
f 1727/1155/1807 1616/1044/1809 1708/1136/1808
f 1667/1095/1810 1668/1096/1746 1728/1156/1811
f 1525/953/1603 1729/1157/1812 1580/1008/1805
f 1531/959/1609 1565/993/1643 1730/1158/1813
f 1731/1159/1814 1733/1161/1816 1732/1160/1815
f 1734/1162/1817 1736/1164/1819 1735/1163/1818
f 1667/1095/1810 1728/1156/1811 1737/1165/1820
f 1734/1162/1817 1738/1166/1821 1736/1164/1819
f 1737/1165/1820 1728/1156/1811 1739/1167/1822
f 1740/1168/1823 1737/1165/1820 1739/1167/1822
f 1740/1168/1823 1739/1167/1822 1741/1169/1824
f 1742/1170/1825 1740/1168/1823 1741/1169/1824
f 1742/1170/1825 1741/1169/1824 1743/1171/1826
f 1744/1172/1827 1742/1170/1825 1743/1171/1826
f 1744/1172/1827 1743/1171/1826 1745/1173/1828
f 1746/1174/1829 1744/1172/1827 1745/1173/1828
f 1746/1174/1829 1745/1173/1828 1570/998/1830
f 1512/940/1590 1746/1174/1829 1570/998/1830
f 1747/1175/1831 1720/1148/1799 1748/1176/1832
f 1684/1112/1833 1747/1175/1831 1748/1176/1832
f 1684/1112/1833 1748/1176/1832 1749/1177/1834
f 1520/948/1598 1684/1112/1833 1749/1177/1834
f 1520/948/1598 1749/1177/1834 1519/947/1597
f 1719/1147/1798 1751/1179/1836 1750/1178/1835
f 1718/1146/1797 1719/1147/1798 1750/1178/1835
f 1718/1146/1797 1750/1178/1835 1752/1180/1837
f 1715/1143/1794 1750/1178/1835 1751/1179/1836
f 1714/1142/1793 1715/1143/1794 1751/1179/1836
f 1714/1142/1793 1751/1179/1836 1671/1099/1838
f 1575/1003/1653 1714/1142/1793 1671/1099/1838
f 1753/1181/1839 1750/1178/1835 1715/1143/1794
f 1754/1182/1840 1753/1181/1839 1715/1143/1794
f 1754/1182/1840 1715/1143/1794 1716/1144/1795
f 1755/1183/1841 1754/1182/1840 1716/1144/1795
f 1755/1183/1841 1716/1144/1795 1756/1184/1842
f 1495/923/1573 1755/1183/1841 1756/1184/1842
f 1495/923/1573 1756/1184/1842 1497/925/1575
f 1606/1034/1843 1754/1182/1840 1755/1183/1841
f 1605/1033/1844 1606/1034/1843 1755/1183/1841
f 1605/1033/1844 1755/1183/1841 1495/923/1573
f 1712/1140/1791 1716/1144/1795 1714/1142/1793
f 1500/928/1578 1712/1140/1791 1714/1142/1793
f 1500/928/1578 1714/1142/1793 1575/1003/1653
f 1756/1184/1842 1716/1144/1795 1712/1140/1791
f 1497/925/1575 1756/1184/1842 1712/1140/1791
f 1497/925/1575 1712/1140/1791 1501/929/1790
f 1531/959/1609 1730/1158/1813 1733/1161/1816
f 1530/958/1608 1531/959/1609 1733/1161/1816
f 1530/958/1608 1733/1161/1816 1731/1159/1814
f 1733/1161/1816 1730/1158/1813 1757/1185/1845
f 1732/1160/1815 1733/1161/1816 1757/1185/1845
f 1732/1160/1815 1757/1185/1845 1758/1186/1846
f 1725/1153/1804 1757/1185/1845 1730/1158/1813
f 1724/1152/1803 1725/1153/1804 1730/1158/1813
f 1724/1152/1803 1730/1158/1813 1565/993/1643
f 1726/1154/1806 1580/1008/1805 1729/1157/1812
f 1759/1187/1847 1726/1154/1806 1729/1157/1812
f 1759/1187/1847 1729/1157/1812 1760/1188/1848
f 1713/1141/1792 1533/961/1611 1528/956/1606
f 1761/1189/1849 1713/1141/1792 1528/956/1606
f 1761/1189/1849 1528/956/1606 1526/954/1850
f 1722/1150/1801 1720/1148/1799 1747/1175/1831
f 1686/1114/1764 1722/1150/1801 1747/1175/1831
f 1686/1114/1764 1747/1175/1831 1684/1112/1833
f 1758/1186/1846 1757/1185/1845 1725/1153/1804
f 1762/1190/1851 1758/1186/1846 1725/1153/1804
f 1762/1190/1851 1725/1153/1804 1723/1151/1802
f 1763/1191/1852 1762/1190/1851 1723/1151/1802
f 1741/1169/1824 1764/1192/1853 1763/1191/1852
f 1743/1171/1826 1741/1169/1824 1763/1191/1852
f 1743/1171/1826 1763/1191/1852 1723/1151/1802
f 1745/1173/1828 1743/1171/1826 1723/1151/1802
f 1745/1173/1828 1723/1151/1802 1724/1152/1803
f 1570/998/1830 1745/1173/1828 1724/1152/1803
f 1570/998/1830 1724/1152/1803 1565/993/1643
f 1763/1191/1852 1764/1192/1853 1765/1193/1854
f 1762/1190/1851 1763/1191/1852 1765/1193/1854
f 1762/1190/1851 1765/1193/1854 1709/1137/1787
f 1758/1186/1846 1762/1190/1851 1709/1137/1787
f 1758/1186/1846 1709/1137/1787 1710/1138/1788
f 1732/1160/1815 1758/1186/1846 1710/1138/1788
f 1732/1160/1815 1710/1138/1788 1761/1189/1849
f 1731/1159/1814 1732/1160/1815 1761/1189/1849
f 1731/1159/1814 1761/1189/1849 1526/954/1850
f 1530/958/1608 1731/1159/1814 1526/954/1850
f 1766/1194/1855 1767/1195/1856 1711/1139/1789
f 1768/1196/1857 1766/1194/1855 1711/1139/1789
f 1768/1196/1857 1711/1139/1789 1709/1137/1787
f 1769/1197/1858 1768/1196/1857 1709/1137/1787
f 1769/1197/1858 1709/1137/1787 1765/1193/1854
f 1711/1139/1789 1767/1195/1856 1713/1141/1792
f 1710/1138/1788 1711/1139/1789 1713/1141/1792
f 1710/1138/1788 1713/1141/1792 1761/1189/1849
f 1579/1007/1657 1771/1199/1860 1770/1198/1859
f 1545/973/1623 1579/1007/1657 1770/1198/1859
f 1545/973/1623 1770/1198/1859 1542/970/1620
f 1770/1198/1859 1771/1199/1860 1759/1187/1847
f 1735/1163/1818 1770/1198/1859 1759/1187/1847
f 1735/1163/1818 1759/1187/1847 1760/1188/1848
f 1734/1162/1817 1735/1163/1818 1760/1188/1848
f 1726/1154/1806 1759/1187/1847 1771/1199/1860
f 1581/1009/1659 1726/1154/1806 1771/1199/1860
f 1581/1009/1659 1771/1199/1860 1579/1007/1657
f 1542/970/1620 1770/1198/1859 1735/1163/1818
f 1544/972/1622 1542/970/1620 1735/1163/1818
f 1544/972/1622 1735/1163/1818 1690/1118/1768
f 1660/1088/1738 1772/1200/1861 1640/1068/1718
f 1673/1101/1862 1773/1201/1864 1679/1107/1863
f 1773/1201/1864 1673/1101/1862 1774/1202/1865
f 1513/941/1591 1775/1203/1867 1515/943/1866
f 1537/965/1868 1777/1205/1870 1776/1204/1869
f 1778/1206/1871 1780/1208/1873 1779/1207/1872
f 1776/1204/1869 1777/1205/1870 1781/1209/1874
f 1541/969/1619 1782/1210/1875 1517/945/1595
f 1665/1093/1743 1783/1211/1876 1627/1055/1705
f 1644/1072/1722 1784/1212/1877 1677/1105/1755
f 1671/1099/1838 1751/1179/1836 1719/1147/1798
f 1670/1098/1878 1671/1099/1838 1719/1147/1798
f 1670/1098/1878 1719/1147/1798 1717/1145/1796
f 1752/1180/1837 1750/1178/1835 1753/1181/1839
f 1650/1078/1728 1752/1180/1837 1753/1181/1839
f 1650/1078/1728 1753/1181/1839 1648/1076/1879
f 1648/1076/1879 1753/1181/1839 1754/1182/1840
f 1510/938/1880 1648/1076/1879 1754/1182/1840
f 1510/938/1880 1754/1182/1840 1606/1034/1843
f 1627/1055/1705 1783/1211/1876 1785/1213/1881
f 1646/1074/1882 1627/1055/1705 1785/1213/1881
f 1646/1074/1882 1785/1213/1881 1784/1212/1877
f 1645/1073/1723 1646/1074/1882 1784/1212/1877
f 1645/1073/1723 1784/1212/1877 1644/1072/1722
f 1779/1207/1872 1785/1213/1881 1783/1211/1876
f 1778/1206/1871 1779/1207/1872 1783/1211/1876
f 1778/1206/1871 1783/1211/1876 1665/1093/1743
f 1681/1109/1759 1778/1206/1871 1665/1093/1743
f 1784/1212/1877 1785/1213/1881 1779/1207/1872
f 1786/1214/1883 1784/1212/1877 1779/1207/1872
f 1786/1214/1883 1779/1207/1872 1780/1208/1873
f 1787/1215/1884 1786/1214/1883 1780/1208/1873
f 1787/1215/1884 1780/1208/1873 1788/1216/1885
f 1677/1105/1755 1784/1212/1877 1786/1214/1883
f 1789/1217/1886 1677/1105/1755 1786/1214/1883
f 1789/1217/1886 1786/1214/1883 1787/1215/1884
f 1790/1218/1887 1789/1217/1886 1787/1215/1884
f 1676/1104/1888 1677/1105/1755 1789/1217/1886
f 1791/1219/1889 1676/1104/1888 1789/1217/1886
f 1791/1219/1889 1789/1217/1886 1790/1218/1887
f 1792/1220/1890 1791/1219/1889 1790/1218/1887
f 1698/1126/1776 1676/1104/1888 1791/1219/1889
f 1793/1221/1891 1698/1126/1776 1791/1219/1889
f 1793/1221/1891 1791/1219/1889 1792/1220/1890
f 1794/1222/1892 1793/1221/1891 1792/1220/1890
f 1795/1223/1893 1515/943/1866 1775/1203/1867
f 1796/1224/1894 1795/1223/1893 1775/1203/1867
f 1796/1224/1894 1775/1203/1867 1782/1210/1875
f 1517/945/1595 1782/1210/1875 1775/1203/1867
f 1516/944/1594 1517/945/1595 1775/1203/1867
f 1516/944/1594 1775/1203/1867 1513/941/1591
f 1788/1216/1885 1780/1208/1873 1778/1206/1871
f 1680/1108/1758 1788/1216/1885 1778/1206/1871
f 1680/1108/1758 1778/1206/1871 1681/1109/1759
f 1797/1225/1895 1653/1081/1731 1631/1059/1896
f 1798/1226/1897 1797/1225/1895 1631/1059/1896
f 1798/1226/1897 1631/1059/1896 1632/1060/1710
f 1799/1227/1898 1801/1229/1900 1800/1228/1899
f 1802/1230/1901 1799/1227/1898 1800/1228/1899
f 1802/1230/1901 1800/1228/1899 1772/1200/1861
f 1643/1071/1902 1802/1230/1901 1772/1200/1861
f 1643/1071/1902 1772/1200/1861 1660/1088/1738
f 1604/1032/1903 1803/1231/1904 1777/1205/1870
f 1535/963/1905 1604/1032/1903 1777/1205/1870
f 1535/963/1905 1777/1205/1870 1537/965/1868
f 1777/1205/1870 1803/1231/1904 1796/1224/1894
f 1781/1209/1874 1777/1205/1870 1796/1224/1894
f 1781/1209/1874 1796/1224/1894 1782/1210/1875
f 1776/1204/1869 1781/1209/1874 1782/1210/1875
f 1776/1204/1869 1782/1210/1875 1541/969/1619
f 1537/965/1868 1776/1204/1869 1541/969/1619
f 1804/1232/1906 1640/1068/1718 1772/1200/1861
f 1805/1233/1907 1804/1232/1906 1772/1200/1861
f 1805/1233/1907 1772/1200/1861 1800/1228/1899
f 1800/1228/1899 1801/1229/1900 1797/1225/1895
f 1805/1233/1907 1800/1228/1899 1797/1225/1895
f 1805/1233/1907 1797/1225/1895 1798/1226/1897
f 1804/1232/1906 1805/1233/1907 1798/1226/1897
f 1804/1232/1906 1798/1226/1897 1632/1060/1710
f 1640/1068/1718 1804/1232/1906 1632/1060/1710
f 1746/1174/1829 1806/1234/1908 1744/1172/1827
f 1515/943/1866 1795/1223/1893 1807/1235/1909
f 1507/935/1910 1515/943/1866 1807/1235/1909
f 1507/935/1910 1807/1235/1909 1512/940/1590
f 1808/1236/1911 1810/1238/1913 1809/1237/1912
f 1506/934/1914 1808/1236/1911 1809/1237/1912
f 1506/934/1914 1809/1237/1912 1491/919/1915
f 1616/1044/1809 1727/1155/1807 1811/1239/1916
f 1523/951/1917 1616/1044/1809 1811/1239/1916
f 1523/951/1917 1811/1239/1916 1522/950/1918
f 1795/1223/1893 1796/1224/1894 1806/1234/1908
f 1807/1235/1909 1795/1223/1893 1806/1234/1908
f 1807/1235/1909 1806/1234/1908 1746/1174/1829
f 1512/940/1590 1807/1235/1909 1746/1174/1829
f 1806/1234/1908 1796/1224/1894 1811/1239/1916
f 1744/1172/1827 1806/1234/1908 1811/1239/1916
f 1744/1172/1827 1811/1239/1916 1727/1155/1807
f 1742/1170/1825 1744/1172/1827 1727/1155/1807
f 1742/1170/1825 1727/1155/1807 1708/1136/1808
f 1740/1168/1823 1742/1170/1825 1708/1136/1808
f 1740/1168/1823 1708/1136/1808 1707/1135/1785
f 1737/1165/1820 1740/1168/1823 1707/1135/1785
f 1737/1165/1820 1707/1135/1785 1700/1128/1919
f 1667/1095/1810 1737/1165/1820 1700/1128/1919
f 1718/1146/1797 1739/1167/1822 1728/1156/1811
f 1717/1145/1796 1718/1146/1797 1728/1156/1811
f 1717/1145/1796 1728/1156/1811 1668/1096/1746
f 1670/1098/1878 1717/1145/1796 1668/1096/1746
f 1812/1240/1920 1739/1167/1822 1718/1146/1797
f 1813/1241/1921 1812/1240/1920 1718/1146/1797
f 1813/1241/1921 1718/1146/1797 1752/1180/1837
f 1814/1242/1922 1813/1241/1921 1752/1180/1837
f 1814/1242/1922 1752/1180/1837 1650/1078/1728
f 1651/1079/1923 1814/1242/1922 1650/1078/1728
f 1811/1239/1916 1796/1224/1894 1803/1231/1904
f 1522/950/1918 1811/1239/1916 1803/1231/1904
f 1522/950/1918 1803/1231/1904 1604/1032/1903
f 1532/960/1610 1815/1243/1925 1659/1087/1924
f 1814/1242/1922 1651/1079/1923 1693/1121/1926
f 1741/1169/1824 1739/1167/1822 1812/1240/1920
f 1764/1192/1853 1741/1169/1824 1812/1240/1920
f 1764/1192/1853 1812/1240/1920 1816/1244/1927
f 1817/1245/1928 1764/1192/1853 1816/1244/1927
f 1817/1245/1928 1816/1244/1927 1814/1242/1922
f 1721/1149/1800 1817/1245/1928 1814/1242/1922
f 1721/1149/1800 1814/1242/1922 1738/1166/1821
f 1720/1148/1799 1721/1149/1800 1738/1166/1821
f 1720/1148/1799 1738/1166/1821 1734/1162/1817
f 1748/1176/1832 1720/1148/1799 1734/1162/1817
f 1748/1176/1832 1734/1162/1817 1760/1188/1848
f 1749/1177/1834 1748/1176/1832 1760/1188/1848
f 1749/1177/1834 1760/1188/1848 1729/1157/1812
f 1519/947/1597 1749/1177/1834 1729/1157/1812
f 1519/947/1597 1729/1157/1812 1525/953/1603
f 1765/1193/1854 1764/1192/1853 1818/1246/1929
f 1769/1197/1858 1765/1193/1854 1818/1246/1929
f 1769/1197/1858 1818/1246/1929 1819/1247/1930
f 1768/1196/1857 1769/1197/1858 1819/1247/1930
f 1768/1196/1857 1819/1247/1930 1820/1248/1931
f 1766/1194/1855 1768/1196/1857 1820/1248/1931
f 1766/1194/1855 1820/1248/1931 1810/1238/1913
f 1815/1243/1925 1766/1194/1855 1810/1238/1913
f 1815/1243/1925 1810/1238/1913 1808/1236/1911
f 1659/1087/1924 1815/1243/1925 1808/1236/1911
f 1659/1087/1924 1808/1236/1911 1506/934/1914
f 1818/1246/1929 1764/1192/1853 1817/1245/1928
f 1794/1222/1892 1818/1246/1929 1817/1245/1928
f 1794/1222/1892 1817/1245/1928 1721/1149/1800
f 1793/1221/1891 1794/1222/1892 1721/1149/1800
f 1793/1221/1891 1721/1149/1800 1722/1150/1801
f 1687/1115/1932 1793/1221/1891 1722/1150/1801
f 1687/1115/1932 1722/1150/1801 1686/1114/1764
f 1532/960/1610 1713/1141/1792 1767/1195/1856
f 1815/1243/1925 1532/960/1610 1767/1195/1856
f 1815/1243/1925 1767/1195/1856 1766/1194/1855
f 1690/1118/1768 1735/1163/1818 1736/1164/1819
f 1693/1121/1926 1690/1118/1768 1736/1164/1819
f 1693/1121/1926 1736/1164/1819 1738/1166/1821
f 1814/1242/1922 1693/1121/1926 1738/1166/1821
f 1582/1010/1660 1585/1013/1663 1821/1249/1933
f 1698/1126/1776 1793/1221/1891 1687/1115/1932
f 1820/1248/1931 1819/1247/1930 1822/1250/1934
f 1823/1251/1935 1820/1248/1931 1822/1250/1934
f 1823/1251/1935 1822/1250/1934 1824/1252/1936
f 1821/1249/1933 1823/1251/1935 1824/1252/1936
f 1821/1249/1933 1824/1252/1936 1774/1202/1865
f 1582/1010/1660 1821/1249/1933 1774/1202/1865
f 1582/1010/1660 1774/1202/1865 1673/1101/1862
f 1820/1248/1931 1823/1251/1935 1825/1253/1937
f 1810/1238/1913 1820/1248/1931 1825/1253/1937
f 1810/1238/1913 1825/1253/1937 1826/1254/1938
f 1809/1237/1912 1810/1238/1913 1826/1254/1938
f 1809/1237/1912 1826/1254/1938 1827/1255/1939
f 1491/919/1915 1809/1237/1912 1827/1255/1939
f 1491/919/1915 1827/1255/1939 1652/1080/1940
f 1825/1253/1937 1823/1251/1935 1821/1249/1933
f 1828/1256/1941 1825/1253/1937 1821/1249/1933
f 1828/1256/1941 1821/1249/1933 1585/1013/1663
f 1603/1031/1681 1828/1256/1941 1585/1013/1663
f 1825/1253/1937 1828/1256/1941 1829/1257/1942
f 1826/1254/1938 1825/1253/1937 1829/1257/1942
f 1826/1254/1938 1829/1257/1942 1799/1227/1898
f 1827/1255/1939 1826/1254/1938 1799/1227/1898
f 1827/1255/1939 1799/1227/1898 1802/1230/1901
f 1652/1080/1940 1827/1255/1939 1802/1230/1901
f 1652/1080/1940 1802/1230/1901 1643/1071/1902
f 1829/1257/1942 1828/1256/1941 1603/1031/1681
f 1830/1258/1943 1829/1257/1942 1603/1031/1681
f 1830/1258/1943 1603/1031/1681 1602/1030/1944
f 1620/1048/1945 1830/1258/1943 1602/1030/1944
f 1799/1227/1898 1829/1257/1942 1830/1258/1943
f 1801/1229/1900 1799/1227/1898 1830/1258/1943
f 1801/1229/1900 1830/1258/1943 1620/1048/1945
f 1797/1225/1895 1801/1229/1900 1620/1048/1945
f 1797/1225/1895 1620/1048/1945 1641/1069/1946
f 1653/1081/1731 1797/1225/1895 1641/1069/1946
f 1819/1247/1930 1818/1246/1929 1794/1222/1892
f 1822/1250/1934 1819/1247/1930 1794/1222/1892
f 1822/1250/1934 1794/1222/1892 1792/1220/1890
f 1824/1252/1936 1822/1250/1934 1792/1220/1890
f 1824/1252/1936 1792/1220/1890 1790/1218/1887
f 1774/1202/1865 1824/1252/1936 1790/1218/1887
f 1774/1202/1865 1790/1218/1887 1787/1215/1884
f 1773/1201/1864 1774/1202/1865 1787/1215/1884
f 1773/1201/1864 1787/1215/1884 1788/1216/1885
f 1679/1107/1863 1773/1201/1864 1788/1216/1885
f 1679/1107/1863 1788/1216/1885 1680/1108/1758
f 1813/1241/1921 1814/1242/1922 1816/1244/1927
f 1813/1241/1921 1816/1244/1927 1812/1240/1920
v 5.4475574 8.153397 0.5864257
vn 0.047854904 0.8190267 0.57175624
v 5.040331 7.9658966 0.8168944
vn 0.057376236 0.7204989 0.6910784
v 5.1682606 8.212967 0.49755856
vn -0.039247427 0.9235657 0.38142636
v 5.8042903 8.267898 0.12341638
vn 0.21289536 0.96352226 0.16217406
v 5.79013 8.128737 0.2996859
vn 0.14563188 0.50617135 0.85004824
v 5.6389637 8.246658 0.2866211
vn 0.2594071 0.8073968 0.52992296
v 5.8101134 8.105997 -0.18034868
vn 0.28088957 0.6916645 0.66535795
v 6.2300353 8.22172 -0.38054395
vn -0.028137956 0.9995382 0.0114749735
v 6.250055 8.126993 -0.17888382
vn -0.054386195 0.6564187 0.75243384
v 5.6555653 8.277908 -0.3554687
vn 0.30201772 0.9415773 -0.14905556
v 5.65996 8.268143 -0.20019525
vn 0.5938364 0.7537552 0.28144518
v 5.5608387 8.319412 -0.11914057
vn 0.2901752 0.95671135 -0.022400929
v 5.785211 8.213419 -0.358083
vn 0.35737973 0.9156977 -0.1837865
v 7.855188 8.102719 0.3869134
vn 0.7434199 0.056275252 0.6664533
v 7.699426 8.087094 0.47724542
vn 0.2742418 0.27424172 0.92172825
v 7.777551 8.208188 0.30097592
vn 0.27058953 0.8269064 0.49295762
v 7.53253 7.9692526 -0.6740233
vn 0.22163203 -0.033754416 -0.974546
v 7.6624126 7.979995 -0.61249983
vn 0.60488266 0.011230966 -0.79623544
v 7.4050884 8.097671 -0.61201155
vn 0.12384805 0.634439 -0.76298684
v 6.9729595 7.9619284 -0.6789061
vn -0.033753857 -0.05627671 -0.99784446
v 7.3406353 7.960952 -0.67939436
vn 0.018738415 -0.06006052 -0.99801886
v 6.9592876 8.110854 -0.61201155
vn -0.018738372 0.69838583 -0.7154761
v 6.605957 8.102051 -0.59375
vn -0.051088616 0.66067284 -0.74893343
v 7.4226665 8.142104 -0.23798811
vn 0.14240268 0.8282914 0.54189926
v 7.6277447 8.127944 -0.30244124
vn 0.5030267 0.84838825 0.16492882
v 7.710264 8.020522 -0.20332016
vn 0.6694531 0.1767629 0.7215175
v 5.6301746 8.301834 0.12646487
vn 0.12458097 0.98309696 0.13416417
v 6.218805 7.934122 -0.6139424
vn -0.056276776 0.033753913 -0.99784446
v 6.616211 7.9609375 -0.65966797
vn -0.06512494 -0.019470342 -0.99768716
v 6.23443 8.091349 -0.5699971
vn -0.07886283 0.59366864 -0.80083597
v 5.6697254 8.286209 -0.033203084
vn 0.45663148 0.8020501 -0.3849718
v 5.7158203 8.143555 -0.11767578
vn 0.6974121 0.7058352 -0.124149844
v 7.551477 8.196469 0.3888665
vn 0.06000204 0.80999684 0.58335656
v 7.03927 8.297544 0.1740228
vn -0.015015495 0.99987316 0.005310417
v 7.5788207 8.295102 0.16474546
vn 0.120301634 0.9926257 -0.014892682
v 7.0451293 8.19354 0.3996087
vn -0.0450453 0.709738 0.7030241
v 6.680664 8.279785 0.16601562
vn -0.032777607 0.99938124 0.01275702
v 6.6865234 8.17334 0.38427734
vn -0.061771195 0.7469309 0.66202605
v 6.300384 8.286941 0.148807
vn -0.026245238 0.9958541 -0.0870975
v 6.3077083 8.166335 0.34704915
vn -0.10534971 0.6209284 0.7767557
v 7.467981 8.064145 0.49677667
vn 0.011230737 0.060059957 0.9981316
v 7.061731 8.047544 0.48115167
vn -0.048768498 -0.0112308515 0.99874693
v 6.7006836 8.031738 0.4584961
vn -0.08093725 0.050906237 0.99541837
v 6.270996 8.005371 -0.65283203
vn 0.043276384 0.82597464 0.56204367
v 5.997675 8.019139 -0.6496522
vn 0.024353571 0.7163245 0.6973423
v 5.9498234 8.064061 -0.8293397
vn 0.058170162 0.9758303 -0.21064548
v 6.2875977 7.8881836 -0.5805664
vn 0.00042725986 0.21173778 0.97732645
v 6.0157413 7.8770494 -0.59203506
vn 0.015015463 0.09381606 0.9954763
v 7.596983 8.101577 -0.5558592
vn 0.48819938 0.7548838 -0.43796322
v 7.425108 8.216323 -0.42011702
vn 0.16107883 0.9705013 -0.1793901
v 7.742491 8.002944 -0.40791
vn 0.987374 0.1013192 -0.121766135
v 6.954405 8.234878 -0.40107405
vn 0.0074466146 0.99986047 0.014954325
v 6.614746 8.220215 -0.39013672
vn -0.02862612 0.9959937 -0.08471867
v 6.623047 8.136719 -0.1665039
vn -0.0129401665 0.7734191 0.63376296
v 6.9797955 8.15187 -0.18427719
vn 0.0336939 0.80151176 0.59702903
v 5.6754093 8.030858 -0.6442811
vn 0.3490181 0.7638965 0.5428153
v 5.5862293 8.127518 -0.78515613
vn 0.3839265 0.88565546 -0.2611798
v 6.3062434 7.9900656 0.40417805
vn -0.086308256 -0.041261997 0.99541366
v 7.899133 8.222348 0.1583978
vn 0.68381596 0.72892344 -0.032655627
v 7.910852 8.107114 0.16816342
vn 0.97517174 -0.22125538 -0.009277481
v 3.9060535 7.6758575 0.034667965
vn -0.9951108 0.09009284 -0.040468525
v 4.238573 7.971756 -0.37158197
vn -0.58561766 0.7432839 -0.32338983
v 4.2146473 8.0230255 -0.055664033
vn -0.60024554 0.79904544 -0.03509667
v 4.20537 7.794998 -0.53369135
vn -0.717079 0.37166277 -0.5896308
v 4.6243153 7.9624786 -0.77148426
vn -0.39601228 0.5968872 -0.6977823
v 5.824798 8.136062 -0.0616422
vn 0.24598151 0.6546282 -0.7148112
v 5.921875 7.940918 -0.118652344
vn 0.3075156 0.52927107 -0.7907631
v 6.2754455 7.9663486 -0.11198932
vn -0.024353562 0.120180786 0.9924533
v 6.6430664 8.001953 -0.079589844
vn -0.026246237 0.09534098 0.9950986
v 6.997862 8.013198 -0.08710924
vn 0.060059555 0.022522273 0.99794066
v 7.360655 8.022475 -0.12421861
vn 0.08264441 0.26667157 0.96023756
v 7.571104 8.0263815 -0.1374022
vn 0.2327913 0.18396243 0.95496917
v 5.502733 8.239822 0.36865234
vn 0.23053755 0.9037779 0.36060786
v 5.661621 8.109375 0.3642578
vn 0.5337231 0.7541952 0.38253006
v 5.4753895 8.29451 0.13037111
vn -0.0021973879 0.9836972 0.17981961
v 6.320892 8.162917 -0.060665637
vn -0.024354042 0.52113986 -0.8531237
v 6.705078 8.17334 -0.063964844
vn -0.03277654 0.67787004 -0.7344508
v 7.07052 8.194028 -0.063281864
vn -0.01495387 0.7870008 -0.61677074
v 7.5631957 8.198911 -0.043750614
vn 0.05627843 0.76580167 -0.64060956
v 7.7746215 8.203794 0.032421254
vn 0.27387872 0.80295837 -0.5293848
v 7.84884 8.094419 -0.047656864
vn 0.7268982 0.018677581 -0.6864912
v 6.333099 7.985183 -0.12316564
vn 0.020630978 0.026246566 -0.99944264
v 6.5981445 8.010254 -0.11035156
vn 0.013428375 -0.043825332 -0.998949
v 7.0993285 8.04852 -0.14921936
vn -0.02252292 0.1764601 -0.9840501
v 7.492883 8.070004 -0.14384827
vn 0.04126244 -0.056277998 -0.9975621
v 7.7067504 8.085629 -0.12724671
vn 0.2739407 0.24397086 -0.9302874
v 4.437792 7.6324005 -0.7753905
vn -0.5272438 -0.0037232493 -0.8497059
v 4.710253 7.695877 -0.91259754
vn -0.30781695 0.10132389 -0.94603497
v 4.1960926 7.5977325 -0.5844726
vn -0.7641843 -0.2102727 -0.6097604
v 5.4524403 8.155838 -0.75634754
vn -0.03528042 0.86040276 -0.508392
v 5.544237 8.232498 -0.56640613
vn 0.2609381 0.8809635 -0.3947336
v 5.2341785 8.27742 -0.43164054
vn -0.08081512 0.96044236 -0.26649448
v 5.634081 8.071365 -0.6000976
vn 0.6900243 0.55635303 -0.46296626
v 5.7688465 7.8931427 -0.58837885
vn 0.69930977 0.6543248 0.2877931
v 5.851366 7.947342 0.34716797
vn -0.11267235 0.9657716 -0.2336455
v 5.7637267 8.06547 -0.54216504
vn 0.22687645 0.45149451 -0.8629483
v 5.6648426 8.224197 -0.5126952
vn 0.45051038 0.6704249 -0.58955145
v 4.6734657 7.184074 1.2423319
vn -0.9457118 -0.19135189 0.26270446
v 4.6993446 7.0497966 1.1192851
vn -0.7264358 -0.67320895 -0.1381333
v 4.588993 7.291984 1.0753398
vn -0.88072264 -0.3455382 0.32393056
v 4.7944336 6.8896484 1.3754883
vn -0.8127307 -0.57840306 -0.07013351
v 6.586841 7.8880134 -0.5859667
vn 0.03802576 0.0921651 0.9950174
v 7.6457157 7.9151015 0.6416393
vn 0.995024 0.07879867 0.060975887
v 7.5758915 7.846254 0.86478376
vn 0.8144967 -0.060000796 0.5770572
v 7.5202274 7.983461 0.8115611
vn 0.49659485 0.66212636 0.56123275
v 7.468958 8.027407 0.3481823
vn 0.3118373 0.38697365 -0.86776084
v 7.3376102 8.120179 0.46927604
vn 0.14679895 0.9375599 -0.3153277
v 7.2707157 8.044008 0.3374401
vn 0.03003084 0.2591076 -0.9653815
v 6.1508746 7.9376655 0.80910385
vn -0.048890628 0.5754566 0.81636965
v 6.1210895 7.7711616 0.8564671
vn -0.054385997 -0.1425878 0.98828685
v 5.662105 7.764814 0.8467015
vn 0.009521801 0.028626377 0.99954486
v 5.7499957 7.9200873 0.8022679
vn -0.03289879 0.5355971 0.8438326
v 5.512784 6.789711 2.0763113
vn 0.7665163 0.0822793 0.6369324
v 5.330167 7.024086 1.9200613
vn 0.17438477 0.76889205 0.6151382
v 5.544034 6.912758 1.9723074
vn 0.82889193 0.44545302 0.33839297
v 7.44845 7.8130507 0.9497447
vn 0.36805344 -0.16522735 0.9150064
v 7.5934696 7.980531 0.4180065
vn 0.71982384 0.2811421 -0.63467544
v 5.1435547 7.3164062 1.4946289
vn 0.24885045 0.8590437 0.44734484
v 5.2910156 7.279785 1.40625
vn 0.7665173 0.625336 0.14630848
v 5.3765535 7.1534805 1.5924246
vn 0.7447229 0.6640918 0.06610403
v 6.242304 8.048436 -0.85375375
vn -0.00073242915 0.97492415 -0.22253631
v 6.576587 8.0052 -0.6709276
vn 0.044191662 0.86509436 0.49965873
v 6.921314 7.8968024 -0.59524405
vn 0.12390291 0.34174 0.9315911
v 6.557544 8.044263 -0.8818651
vn 0.022156484 0.97580075 -0.2175363
v 6.9833255 7.984205 -0.7075487
vn 0.17237316 0.8994044 0.40169537
v 7.076587 7.899244 -0.6357714
vn 0.46517485 0.39015836 0.79459983
v 6.9955325 8.023267 -0.904326
vn 0.22553577 0.9512176 -0.2105203
v 7.130298 7.967115 -0.79690415
vn 0.5735728 0.8060049 0.14618573
v 7.171802 7.8885016 -0.72170883
vn 0.8225569 0.08258526 0.56265426
v 5.061161 7.437492 1.30825
vn 0.32838738 0.84819156 0.41561148
v 4.8643837 7.4506755 1.3678203
vn -0.028077517 0.7908092 0.6114185
v 5.0328407 7.5361247 1.1373515
vn 0.396194 0.66842085 0.6294791
v 4.8048134 7.5898356 1.2208476
vn -0.17254868 0.64527214 0.74421155
v 5.262333 7.3901286 1.1944804
vn 0.8592895 0.4966031 0.12250279
v 5.239872 7.4589763 1.0450664
vn 0.9178335 0.120245494 0.37831557
v 5.323534 7.622635 0.92285144
vn 0.54414725 0.123417296 0.8298626
v 5.214444 7.208168 1.6871512
vn 0.26654753 0.8485329 0.4571043
v 4.9942293 7.19059 1.7325613
vn -0.17988066 0.7533989 0.63248163
v 4.9155273 7.2924805 1.5664062
vn -0.35103098 0.69858277 0.6235058
v 4.8921785 7.0685196 1.7442801
vn -0.7039115 0.34163997 0.62272847
v 5.4878817 7.0367813 1.8004324
vn 0.8160277 0.5777932 -0.01593109
v 5.3311434 6.860512 2.077288
vn -0.03936974 0.43141896 0.9012922
v 5.0601473 6.958168 1.9591238
vn -0.43147224 0.46522573 0.77291447
v 5.0713778 6.7071915 2.054827
vn -0.4901486 0.10889471 0.86481
v 4.9356356 6.772133 1.8697683
vn -0.84662837 -0.0037232183 0.53217155
v 5.095792 6.541176 2.049944
vn -0.45473054 -0.7214041 0.5222991
v 4.9805574 6.564125 1.912737
vn -0.7278755 -0.65908587 0.18921703
v 5.3228426 6.6359024 2.1158621
vn 0.24635066 -0.5005142 0.8299379
v 6.473633 7.934082 0.8466797
vn -0.09546405 0.4850721 0.8692478
v 6.4785156 8.105469 0.63134766
vn -0.048648223 0.93512017 0.35097528
v 6.837122 7.9531875 0.87308455
vn -0.06824147 0.5976926 0.7988158
v 6.5389895 7.908521 -1.0669236
vn -0.0443736 0.62422127 -0.77998644
v 6.5375247 7.7722907 -1.119658
vn -0.056580663 -0.13598883 -0.98909336
v 6.886646 7.781568 -1.1430955
vn 0.0412615 -0.12390651 -0.99143565
v 6.229004 7.899414 -1.0463867
vn -0.06366131 0.5901641 -0.8047693
v 6.229004 7.76416 -1.0981445
vn -0.08996782 -0.10742426 -0.99013424
v 5.917597 7.9087877 -1.0095154
vn -0.07135403 0.48086149 -0.8738884
v 6.9608645 7.905103 -1.0737596
vn 0.108647525 0.6706238 -0.73379797
v 7.0492435 7.7996345 -1.1152635
vn 0.40573013 0.052555133 -0.91248065
v 7.119556 7.9246345 -0.99221665
vn 0.5483059 0.6647057 -0.50747126
v 7.156177 7.824537 -1.0332322
vn 0.77633065 -0.15375236 -0.6112863
v 7.204517 7.8626227 -0.87991196
vn 0.9898023 0.119940884 -0.07684761
v 4.650028 7.439445 1.226707
vn -0.7700997 0.1690105 0.61512756
v 4.5079384 7.482902 1.0382304
vn -0.8015738 0.0037233878 0.5978842
v 4.6055946 7.6435466 1.0753398
vn -0.5248657 0.4986193 0.68985134
v 4.4666004 7.7593536 0.8725585
vn -0.5873217 0.4913065 0.64317274
v 4.708622 7.3085856 1.3619609
vn -0.74167 0.35676575 0.5680175
v 6.1455035 7.9601264 0.3437719
vn -0.022522535 0.10138197 -0.9945926
v 6.1523395 8.079755 0.4140844
vn -0.03558493 0.75753784 -0.6518206
v 6.489258 7.9970703 0.32617188
vn -0.016784983 0.24475555 -0.9694395
v 6.4868164 8.085449 0.4189453
vn -0.019471342 0.9073401 -0.4199462
v 5.481249 7.999588 -0.9345702
vn -0.059876923 0.64381427 -0.7628355
v 5.5100574 8.296951 -0.34082025
vn 0.032715406 0.9845749 -0.17187788
v 5.2600574 8.311111 -0.1210937
vn -0.048584584 0.9987305 -0.0133057665
v 4.873827 8.275467 -0.11865229
vn -0.18799607 0.9815469 -0.03497453
v 5.1873035 8.285233 0.1875
vn -0.09436542 0.98094857 0.16980897
v 4.832323 8.2261505 0.24121094
vn -0.25746176 0.94713926 0.19141777
v 4.7703114 8.103592 0.58544916
vn -0.1599806 0.9072687 0.38893414
v 4.3953114 7.994705 0.56494135
vn -0.49527034 0.757982 0.42446512
v 4.6995106 7.9781036 0.80810535
vn -0.22163118 0.7768992 0.58932775
v 4.8101845 7.78173 1.0382304
vn -0.02624573 0.67616314 0.7362843
v 4.741211 7.091797 1.4897461
vn -0.94807416 -0.11535828 0.29639143
v 4.84921 6.787758 1.5450613
vn -0.75431556 -0.6344966 -0.16858876
v 4.7924805 7.2006836 1.5498047
vn -0.7551585 0.32026485 0.57198435
v 4.8282137 6.931801 1.6593192
vn -0.92510885 -0.071293704 0.37294897
v 4.9043856 6.6617813 1.7237723
vn -0.86492467 -0.50119233 0.026674073
v 6.8327274 8.11432 0.6592174
vn -0.039063416 0.9480202 0.31580335
v 7.3483524 8.126039 0.6953502
vn 0.18018535 0.9274783 0.32759312
v 7.3258915 7.9566054 0.8921275
vn 0.060060374 0.6274599 0.7763291
v 7.531458 8.0703745 0.53372914
vn 0.5564142 0.83089787 0.0034791636
v 6.8537235 8.110414 0.4341198
vn -0.021118868 0.95083725 -0.30897018
v 6.8659306 8.016176 0.32865104
vn -0.005737475 0.50776654 -0.86147565
v 7.2492313 7.795961 0.9653697
vn 0.003723359 -0.07880098 0.99688345
v 6.8454227 7.778871 0.9336314
vn -0.06451594 -0.3407077 0.93795305
v 6.470215 7.7700195 0.9013672
vn -0.08551402 -0.33753926 0.9374192
v 5.470703 7.959961 0.77001953
vn 0.06445394 0.58252686 0.8102519
v 4.349901 7.393631 0.70849603
vn -0.78458166 -0.45418328 0.42207727
v 4.3916016 7.5458984 0.8964844
vn -0.81748354 -0.08020409 0.5703402
v 4.4682617 7.364258 0.8955078
vn -0.7745824 -0.49606234 0.3923574
v 4.2014637 7.6499786 0.61181635
vn -0.8515338 0.124028094 0.50941867
v 5.602539 8.138184 0.59375
vn 0.22822808 0.8972251 0.37801993
v 5.7465777 8.110517 0.595725
vn 0.05334726 0.9027527 0.4268391
v 5.5913086 7.945801 0.7807617
vn 0.020142721 0.54605085 0.83750993
v 5.769527 8.068036 0.41506097
vn 0.1851908 0.9095345 -0.37209058
v 6.1474566 8.110517 0.6084203
vn -0.013122626 0.99219245 0.124024116
v 5.144823 8.149979 -0.69287103
vn -0.15448521 0.81466377 -0.55897874
v 4.76787 8.169022 -0.5170898
vn -0.27790496 0.9012835 -0.33235055
v 4.51787 8.164139 -0.105468705
vn -0.36885747 0.9287053 -0.038088154
v 4.2302723 7.9937286 0.26757812
vn -0.5901284 0.7705606 0.24080026
v 4.614872 7.196281 0.85658973
vn -0.50643396 -0.8601502 -0.06054994
v 5.081835 7.95076 -0.9003905
vn -0.16883262 0.49160445 -0.8542954
v 5.444824 7.756836 -1.0175781
vn -0.08923893 0.08142594 -0.99267626
v 4.201952 7.38826 0.4194335
vn -0.76079017 -0.5657095 0.3180742
v 4.419237 7.267166 0.62255853
vn -0.5592925 -0.7842179 0.2686898
v 5.108202 7.727127 -0.98535144
vn -0.1333066 -0.0712921 -0.9885074
v 5.2654285 7.8750763 0.8510741
vn 0.20636998 0.44521216 0.8713195
v 5.1646767 7.7202067 0.97719526
vn 0.31690684 0.49287793 0.8103341
v 5.470703 7.775879 0.8540039
vn 0.16382246 0.18323213 0.9693236
v 5.8980656 7.7627916 -1.053949
vn -0.08258263 -0.11633585 -0.98977077
o Joint_0_Object_18
g polygon_0
usemtl Material_6FF62752
f 1831/1025/1947 1833/1019/1949 1832/1024/1948
f 1834/1122/1950 1836/980/1952 1835/1127/1951
f 1837/1124/1953 1839/1125/1955 1838/1018/1954
f 1840/1089/1956 1842/920/1958 1841/1090/1957
f 1840/1089/1956 1841/1090/1957 1843/1017/1959
f 1844/1007/1960 1846/974/1962 1845/973/1961
f 1847/1109/1963 1849/1091/1965 1848/1093/1964
f 1850/1107/1966 1852/1092/1968 1851/1108/1967
f 1850/1107/1966 1853/1106/1969 1852/1092/1968
f 1854/1062/1970 1856/1074/1972 1855/1052/1971
f 1834/1122/1950 1857/1123/1973 1836/980/1952
f 1858/1010/1974 1860/1012/1976 1859/1101/1975
f 1857/1123/1973 1834/1122/1950 1861/1051/1977
f 1842/920/1958 1857/1123/1973 1861/1051/1977
f 1842/920/1958 1861/1051/1977 1862/1050/1978
f 1841/1090/1957 1842/920/1958 1862/1050/1978
f 1841/1090/1957 1862/1050/1978 1837/1124/1953
f 1843/1017/1959 1841/1090/1957 1837/1124/1953
f 1843/1017/1959 1837/1124/1953 1838/1018/1954
f 1860/1012/1976 1843/1017/1959 1838/1018/1954
f 1860/1012/1976 1838/1018/1954 1853/1106/1969
f 1859/1101/1975 1860/1012/1976 1853/1106/1969
f 1859/1101/1975 1853/1106/1969 1850/1107/1966
f 1863/975/1979 1865/976/1981 1864/1040/1980
f 1866/971/1982 1863/975/1979 1864/1040/1980
f 1866/971/1982 1864/1040/1980 1867/1116/1983
f 1868/1117/1984 1866/971/1982 1867/1116/1983
f 1868/1117/1984 1867/1116/1983 1869/1119/1985
f 1870/1120/1986 1868/1117/1984 1869/1119/1985
f 1871/970/1987 1863/975/1979 1866/971/1982
f 1872/972/1988 1871/970/1987 1866/971/1982
f 1872/972/1988 1866/971/1982 1873/1118/1989
f 1874/1027/1990 1876/1026/1992 1875/1029/1991
f 1877/1030/1993 1874/1027/1990 1875/1029/1991
f 1877/1030/1993 1875/1029/1991 1878/1031/1994
f 1849/1091/1965 1880/1054/1996 1879/1053/1995
f 1848/1093/1964 1849/1091/1965 1879/1053/1995
f 1848/1093/1964 1879/1053/1995 1881/1055/1997
f 1879/1053/1995 1880/1054/1996 1855/1052/1971
f 1881/1055/1997 1879/1053/1995 1855/1052/1971
f 1881/1055/1997 1855/1052/1971 1856/1074/1972
f 1854/1062/1970 1855/1052/1971 1880/1054/1996
f 1882/1063/1998 1854/1062/1970 1880/1054/1996
f 1882/1063/1998 1880/1054/1996 1852/1092/1968
f 1883/1102/1999 1882/1063/1998 1852/1092/1968
f 1883/1102/1999 1852/1092/1968 1853/1106/1969
f 1838/1018/1954 1883/1102/1999 1853/1106/1969
f 1852/1092/1968 1880/1054/1996 1849/1091/1965
f 1851/1108/1967 1852/1092/1968 1849/1091/1965
f 1851/1108/1967 1849/1091/1965 1847/1109/1963
f 1838/1018/1954 1839/1125/1955 1884/1103/2000
f 1883/1102/1999 1838/1018/1954 1884/1103/2000
f 1883/1102/1999 1884/1103/2000 1885/1064/2001
f 1882/1063/1998 1883/1102/1999 1885/1064/2001
f 1882/1063/1998 1885/1064/2001 1854/1062/1970
f 1876/1026/1992 1887/1085/2003 1886/1015/2002
f 1875/1029/1991 1876/1026/1992 1886/1015/2002
f 1875/1029/1991 1886/1015/2002 1878/1031/1994
f 1870/1120/1986 1888/1121/2004 1873/1118/1989
f 1868/1117/1984 1870/1120/1986 1873/1118/1989
f 1868/1117/1984 1873/1118/1989 1866/971/1982
f 1844/1007/1960 1890/1009/2006 1889/1006/2005
f 1846/974/1962 1844/1007/1960 1889/1006/2005
f 1846/974/1962 1889/1006/2005 1865/976/1981
f 1891/958/2007 1893/930/2009 1892/932/2008
f 1894/955/2010 1891/958/2007 1892/932/2008
f 1894/955/2010 1892/932/2008 1895/977/2011
f 1846/974/1962 1865/976/1981 1863/975/1979
f 1845/973/1961 1846/974/1962 1863/975/1979
f 1845/973/1961 1863/975/1979 1871/970/1987
f 1861/1051/1977 1834/1122/1950 1896/1100/2012
f 1862/1050/1978 1861/1051/1977 1896/1100/2012
f 1862/1050/1978 1896/1100/2012 1897/1115/2013
f 1837/1124/1953 1862/1050/1978 1897/1115/2013
f 1837/1124/1953 1897/1115/2013 1898/1126/2014
f 1839/1125/1955 1837/1124/1953 1898/1126/2014
f 1839/1125/1955 1898/1126/2014 1899/1104/2015
f 1884/1103/2000 1839/1125/1955 1899/1104/2015
f 1884/1103/2000 1899/1104/2015 1900/1105/2016
f 1885/1064/2001 1884/1103/2000 1900/1105/2016
f 1885/1064/2001 1900/1105/2016 1901/1072/2017
f 1854/1062/1970 1885/1064/2001 1901/1072/2017
f 1854/1062/1970 1901/1072/2017 1902/1073/2018
f 1856/1074/1972 1854/1062/1970 1902/1073/2018
f 1903/979/2019 1904/1131/2020 1836/980/1952
f 1905/978/2021 1903/979/2019 1836/980/1952
f 1905/978/2021 1836/980/1952 1857/1123/1973
f 1842/920/1958 1905/978/2021 1857/1123/1973
f 1906/1113/2022 1896/1100/2012 1869/1119/1985
f 1907/1111/2023 1906/1113/2022 1869/1119/1985
f 1907/1111/2023 1869/1119/1985 1867/1116/1983
f 1908/1110/2024 1907/1111/2023 1867/1116/1983
f 1908/1110/2024 1867/1116/1983 1864/1040/1980
f 1909/949/2025 1908/1110/2024 1864/1040/1980
f 1909/949/2025 1864/1040/1980 1865/976/1981
f 1910/1005/2026 1909/949/2025 1865/976/1981
f 1910/1005/2026 1865/976/1981 1889/1006/2005
f 1911/1008/2027 1910/1005/2026 1889/1006/2005
f 1911/1008/2027 1889/1006/2005 1890/1009/2006
f 1897/1115/2013 1896/1100/2012 1906/1113/2022
f 1912/1114/2028 1897/1115/2013 1906/1113/2022
f 1912/1114/2028 1906/1113/2022 1913/1112/2029
f 1913/1112/2029 1906/1113/2022 1907/1111/2023
f 1914/948/2030 1913/1112/2029 1907/1111/2023
f 1914/948/2030 1907/1111/2023 1908/1110/2024
f 1909/949/2025 1914/948/2030 1908/1110/2024
f 1915/947/2031 1914/948/2030 1909/949/2025
f 1916/953/2032 1915/947/2031 1909/949/2025
f 1916/953/2032 1909/949/2025 1910/1005/2026
f 1911/1008/2027 1916/953/2032 1910/1005/2026
f 1895/977/2011 1918/961/2034 1917/956/2033
f 1894/955/2010 1895/977/2011 1917/956/2033
f 1894/955/2010 1917/956/2033 1919/954/2035
f 1891/958/2007 1894/955/2010 1919/954/2035
f 1920/1083/2036 1922/933/2038 1921/1084/2037
f 1887/1085/2003 1920/1083/2036 1921/1084/2037
f 1887/1085/2003 1921/1084/2037 1923/1014/2039
f 1886/1015/2002 1887/1085/2003 1923/1014/2039
f 1886/1015/2002 1923/1014/2039 1924/1013/2040
f 1878/1031/1994 1886/1015/2002 1924/1013/2040
f 1869/1119/1985 1896/1100/2012 1834/1122/1950
f 1870/1120/1986 1869/1119/1985 1834/1122/1950
f 1870/1120/1986 1834/1122/1950 1835/1127/1951
f 1888/1121/2004 1870/1120/1986 1835/1127/1951
f 1888/1121/2004 1835/1127/1951 1925/1079/2041
f 1923/1014/2039 1927/1016/2043 1926/1011/2042
f 1924/1013/2040 1923/1014/2039 1926/1011/2042
f 1924/1013/2040 1926/1011/2042 1858/1010/1974
f 1860/1012/1976 1858/1010/1974 1926/1011/2042
f 1843/1017/1959 1860/1012/1976 1926/1011/2042
f 1843/1017/1959 1926/1011/2042 1927/1016/2043
f 1840/1089/1956 1843/1017/1959 1927/1016/2043
f 1928/937/2044 1930/997/2046 1929/940/2045
f 1928/937/2044 1929/940/2045 1931/935/2047
f 1932/1048/2048 1874/1027/1990 1877/1030/1993
f 1933/925/2049 1935/927/2051 1934/929/2050
f 1936/1033/2052 1938/1034/2054 1937/926/2053
f 1939/1047/2055 1941/1095/2057 1940/1096/2056
f 1941/1095/2057 1939/1047/2055 1942/1046/2058
f 1943/965/2059 1945/963/2061 1944/964/2060
f 1935/927/2051 1946/928/2062 1934/929/2050
f 1936/1033/2052 1937/926/2053 1947/923/2063
f 1948/952/2064 1950/950/2066 1949/951/2065
f 1951/1028/2067 1876/1026/1992 1874/1027/1990
f 1952/1065/2068 1951/1028/2067 1874/1027/1990
f 1952/1065/2068 1874/1027/1990 1932/1048/2048
f 1953/1069/2069 1952/1065/2068 1932/1048/2048
f 1954/1066/2070 1951/1028/2067 1952/1065/2068
f 1955/1067/2071 1954/1066/2070 1952/1065/2068
f 1955/1067/2071 1952/1065/2068 1953/1069/2069
f 1956/1081/2072 1955/1067/2071 1953/1069/2069
f 1957/1056/2073 1954/1066/2070 1955/1067/2071
f 1958/1061/2074 1957/1056/2073 1955/1067/2071
f 1958/1061/2074 1955/1067/2071 1956/1081/2072
f 1959/1059/2075 1958/1061/2074 1956/1081/2072
f 1948/952/2064 1949/951/2065 1960/1043/2076
f 1961/984/2077 1948/952/2064 1960/1043/2076
f 1961/984/2077 1960/1043/2076 1962/1042/2078
f 1963/986/2079 1961/984/2077 1962/1042/2078
f 1960/1043/2076 1949/951/2065 1964/1044/2080
f 1962/1042/2078 1960/1043/2076 1964/1044/2080
f 1962/1042/2078 1964/1044/2080 1965/1136/2081
f 1966/1135/2082 1962/1042/2078 1965/1136/2081
f 1967/981/2083 1950/950/2066 1948/952/2064
f 1968/982/2084 1967/981/2083 1948/952/2064
f 1968/982/2084 1948/952/2064 1969/983/2085
f 1970/1039/2086 1968/982/2084 1969/983/2085
f 1950/950/2066 1967/981/2083 1944/964/2060
f 1971/1032/2087 1950/950/2066 1944/964/2060
f 1971/1032/2087 1944/964/2060 1945/963/2061
f 1972/966/2088 1944/964/2060 1973/967/2089
f 1974/968/2090 1972/966/2088 1973/967/2089
f 1974/968/2090 1973/967/2089 1975/946/2091
f 1976/945/2092 1974/968/2090 1975/946/2091
f 1976/945/2092 1975/946/2091 1977/944/2093
f 1943/965/2059 1944/964/2060 1972/966/2088
f 1978/969/2094 1943/965/2059 1972/966/2088
f 1978/969/2094 1972/966/2088 1974/968/2090
f 1976/945/2092 1978/969/2094 1974/968/2090
f 1939/1047/2055 1940/1096/2056 1979/1097/2095
f 1980/1049/2096 1939/1047/2055 1979/1097/2095
f 1980/1049/2096 1979/1097/2095 1981/1000/2097
f 1982/1070/2098 1984/1071/2100 1983/1080/2099
f 1985/918/2101 1982/1070/2098 1983/1080/2099
f 1985/918/2101 1983/1080/2099 1986/919/2102
f 1987/917/2103 1985/918/2101 1986/919/2102
f 1984/1071/2100 1982/1070/2098 1988/1058/2104
f 1989/1088/2105 1984/1071/2100 1988/1058/2104
f 1989/1088/2105 1988/1058/2104 1990/1057/2106
f 1991/1068/2107 1989/1088/2105 1990/1057/2106
f 1991/1068/2107 1990/1057/2106 1992/1060/2108
f 1930/997/2046 1928/937/2044 1993/987/2109
f 1994/989/2110 1930/997/2046 1993/987/2109
f 1994/989/2110 1993/987/2109 1995/988/2111
f 1996/990/2112 1994/989/2110 1995/988/2111
f 1969/983/2085 1948/952/2064 1961/984/2077
f 1997/985/2113 1969/983/2085 1961/984/2077
f 1997/985/2113 1961/984/2077 1963/986/2079
f 1998/1078/2114 1925/1079/2041 1999/1077/2115
f 2000/1076/2116 1998/1078/2114 1999/1077/2115
f 2000/1076/2116 1999/1077/2115 2001/1075/2117
f 1944/964/2060 1967/981/2083 1968/982/2084
f 1973/967/2089 1944/964/2060 1968/982/2084
f 1973/967/2089 1968/982/2084 1970/1039/2086
f 1975/946/2091 1973/967/2089 1970/1039/2086
f 1987/917/2103 2002/1086/2118 1876/1026/1992
f 1985/918/2101 1987/917/2103 1876/1026/1992
f 1985/918/2101 1876/1026/1992 1951/1028/2067
f 1982/1070/2098 1985/918/2101 1951/1028/2067
f 1982/1070/2098 1951/1028/2067 1954/1066/2070
f 1988/1058/2104 1982/1070/2098 1954/1066/2070
f 1988/1058/2104 1954/1066/2070 1957/1056/2073
f 1990/1057/2106 1988/1058/2104 1957/1056/2073
f 1990/1057/2106 1957/1056/2073 1958/1061/2074
f 1992/1060/2108 1990/1057/2106 1958/1061/2074
f 1992/1060/2108 1958/1061/2074 1959/1059/2075
f 2003/921/2119 1921/1084/2037 1922/933/2038
f 2004/922/2120 2003/921/2119 1922/933/2038
f 2004/922/2120 1922/933/2038 2005/995/2121
f 2006/1020/2122 2004/922/2120 2005/995/2121
f 2006/1020/2122 2005/995/2121 2007/1022/2123
f 2008/1021/2124 2006/1020/2122 2007/1022/2123
f 2008/1021/2124 2007/1022/2123 2009/1037/2125
f 2010/1035/2126 2008/1021/2124 2009/1037/2125
f 2010/1035/2126 2009/1037/2125 1996/990/2112
f 2011/1036/2127 2010/1035/2126 1996/990/2112
f 2011/1036/2127 1996/990/2112 1995/988/2111
f 1963/986/2079 2011/1036/2127 1995/988/2111
f 1963/986/2079 1995/988/2111 1993/987/2109
f 1997/985/2113 1963/986/2079 1993/987/2109
f 1997/985/2113 1993/987/2109 1928/937/2044
f 2012/936/2128 1997/985/2113 1928/937/2044
f 2012/936/2128 1928/937/2044 1931/935/2047
f 2013/943/2129 2012/936/2128 1931/935/2047
f 1927/1016/2043 1923/1014/2039 1921/1084/2037
f 1840/1089/1956 1927/1016/2043 1921/1084/2037
f 1840/1089/1956 1921/1084/2037 2003/921/2119
f 1842/920/1958 1840/1089/1956 2003/921/2119
f 1842/920/1958 2003/921/2119 2004/922/2120
f 1905/978/2021 1842/920/1958 2004/922/2120
f 1905/978/2021 2004/922/2120 2006/1020/2122
f 1833/1019/1949 1905/978/2021 2006/1020/2122
f 1833/1019/1949 2006/1020/2122 2008/1021/2124
f 1832/1024/1948 1833/1019/1949 2008/1021/2124
f 1832/1024/1948 2008/1021/2124 2010/1035/2126
f 2011/1036/2127 1832/1024/1948 2010/1035/2126
f 2014/996/2130 1997/985/2113 2012/936/2128
f 2015/942/2131 2014/996/2130 2012/936/2128
f 2015/942/2131 2012/936/2128 2013/943/2129
f 2016/941/2132 2015/942/2131 2013/943/2129
f 1969/983/2085 1997/985/2113 2014/996/2130
f 1970/1039/2086 1969/983/2085 2014/996/2130
f 1970/1039/2086 2014/996/2130 2015/942/2131
f 1975/946/2091 1970/1039/2086 2015/942/2131
f 1975/946/2091 2015/942/2131 2016/941/2132
f 1977/944/2093 1975/946/2091 2016/941/2132
f 2017/1002/2133 2019/1001/2135 2018/1004/2134
f 1937/926/2053 2017/1002/2133 2018/1004/2134
f 1937/926/2053 2018/1004/2134 2020/924/2136
f 1947/923/2063 1937/926/2053 2020/924/2136
f 1981/1000/2097 2019/1001/2135 2017/1002/2133
f 1980/1049/2096 1981/1000/2097 2017/1002/2133
f 1980/1049/2096 2017/1002/2133 2021/939/2137
f 2001/1075/2117 1980/1049/2096 2021/939/2137
f 2001/1075/2117 2021/939/2137 2022/938/2138
f 2000/1076/2116 2001/1075/2117 2022/938/2138
f 1946/928/2062 1935/927/2051 2019/1001/2135
f 2023/1003/2139 1946/928/2062 2019/1001/2135
f 2023/1003/2139 2019/1001/2135 1981/1000/2097
f 2024/1099/2140 2023/1003/2139 1981/1000/2097
f 2024/1099/2140 1981/1000/2097 1979/1097/2095
f 2025/1098/2141 2024/1099/2140 1979/1097/2095
f 2025/1098/2141 1979/1097/2095 1940/1096/2056
f 2018/1004/2134 2019/1001/2135 1935/927/2051
f 2020/924/2136 2018/1004/2134 1935/927/2051
f 2020/924/2136 1935/927/2051 1933/925/2049
f 1947/923/2063 2020/924/2136 1933/925/2049
f 2021/939/2137 2017/1002/2133 1937/926/2053
f 2022/938/2138 2021/939/2137 1937/926/2053
f 2022/938/2138 1937/926/2053 1938/1034/2054
f 2026/1133/2142 1831/1025/1947 1832/1024/1948
f 2027/992/2143 2029/999/2145 2028/991/2144
f 2030/957/2146 2027/992/2143 2028/991/2144
f 2031/1129/2147 2033/1094/2149 2032/1045/2148
f 1904/1131/2020 1903/979/2019 2031/1129/2147
f 2034/1130/2150 1904/1131/2020 2031/1129/2147
f 2034/1130/2150 2031/1129/2147 2032/1045/2148
f 2035/1132/2151 2034/1130/2150 2032/1045/2148
f 1835/1127/1951 1836/980/1952 1904/1131/2020
f 1925/1079/2041 1835/1127/1951 1904/1131/2020
f 1925/1079/2041 1904/1131/2020 2034/1130/2150
f 1999/1077/2115 1925/1079/2041 2034/1130/2150
f 1999/1077/2115 2034/1130/2150 2035/1132/2151
f 2001/1075/2117 1999/1077/2115 2035/1132/2151
f 1887/1085/2003 1876/1026/1992 2002/1086/2118
f 1920/1083/2036 1887/1085/2003 2002/1086/2118
f 1920/1083/2036 2002/1086/2118 2036/1023/2152
f 1922/933/2038 1920/1083/2036 2036/1023/2152
f 1922/933/2038 2036/1023/2152 2037/994/2153
f 2005/995/2121 1922/933/2038 2037/994/2153
f 2005/995/2121 2037/994/2153 2038/931/2154
f 2007/1022/2123 2005/995/2121 2038/931/2154
f 2007/1022/2123 2038/931/2154 2039/1038/2155
f 2009/1037/2125 2007/1022/2123 2039/1038/2155
f 2009/1037/2125 2039/1038/2155 2030/957/2146
f 1996/990/2112 2009/1037/2125 2030/957/2146
f 1996/990/2112 2030/957/2146 2028/991/2144
f 1994/989/2110 1996/990/2112 2028/991/2144
f 1994/989/2110 2028/991/2144 2029/999/2145
f 1930/997/2046 1994/989/2110 2029/999/2145
f 1930/997/2046 2029/999/2145 2040/998/2156
f 1929/940/2045 1930/997/2046 2040/998/2156
f 2002/1086/2118 2042/1087/2158 2041/962/2157
f 2036/1023/2152 2002/1086/2118 2041/962/2157
f 2036/1023/2152 2041/962/2157 1895/977/2011
f 2037/994/2153 2036/1023/2152 1895/977/2011
f 2037/994/2153 1895/977/2011 1892/932/2008
f 2038/931/2154 2037/994/2153 1892/932/2008
f 2038/931/2154 1892/932/2008 1893/930/2009
f 2039/1038/2155 2038/931/2154 1893/930/2009
f 2039/1038/2155 1893/930/2009 1891/958/2007
f 2030/957/2146 2039/1038/2155 1891/958/2007
f 2030/957/2146 1891/958/2007 2043/959/2159
f 2027/992/2143 2030/957/2146 2043/959/2159
f 2027/992/2143 2043/959/2159 2044/993/2160
f 2029/999/2145 2027/992/2143 2044/993/2160
f 2029/999/2145 2044/993/2160 2040/998/2156
f 1918/961/2034 1895/977/2011 2041/962/2157
f 2045/960/2161 1918/961/2034 2041/962/2157
f 2045/960/2161 2041/962/2157 2042/1087/2158
f 2046/1134/2162 2026/1133/2142 1832/1024/1948
f 2047/1041/2163 2046/1134/2162 1832/1024/1948
f 2047/1041/2163 1832/1024/1948 2011/1036/2127
f 2048/1128/2164 1941/1095/2057 2033/1094/2149
f 2026/1133/2142 2048/1128/2164 2033/1094/2149
f 2026/1133/2142 2033/1094/2149 2031/1129/2147
f 1831/1025/1947 2026/1133/2142 2031/1129/2147
f 1831/1025/1947 2031/1129/2147 1903/979/2019
f 1833/1019/1949 1831/1025/1947 1903/979/2019
f 1833/1019/1949 1903/979/2019 1905/978/2021
f 2033/1094/2149 1941/1095/2057 1942/1046/2058
f 2032/1045/2148 2033/1094/2149 1942/1046/2058
f 2032/1045/2148 1942/1046/2058 1939/1047/2055
f 2035/1132/2151 2032/1045/2148 1939/1047/2055
f 2035/1132/2151 1939/1047/2055 1980/1049/2096
f 2001/1075/2117 2035/1132/2151 1980/1049/2096
f 2048/1128/2164 2026/1133/2142 2046/1134/2162
f 1966/1135/2082 2048/1128/2164 2046/1134/2162
f 1966/1135/2082 2046/1134/2162 2047/1041/2163
f 1962/1042/2078 1966/1135/2082 2047/1041/2163
f 1962/1042/2078 2047/1041/2163 2011/1036/2127
f 1963/986/2079 1962/1042/2078 2011/1036/2127
f 2042/1087/2158 2002/1086/2118 1987/917/2103
f 2049/934/2165 2042/1087/2158 1987/917/2103
f 2049/934/2165 1987/917/2103 1986/919/2102
v 7.612608 7.831069 -0.5275389
vn 0.6114916 -0.7128168 -0.34346807
v 7.4207134 7.8090963 -0.5788084
vn 0.16535422 -0.72532445 -0.66825324
v 7.463194 7.7172995 -0.3878905
vn 0.2665571 -0.94988805 0.16327912
v 5.4006824 7.3946075 -0.5195312
vn 0.24921806 -0.96696347 -0.053591393
v 5.4490223 7.3648224 -0.13232422
vn 0.2870611 -0.95701265 -0.041505802
v 5.6545887 7.4434357 -0.29687497
vn 0.3897239 -0.92081034 -0.01495422
v 5.073534 7.2832794 -0.17724611
vn 0.14295338 -0.98962545 -0.014344226
v 4.2063465 7.2715607 0.040039036
vn -0.51754564 -0.85502756 -0.032777738
v 4.4407215 7.2368927 -0.074218765
vn -0.054445606 -0.9879557 -0.14484245
v 4.467577 7.2871857 -0.47167966
vn -0.19348936 -0.95456773 -0.22663283
v 5.991754 7.7598057 -0.11345418
vn 0.5148422 -0.7587436 0.399056
vn 0.30745038 0.52932495 -0.7907524
v 6.159759 7.7835226 -0.09533362
vn 0.109259 -0.5838336 -0.804488
v 6.130462 7.659011 0.15515462
vn 0.29872036 -0.95433027 -0.0044558365
v 6.3326106 7.69905 0.14880696
vn 0.108831465 -0.9724026 -0.20637086
v 4.7234364 7.473221 -0.8530272
vn -0.19563355 -0.50785357 -0.8389352
v 4.7498035 7.2647247 -0.5927734
vn -0.080628514 -0.95277137 -0.29278958
v 5.115038 7.3159943 -0.6918945
vn 0.11237298 -0.91784483 -0.38070086
v 4.465624 7.4278107 -0.7167968
vn -0.42995295 -0.6308295 -0.64590603
v 4.2375965 7.3335724 -0.33447266
vn -0.6206362 -0.704991 -0.3432177
v 6.6313477 7.6533203 -0.3540039
vn 0.011841511 -0.9997532 -0.018799925
v 6.314508 7.661173 -0.34001666
vn 0.141001 -0.9741886 0.17628169
v 6.6621094 7.811035 -0.15820312
vn 0.033203747 -0.6068229 0.79414326
v 6.1870666 7.7695713 -0.5685322
vn 0.07141414 -0.6582308 -0.7494213
v 6.017633 7.6201572 -0.43816116
vn 0.3535374 -0.84477854 -0.40169713
v 5.830078 7.6938477 -0.5751953
vn 0.6790928 -0.58833146 -0.438975
v 5.765625 7.522949 -0.57373047
vn 0.63938046 -0.75303453 -0.1553435
v 5.810175 7.530858 -0.71410537
vn 0.41816518 -0.81850743 0.39393336
v 5.606737 7.4409943 -0.6152343
vn 0.3538903 -0.9340432 -0.048218973
v 6.240289 7.805704 -0.14079793
vn 0.114505164 -0.518203 0.8475578
v 6.0728087 7.628458 -0.26433307
vn 0.34878457 -0.8575558 0.37808383
v 5.796875 7.51709 -0.37939453
vn 0.42495 -0.9048957 -0.024110205
v 5.8481445 7.569336 -0.040039062
vn 0.540074 -0.8402033 0.048770245
v 5.613573 7.428299 0.058593728
vn 0.44002226 -0.8972571 0.036195423
v 5.382128 7.343338 0.2768554
vn 0.2833943 -0.95815706 0.04028429
v 6.074335 7.725194 -0.61058974
vn 0.079898275 -0.5121058 0.8551982
v 5.8804874 7.70078 -0.59984756
vn 0.21143384 -0.25599125 0.9432732
v 7.0720806 7.8037252 -0.18427722
vn 0.078982554 -0.6883812 0.72103614
v 7.4382915 7.848647 -0.20332018
vn 0.1799999 -0.5475684 0.81717134
vn 0.69925064 0.6543877 0.28779387
v 4.4211903 7.194412 0.41015616
vn -0.324788 -0.9387172 0.11542449
v 7.642393 7.856948 -0.2653319
vn 0.6334055 -0.6858383 0.35836208
v 6.645508 7.784668 -0.56152344
vn -0.009155349 -0.6565606 -0.7542177
v 7.0940533 7.673354 -0.37373033
vn 0.07886114 -0.9955913 -0.050783698
v 7.0559673 7.7714987 -0.5646483
vn 0.007446632 -0.7239712 -0.68979007
v 7.792688 7.912778 0.0358392
vn 0.6698527 -0.6585602 -0.34292257
v 7.7941527 7.9186373 0.31708917
vn 0.68029845 -0.64269733 0.35232678
v 7.1288333 7.6970954 -0.9516893
vn 0.7405824 -0.6277829 -0.23963791
v 5.6606445 7.645996 0.79541016
vn 0.116151035 -0.6563175 0.7454907
v 7.581262 7.8873873 -0.037891254
vn 0.19134916 -0.6829363 -0.7049706
v 6.993091 7.7385993 -0.66067374
vn 0.28143767 -0.4878619 0.82630724
v 7.6149535 7.7643404 0.18134698
vn 0.2520206 -0.9630982 0.09448476
v 7.563684 7.884946 0.3986321
vn 0.21754026 -0.62649643 0.7484507
v 7.160852 7.854184 0.37372977
vn 0.007507718 -0.6987061 0.71536946
v 6.3169856 7.7454367 0.31628743
vn 0.06939914 -0.77687967 0.6258129
v 5.857906 7.7623725 0.35842034
vn 0.51798093 -0.85308754 0.062748514
v 5.7768555 7.524414 0.1381836
vn 0.52872753 -0.83295035 0.16322066
v 5.5066395 7.4151154 0.43066397
vn 0.43728054 -0.8908583 0.123114794
v 6.970142 7.659986 -1.0278611
vn 0.27759823 -0.7840256 -0.55519646
v 6.3065677 7.6975837 -0.6255175
vn 0.014648621 -0.3866015 0.9221306
v 5.488573 7.626541 0.8139647
vn 0.36030093 -0.38117555 0.85140383
v 5.5200195 7.507324 0.69628906
vn 0.4138374 -0.7574201 0.5050281
v 5.3381824 7.466385 0.8618163
vn 0.74144053 -0.43710014 0.5091261
v 5.3137684 7.363846 0.699707
vn 0.57205987 -0.7983322 0.18818393
vn 0.5441043 0.12342139 0.82989013
v 6.2767825 7.5257087 -0.7925097
vn -0.0041505694 -0.9557906 0.29401892
v 6.69231 7.546705 -0.8008104
vn 0.12256245 -0.97152704 0.20276508
v 6.635669 7.6101813 -0.99514633
vn 0.01971477 -0.81270003 -0.5823487
v 6.6659427 7.6868415 -0.6479784
vn 0.0692152 -0.5569565 0.8276525
v 5.7620106 7.542557 0.34130856
vn 0.7011298 -0.703266 0.11761786
v 5.7895465 7.5904975 0.4497289
vn 0.49685085 -0.7824484 -0.37538484
v 5.6240234 7.494629 0.49804688
vn 0.45326796 -0.88456225 0.10999042
v 6.0009723 7.5992866 0.5952367
vn 0.15753807 -0.9865508 0.043580793
v 6.1020465 7.7623725 0.3593969
vn 0.0582898 -0.537853 -0.84102106
v 7.0179935 7.6033454 -0.8266893
vn 0.40596652 -0.89836335 0.1677335
v 7.140064 7.7410407 -0.74954087
vn 0.76065767 -0.5096076 0.40211937
v 5.46953 7.417557 -0.7968749
vn 0.14991143 -0.8990412 -0.4114019
v 5.7257023 7.5127916 -0.8835389
vn 0.16126454 -0.90532756 -0.39290684
v 6.001093 7.545018 -0.7873475
vn 0.08636857 -0.99522215 0.04553418
v 7.1847777 7.8566256 -0.036426425
vn 0.030091641 -0.61697006 -0.7864111
v 7.2087035 7.7467623 0.16913995
vn 0.059998877 -0.97890323 -0.19531682
v 6.2626953 7.617676 -1.0009766
vn -0.037172955 -0.7747722 -0.6311467
vn -0.056702342 -0.1359879 -0.9890865
v 6.004999 7.63828 -1.0026795
vn 0.0130622275 -0.69711995 -0.7168355
v 7.328333 7.668031 0.8169322
vn 0.13116854 -0.88082504 0.45490876
v 5.4961824 6.6915665 1.8614675
vn 0.77476513 -0.6318123 -0.02349996
v 5.2188387 6.5196915 1.8448659
vn 0.19752413 -0.97089565 -0.1354469
v 5.25253 6.7491837 1.4337332
vn 0.4506443 -0.63845843 -0.62393147
v 5.3418856 6.640297 1.5797293
vn 0.5515898 -0.68294096 -0.47889492
v 5.4961824 6.843422 1.6930106
vn 0.9275685 -0.13891856 -0.3468692
v 6.4521484 7.5825195 0.55078125
vn -0.0014648548 -0.97095454 -0.23925962
v 6.476074 7.650879 0.7675781
vn -0.030458113 -0.86234915 0.50539714
v 6.906458 7.634828 0.7832408
vn -0.0026855802 -0.909435 0.41583756
v 5.2749023 7.0600586 1.2807617
vn 0.9109398 -0.14026667 -0.38796124
v 5.231571 7.253898 1.0436015
vn 0.9699358 -0.15924498 -0.18402596
v 5.13538 7.0395427 1.0094218
vn 0.592256 -0.63547117 -0.49538797
v 5.3853426 6.947426 1.495745
vn 0.88227236 0.0075079487 -0.4706795
v 6.0483356 7.6637397 0.7719945
vn 0 -0.7970682 0.6038894
v 7.347376 7.834047 0.38529167
vn 0.15790272 -0.40980232 -0.89840347
v 6.925501 7.783754 0.38773307
vn 0.038880788 -0.4359286 -0.899141
v 4.7307606 7.288162 -0.15087892
vn 0.07703011 -0.99241865 -0.095768854
v 5.0969715 7.2954865 0.20068355
vn 0.23474775 -0.9692652 -0.07361051
v 5.25078 7.32576 0.5327148
vn 0.37844342 -0.9255382 -0.01263518
v 4.8015614 7.1670685 0.27343744
vn 0.10425314 -0.98881775 -0.10663368
v 4.652832 7.199707 0.63134766
vn -0.119079925 -0.9912748 0.056518715
v 4.934374 7.187088 0.5537109
vn 0.2159484 -0.97500265 -0.05230864
v 4.8765907 7.182121 0.7813945
vn 0.0012817844 -0.95132804 -0.30817762
v 5.135742 7.2353516 0.7368164
vn 0.4920368 -0.8535108 -0.17152008
v 5.241825 7.338371 0.9186015
vn 0.88940334 -0.45376593 0.055301555
v 4.9058876 6.993156 1.0562968
vn -0.14465575 -0.8418108 -0.52002823
v 5.165039 6.850586 1.262207
vn 0.29707968 -0.7427297 -0.6000802
v 4.95166 6.8481445 1.2836914
vn -0.31092647 -0.8339592 -0.4558912
v 5.033292 6.7071915 1.4649832
vn -0.18768981 -0.83334255 -0.519916
v 5.092862 6.586586 1.6383231
vn -0.2268753 -0.9114685 -0.3431512
v 7.3625126 7.6299453 0.56693226
vn 0.23328428 -0.8880915 -0.39607057
v 6.9313602 7.60016 0.56449085
vn 0.054323643 -0.9475507 -0.3149551
v 7.5241337 7.7105117 0.74320173
vn 0.63236225 -0.7528528 0.18256707
v 7.5343876 7.799867 0.45609242
vn 0.6238781 -0.5825547 -0.5209666
v 6.3448176 7.7952414 -0.085567996
vn 0.10333792 -0.552519 -0.8270695
v 6.7612305 7.848633 -0.053222656
vn 0.079718456 -0.71581805 -0.6937215
v 6.493164 7.770508 0.3725586
vn 0.03424275 -0.4488791 -0.89293617
v 6.736328 7.706543 0.15673828
vn 0.062135465 -0.98733133 0.14600004
v 6.7373047 7.8515625 0.37158203
vn 0.0041504405 -0.59778553 0.8016454
v 5.735956 7.6167955 -0.99682015
vn -0.01513736 -0.49416146 -0.8692384
v 5.429199 7.6030273 -0.98046875
vn -0.03174023 -0.49984756 -0.8655316
v 5.0886707 7.5440216 -0.92480457
vn -0.046938162 -0.5601449 -0.8270638
o Joint_0_Object_19
g polygon_0
usemtl Material_89BBED2D
f 2050/1211/2166 2052/1207/2168 2051/1206/2167
f 2053/1196/2169 2055/1247/2171 2054/1197/2170
f 2053/1196/2169 2054/1197/2170 2056/1137/2172
f 2057/1161/2173 2059/1160/2175 2058/1185/2174
f 1898/1126/2014 1897/1115/2177 2060/1221/2176
f 2061/1150/2178 2063/1148/2180 2062/1149/2179
f 2064/1141/2181 2066/1139/2183 2065/1138/2182
f 2067/1189/2184 2064/1141/2181 2065/1138/2182
f 2067/1189/2184 2065/1138/2182 2059/1160/2175
f 2068/1159/2185 2067/1189/2184 2059/1160/2175
f 2068/1159/2185 2059/1160/2175 2057/1161/2173
f 1891/958/2007 2068/1159/2185 2057/1161/2173
f 1891/958/2007 2057/1161/2173 2043/959/2159
f 2069/1215/2186 2071/1217/2188 2070/1218/2187
f 2072/1202/2189 2069/1215/2186 2070/1218/2187
f 2072/1202/2189 2070/1218/2187 2073/1252/2190
f 2074/1249/2191 2072/1202/2189 2073/1252/2190
f 2074/1249/2191 2073/1252/2190 2075/1251/2192
f 2076/1253/2193 2074/1249/2191 2075/1251/2192
f 2076/1253/2193 2075/1251/2192 2077/1248/2194
f 2078/1219/2195 2070/1218/2187 2071/1217/2188
f 1899/1104/2015 2078/1219/2195 2071/1217/2188
f 1899/1104/2015 2071/1217/2188 1900/1105/2016
f 2070/1218/2187 2078/1219/2195 2079/1220/2196
f 2073/1252/2190 2070/1218/2187 2079/1220/2196
f 2073/1252/2190 2079/1220/2196 2080/1250/2197
f 2075/1251/2192 2073/1252/2190 2080/1250/2197
f 2075/1251/2192 2080/1250/2197 2077/1248/2194
f 2060/1221/2176 2079/1220/2196 2078/1219/2195
f 1898/1126/2014 2060/1221/2176 2078/1219/2195
f 1898/1126/2014 2078/1219/2195 1899/1104/2015
f 2079/1220/2196 2060/1221/2176 2081/1222/2198
f 2080/1250/2197 2079/1220/2196 2081/1222/2198
f 2080/1250/2197 2081/1222/2198 2055/1247/2171
f 2077/1248/2194 2080/1250/2197 2055/1247/2171
f 2077/1248/2194 2055/1247/2171 2053/1196/2169
f 2062/1149/2179 2081/1222/2198 2060/1221/2176
f 2061/1150/2178 2062/1149/2179 2060/1221/2176
f 2061/1150/2178 2060/1221/2176 1897/1115/2177
f 2055/1247/2171 2081/1222/2198 2082/1246/2199
f 2054/1197/2170 2055/1247/2171 2082/1246/2199
f 2054/1197/2170 2082/1246/2199 2083/1193/2200
f 2056/1137/2172 2054/1197/2170 2083/1193/2200
f 2084/1257/2201 1878/1031/1994 2085/1256/2202
f 2076/1253/2193 2084/1257/2201 2085/1256/2202
f 2076/1253/2193 2085/1256/2202 2074/1249/2191
f 2071/1217/2188 2069/1215/2186 2086/1214/2203
f 1900/1105/2016 2071/1217/2188 2086/1214/2203
f 1900/1105/2016 2086/1214/2203 2087/1212/2204
f 1901/1072/2017 1900/1105/2016 2087/1212/2204
f 1901/1072/2017 2087/1212/2204 1902/1073/2018
f 1858/1010/1974 2072/1202/2189 2074/1249/2191
f 1924/1013/2205 1858/1010/1974 2074/1249/2191
f 1924/1013/2205 2074/1249/2191 2085/1256/2202
f 1878/1031/1994 1924/1013/2205 2085/1256/2202
f 2057/1161/2173 2058/1185/2174 2088/1158/2206
f 2043/959/2159 2057/1161/2173 2088/1158/2206
f 2043/959/2159 2088/1158/2206 2044/993/2160
f 1848/1093/1964 2050/1211/2166 2051/1206/2167
f 1847/1109/1963 1848/1093/1964 2051/1206/2167
f 1847/1109/1963 2051/1206/2167 1851/1108/1967
f 2089/1213/2207 1881/1055/1997 1856/1074/1972
f 2087/1212/2204 2089/1213/2207 1856/1074/1972
f 2087/1212/2204 1856/1074/1972 1902/1073/2018
f 2090/1201/2208 2069/1215/2186 2072/1202/2189
f 1859/1101/1975 2090/1201/2208 2072/1202/2189
f 1859/1101/1975 2072/1202/2189 1858/1010/1974
f 2091/1208/2209 2086/1214/2203 2069/1215/2186
f 2092/1216/2210 2091/1208/2209 2069/1215/2186
f 2092/1216/2210 2069/1215/2186 2090/1201/2208
f 1850/1107/1966 2092/1216/2210 2090/1201/2208
f 1850/1107/1966 2090/1201/2208 1859/1101/1975
f 2087/1212/2204 2086/1214/2203 2052/1207/2168
f 2089/1213/2207 2087/1212/2204 2052/1207/2168
f 2089/1213/2207 2052/1207/2168 2050/1211/2166
f 1881/1055/1997 2089/1213/2207 2050/1211/2166
f 1881/1055/1997 2050/1211/2166 1848/1093/1964
f 2052/1207/2168 2086/1214/2203 2091/1208/2209
f 2051/1206/2167 2052/1207/2168 2091/1208/2209
f 2051/1206/2167 2091/1208/2209 2092/1216/2210
f 1851/1108/1967 2051/1206/2167 2092/1216/2210
f 1851/1108/1967 2092/1216/2210 1850/1107/1966
f 1918/961/2034 2045/960/2161 2064/1141/2181
f 1917/956/2033 1918/961/2034 2064/1141/2181
f 1917/956/2033 2064/1141/2181 2067/1189/2184
f 1919/954/2035 1917/956/2033 2067/1189/2184
f 1919/954/2035 2067/1189/2184 2068/1159/2185
f 1891/958/2007 1919/954/2035 2068/1159/2185
f 1890/1009/2006 2094/1199/2212 2093/1154/2211
f 1992/1060/2108 2095/1232/2213 1991/1068/2107
f 1940/1096/2056 1941/1095/2057 2096/1156/2214
f 1911/1008/2027 2097/1157/2215 1916/953/2032
f 2098/1225/2216 1959/1059/2075 1956/1081/2072
f 2093/1154/2211 2094/1199/2212 2099/1187/2217
f 1916/953/2032 2097/1157/2215 1915/947/2031
f 1844/1007/1960 1845/973/1961 2100/1198/2218
f 1872/972/1988 2101/1163/2219 1871/970/1987
f 1888/1121/2004 2103/1242/2221 2102/1166/2220
f 2081/1222/2198 2062/1149/2179 2104/1245/2222
f 2082/1246/2199 2081/1222/2198 2104/1245/2222
f 2082/1246/2199 2104/1245/2222 2105/1192/2223
f 2083/1193/2200 2082/1246/2199 2105/1192/2223
f 1991/1068/2107 2095/1232/2213 2106/1200/2224
f 1989/1088/2105 1991/1068/2107 2106/1200/2224
f 1989/1088/2105 2106/1200/2224 1984/1071/2100
f 1878/1031/1994 2084/1257/2201 2107/1258/2225
f 1877/1030/1993 1878/1031/1994 2107/1258/2225
f 1877/1030/1993 2107/1258/2225 1932/1048/2048
f 2096/1156/2214 1941/1095/2057 2108/1165/2226
f 2109/1167/2227 2096/1156/2214 2108/1165/2226
f 2109/1167/2227 2108/1165/2226 2110/1168/2228
f 2111/1169/2229 2109/1167/2227 2110/1168/2228
f 1966/1135/2230 2110/1168/2228 2108/1165/2226
f 2048/1128/2164 1966/1135/2230 2108/1165/2226
f 2048/1128/2164 2108/1165/2226 1941/1095/2057
f 2100/1198/2218 2099/1187/2217 2094/1199/2212
f 1844/1007/1960 2100/1198/2218 2094/1199/2212
f 1844/1007/1960 2094/1199/2212 1890/1009/2006
f 2101/1163/2219 2099/1187/2217 2100/1198/2218
f 1871/970/1987 2101/1163/2219 2100/1198/2218
f 1871/970/1987 2100/1198/2218 1845/973/1961
f 2112/1227/2231 2114/1230/2233 2113/1228/2232
f 2115/1229/2234 2112/1227/2231 2113/1228/2232
f 2115/1229/2234 2113/1228/2232 2098/1225/2216
f 2116/1244/2235 2103/1242/2221 2117/1241/2236
f 2118/1240/2237 2116/1244/2235 2117/1241/2236
f 2118/1240/2237 2117/1241/2236 2119/1146/2238
f 1998/1078/2114 2120/1180/2239 2103/1242/2221
f 1925/1079/2041 1998/1078/2114 2103/1242/2221
f 1925/1079/2041 2103/1242/2221 1888/1121/2004
f 2121/1233/2240 2106/1200/2224 2095/1232/2213
f 2122/1226/2241 2121/1233/2240 2095/1232/2213
f 2122/1226/2241 2095/1232/2213 1992/1060/2108
f 2056/1137/2172 2065/1138/2182 2066/1139/2183
f 2053/1196/2169 2056/1137/2172 2066/1139/2183
f 2053/1196/2169 2066/1139/2183 2123/1194/2242
f 2077/1248/2194 2053/1196/2169 2123/1194/2242
f 2077/1248/2194 2123/1194/2242 2124/1238/2243
f 2076/1253/2193 2077/1248/2194 2124/1238/2243
f 2076/1253/2193 2124/1238/2243 2125/1254/2244
f 2084/1257/2201 2076/1253/2193 2125/1254/2244
f 2084/1257/2201 2125/1254/2244 2112/1227/2231
f 2107/1258/2225 2084/1257/2201 2112/1227/2231
f 2107/1258/2225 2112/1227/2231 2115/1229/2234
f 1932/1048/2048 2107/1258/2225 2115/1229/2234
f 1932/1048/2048 2115/1229/2234 2098/1225/2216
f 1953/1069/2069 1932/1048/2048 2098/1225/2216
f 1953/1069/2069 2098/1225/2216 1956/1081/2072
f 2114/1230/2233 1984/1071/2100 2106/1200/2224
f 2113/1228/2232 2114/1230/2233 2106/1200/2224
f 2113/1228/2232 2106/1200/2224 2121/1233/2240
f 2098/1225/2216 2113/1228/2232 2121/1233/2240
f 2098/1225/2216 2121/1233/2240 2122/1226/2241
f 1959/1059/2075 2098/1225/2216 2122/1226/2241
f 1959/1059/2075 2122/1226/2241 1992/1060/2108
f 2097/1157/2215 2127/1188/2246 2126/1177/2245
f 1915/947/2031 2097/1157/2215 2126/1177/2245
f 1915/947/2031 2126/1177/2245 1914/948/2030
f 1986/919/2102 1983/1080/2248 2128/1255/2247
f 2129/1237/2249 1986/919/2102 2128/1255/2247
f 2129/1237/2249 2128/1255/2247 2125/1254/2244
f 2124/1238/2243 2129/1237/2249 2125/1254/2244
f 1983/1080/2248 1984/1071/2100 2114/1230/2233
f 2128/1255/2247 1983/1080/2248 2114/1230/2233
f 2128/1255/2247 2114/1230/2233 2112/1227/2231
f 2125/1254/2244 2128/1255/2247 2112/1227/2231
f 2023/1003/2139 2130/1142/2250 1946/928/2062
f 1978/969/2094 2131/1204/2251 1943/965/2059
f 1978/969/2094 2132/1210/2252 2131/1204/2251
f 2133/1224/2253 2135/1205/2255 2134/1209/2254
f 1943/965/2059 2135/1205/2255 1945/963/2061
f 2117/1241/2236 2103/1242/2221 2120/1180/2239
f 2119/1146/2238 2117/1241/2236 2120/1180/2239
f 2119/1146/2238 2120/1180/2239 2136/1178/2256
f 2137/1147/2257 2119/1146/2238 2136/1178/2256
f 2137/1147/2257 2136/1178/2256 2138/1179/2258
f 2024/1099/2140 2137/1147/2257 2138/1179/2258
f 1964/1044/2080 1949/951/2065 2139/1239/2259
f 2140/1155/2260 1964/1044/2080 2139/1239/2259
f 2140/1155/2260 2139/1239/2259 2141/1172/2261
f 2139/1239/2259 1949/951/2065 1950/950/2066
f 2142/1231/2262 2139/1239/2259 1950/950/2066
f 2142/1231/2262 1950/950/2066 1971/1032/2087
f 2143/1145/2263 2119/1146/2238 2137/1147/2257
f 2025/1098/2141 2143/1145/2263 2137/1147/2257
f 2025/1098/2141 2137/1147/2257 2024/1099/2140
f 1936/1033/2052 1947/923/2063 2144/1183/2264
f 1938/1034/2054 1936/1033/2052 2144/1183/2264
f 1938/1034/2054 2144/1183/2264 2145/1182/2265
f 2146/1186/2266 2065/1138/2182 2056/1137/2172
f 2147/1190/2267 2146/1186/2266 2056/1137/2172
f 2147/1190/2267 2056/1137/2172 2083/1193/2200
f 2148/1191/2268 2147/1190/2267 2083/1193/2200
f 2148/1191/2268 2083/1193/2200 2105/1192/2223
f 2111/1169/2229 2148/1191/2268 2105/1192/2223
f 2111/1169/2229 2105/1192/2223 2118/1240/2237
f 2109/1167/2227 2111/1169/2229 2118/1240/2237
f 2109/1167/2227 2118/1240/2237 2119/1146/2238
f 2096/1156/2214 2109/1167/2227 2119/1146/2238
f 2096/1156/2214 2119/1146/2238 2143/1145/2263
f 1940/1096/2056 2096/1156/2214 2143/1145/2263
f 1940/1096/2056 2143/1145/2263 2025/1098/2141
f 2059/1160/2175 2065/1138/2182 2146/1186/2266
f 2058/1185/2174 2059/1160/2175 2146/1186/2266
f 2058/1185/2174 2146/1186/2266 2149/1153/2269
f 2088/1158/2206 2058/1185/2174 2149/1153/2269
f 2088/1158/2206 2149/1153/2269 2150/1152/2270
f 2044/993/2160 2088/1158/2206 2150/1152/2270
f 2044/993/2160 2150/1152/2270 2040/998/2156
f 2150/1152/2270 2149/1153/2269 2151/1151/2271
f 2152/1173/2272 2150/1152/2270 2151/1151/2271
f 2152/1173/2272 2151/1151/2271 2153/1171/2273
f 2141/1172/2261 2152/1173/2272 2153/1171/2273
f 2141/1172/2261 2153/1171/2273 2154/1170/2274
f 2140/1155/2260 2141/1172/2261 2154/1170/2274
f 2140/1155/2260 2154/1170/2274 1965/1136/2081
f 1964/1044/2080 2140/1155/2260 1965/1136/2081
f 2040/998/2156 2150/1152/2270 2152/1173/2272
f 2155/1174/2275 2040/998/2156 2152/1173/2272
f 2155/1174/2275 2152/1173/2272 2141/1172/2261
f 2156/1234/2276 2155/1174/2275 2141/1172/2261
f 2156/1234/2276 2141/1172/2261 2139/1239/2259
f 2133/1224/2253 2156/1234/2276 2139/1239/2259
f 2133/1224/2253 2139/1239/2259 2142/1231/2262
f 2135/1205/2255 2133/1224/2253 2142/1231/2262
f 2135/1205/2255 2142/1231/2262 1971/1032/2087
f 1945/963/2061 2135/1205/2255 1971/1032/2087
f 1929/940/2045 2040/998/2156 2155/1174/2275
f 2157/1235/2277 1929/940/2045 2155/1174/2275
f 2157/1235/2277 2155/1174/2275 2156/1234/2276
f 2158/1223/2278 2157/1235/2277 2156/1234/2276
f 2158/1223/2278 2156/1234/2276 2133/1224/2253
f 2159/1203/2279 2158/1223/2278 2133/1224/2253
f 2159/1203/2279 2133/1224/2253 2132/1210/2252
f 1976/945/2092 2159/1203/2279 2132/1210/2252
f 1976/945/2092 2132/1210/2252 1978/969/2094
f 1931/935/2047 1929/940/2045 2157/1235/2277
f 2013/943/2129 1931/935/2047 2157/1235/2277
f 2013/943/2129 2157/1235/2277 2158/1223/2278
f 2159/1203/2279 2013/943/2129 2158/1223/2278
f 2016/941/2132 2013/943/2129 2159/1203/2279
f 1977/944/2093 2016/941/2132 2159/1203/2279
f 1977/944/2093 2159/1203/2279 1976/945/2092
f 2135/1205/2255 1943/965/2059 2131/1204/2251
f 2134/1209/2254 2135/1205/2255 2131/1204/2251
f 2134/1209/2254 2131/1204/2251 2132/1210/2252
f 2133/1224/2253 2134/1209/2254 2132/1210/2252
f 2130/1142/2250 2161/1143/2281 2160/1144/2280
f 2162/1140/2282 2130/1142/2250 2160/1144/2280
f 2162/1140/2282 2160/1144/2280 2163/1184/2283
f 1933/925/2049 2162/1140/2282 2163/1184/2283
f 2149/1153/2269 2146/1186/2266 2147/1190/2267
f 2151/1151/2271 2149/1153/2269 2147/1190/2267
f 2151/1151/2271 2147/1190/2267 2148/1191/2268
f 2153/1171/2273 2151/1151/2271 2148/1191/2268
f 2153/1171/2273 2148/1191/2268 2111/1169/2229
f 2154/1170/2274 2153/1171/2273 2111/1169/2229
f 2154/1170/2274 2111/1169/2229 2110/1168/2228
f 1965/1136/2081 2154/1170/2274 2110/1168/2228
f 1965/1136/2081 2110/1168/2228 1966/1135/2230
f 1946/928/2062 2130/1142/2250 2162/1140/2282
f 1934/929/2050 1946/928/2062 2162/1140/2282
f 1934/929/2050 2162/1140/2282 1933/925/2049
f 1912/1114/2028 1913/1112/2029 2164/1175/2284
f 1913/1112/2029 2165/1176/2285 2164/1175/2284
f 2120/1180/2239 1998/1078/2114 2166/1181/2286
f 2136/1178/2256 2120/1180/2239 2166/1181/2286
f 2136/1178/2256 2166/1181/2286 2161/1143/2281
f 2138/1179/2258 2136/1178/2256 2161/1143/2281
f 2138/1179/2258 2161/1143/2281 2130/1142/2250
f 2024/1099/2140 2138/1179/2258 2130/1142/2250
f 2024/1099/2140 2130/1142/2250 2023/1003/2139
f 2166/1181/2286 1998/1078/2114 2000/1076/2116
f 2145/1182/2265 2166/1181/2286 2000/1076/2116
f 2145/1182/2265 2000/1076/2116 2022/938/2138
f 1938/1034/2054 2145/1182/2265 2022/938/2138
f 2161/1143/2281 2166/1181/2286 2145/1182/2265
f 2160/1144/2280 2161/1143/2281 2145/1182/2265
f 2160/1144/2280 2145/1182/2265 2144/1183/2264
f 2163/1184/2283 2160/1144/2280 2144/1183/2264
f 2163/1184/2283 2144/1183/2264 1947/923/2063
f 1933/925/2049 2163/1184/2283 1947/923/2063
f 2101/1163/2219 2167/1162/2287 2127/1188/2246
f 2099/1187/2217 2101/1163/2219 2127/1188/2246
f 2099/1187/2217 2127/1188/2246 2097/1157/2215
f 2093/1154/2211 2099/1187/2217 2097/1157/2215
f 2093/1154/2211 2097/1157/2215 1911/1008/2027
f 1890/1009/2006 2093/1154/2211 1911/1008/2027
f 2168/1164/2288 2167/1162/2287 2101/1163/2219
f 1873/1118/1989 2168/1164/2288 2101/1163/2219
f 1873/1118/1989 2101/1163/2219 1872/972/1988
f 2102/1166/2220 2167/1162/2287 2168/1164/2288
f 1888/1121/2004 2102/1166/2220 2168/1164/2288
f 1888/1121/2004 2168/1164/2288 1873/1118/1989
f 2127/1188/2246 2167/1162/2287 2165/1176/2285
f 2126/1177/2245 2127/1188/2246 2165/1176/2285
f 2126/1177/2245 2165/1176/2285 1913/1112/2029
f 1914/948/2030 2126/1177/2245 1913/1112/2029
f 2165/1176/2285 2167/1162/2287 2063/1148/2180
f 2164/1175/2284 2165/1176/2285 2063/1148/2180
f 2164/1175/2284 2063/1148/2180 2061/1150/2178
f 1912/1114/2028 2164/1175/2284 2061/1150/2178
f 1912/1114/2028 2061/1150/2178 1897/1115/2177
f 2042/1087/2158 2049/934/2165 2169/1236/2289
f 2063/1148/2180 2167/1162/2287 2102/1166/2220
f 2062/1149/2179 2063/1148/2180 2102/1166/2220
f 2062/1149/2179 2102/1166/2220 2103/1242/2221
f 2104/1245/2222 2062/1149/2179 2103/1242/2221
f 2104/1245/2222 2103/1242/2221 2116/1244/2235
f 2105/1192/2223 2104/1245/2222 2116/1244/2235
f 2105/1192/2223 2116/1244/2235 2118/1240/2237
f 2042/1087/2158 2169/1236/2289 2170/1243/2290
f 2045/960/2161 2042/1087/2158 2170/1243/2290
f 2045/960/2161 2170/1243/2290 2171/1195/2291
f 2064/1141/2181 2045/960/2161 2171/1195/2291
f 2049/934/2165 1986/919/2102 2129/1237/2249
f 2169/1236/2289 2049/934/2165 2129/1237/2249
f 2169/1236/2289 2129/1237/2249 2124/1238/2243
f 2170/1243/2290 2169/1236/2289 2124/1238/2243
f 2170/1243/2290 2124/1238/2243 2123/1194/2242
f 2171/1195/2291 2170/1243/2290 2123/1194/2242
f 2171/1195/2291 2123/1194/2242 2066/1139/2183
f 2064/1141/2181 2171/1195/2291 2066/1139/2183
v -2.4555664 7.817871 -0.24316406
vt 1.9146729 0.52978516
vn 0.039369334 0.49922758 -0.865576
v -0.8755859 7.45662 0.0039062463
vt 1.4111328 0.03161621
vn 0.7255413 -0.3829433 -0.57179034
v -0.5630859 7.676347 -0.08984375
vt 1.9089355 0.03564453
vn 0.37257367 0.7921464 -0.48341802
v -3.5886707 7.4727335 0.39697266
vt 0.95288086 0.98413086
vn 0.035646696 -0.5065005 0.8615026
v -2.4536133 7.536133 0.3383789
vt 0.92407227 0.529541
vn 0.038453925 -0.49202716 0.8697302
v -3.585741 7.326249 -0.2006836
vt 1.4101562 0.9769287
vn 0.071171075 -0.89922166 -0.43166548
v 0.8682617 7.573807 0.21923825
vt 0.8696289 0.018554688
vn -0.6198942 -0.29676303 0.72640413
v 0.95029294 7.4190216 -0.014160169
vt 1.4682617 0.021728516
vn -0.47524348 -0.8107704 -0.34175295
v 0.5430664 7.7490997 -0.028808584
vt 0.11975098 0.022705078
vn -0.7382558 0.3302161 -0.588163
v -0.9092773 7.577714 0.23242188
vt 0.92004395 0.029296875
vn 0.46555042 -0.6007536 0.64989066
v -0.8233398 7.907304 0.1616211
vt 0.4987793 0.114868164
vn 0.5487404 0.60459113 0.5773677
v -2.4555664 7.9208984 0.21142578
vt 0.5275879 0.5299072
vn 0.033754375 0.8629034 0.50424033
v -3.5842762 8.006913 0.23095703
vt 0.48999023 0.9729004
vn 0.04138327 0.83895737 0.5426214
vt 0.068359375 0.03564453
vt 0.07397461 0.52978516
v -3.5813465 7.860917 -0.36572266
vt 0.032348633 0.96569824
vn 0.07123065 0.4802423 -0.8742388
v 2.4545898 7.9023438 0.22314453
vt 0.4987793 0.51831055
vn -0.028138787 0.84465194 0.53457594
v 0.86386716 7.926834 0.15332031
vt 0.47973633 0.10107422
vn -0.19721034 0.85659224 0.47682053
v 2.4521484 7.5117188 0.34228516
vt 0.86242676 0.5177002
vn -0.057254083 -0.5183387 0.8532567
v 2.4521484 7.42041 -0.14941406
vt 1.4260254 0.517334
vn -0.07318571 -0.85619354 -0.51144546
vt 1.9598389 0.022705078
v 2.4545898 7.811035 -0.2685547
vt 1.9830322 0.51794434
vn -0.04034578 0.537374 -0.8423784
vt 0.14233398 0.51794434
v 3.5134764 7.872635 -0.37011716
vt 0.06933594 0.94921875
vn -0.09759912 0.5219325 -0.8473848
v 3.5217772 8.013748 0.27246094
vt 0.44274902 0.9637451
vn -0.033813715 0.8153742 0.57794595
v 3.5261717 7.435135 0.43115228
vt 0.91845703 0.97106934
vn -0.05999911 -0.510145 0.8579932
v 3.5173826 7.29451 -0.21240234
vt 1.4873047 0.95654297
vn -0.12573536 -0.8860679 -0.44617742
vt 1.9100342 0.94921875
v -2.4536133 7.4335938 -0.119140625
vt 1.3658447 0.5292969
vn 0.050784122 -0.8699223 -0.4905673
vt 1.8735352 0.96569824
o Joint_0_Object_20
g polygon_0
usemtl Material_872C5853
f 2172/1259/2292 2174/1261/2294 2173/1260/2293
f 2175/1262/2295 2177/1264/2297 2176/1263/2296
f 2178/1265/2298 2180/1267/2300 2179/1266/2299
f 2181/1268/2301 2173/1260/2293 2182/1269/2302
f 2176/1263/2296 2181/1268/2301 2182/1269/2302
f 2176/1263/2296 2182/1269/2302 2183/1270/2303
f 2175/1262/2295 2176/1263/2296 2183/1270/2303
f 2175/1262/2295 2183/1270/2303 2184/1271/2304
f 2182/1269/2302 2173/1260/2293 2174/1272/2294
f 2183/1270/2303 2182/1269/2302 2174/1272/2294
f 2183/1270/2303 2174/1272/2294 2172/1273/2292
f 2184/1271/2304 2183/1270/2303 2172/1273/2292
f 2184/1271/2304 2172/1273/2292 2185/1274/2305
f 2186/1275/2306 2187/1276/2307 2178/1265/2298
f 2188/1277/2308 2186/1275/2306 2178/1265/2298
f 2188/1277/2308 2178/1265/2298 2179/1266/2299
f 2189/1278/2309 2188/1277/2308 2179/1266/2299
f 2189/1278/2309 2179/1266/2299 2180/1279/2300
f 2190/1280/2310 2189/1278/2309 2180/1279/2300
f 2180/1267/2300 2178/1265/2298 2187/1276/2307
f 2190/1281/2310 2180/1267/2300 2187/1276/2307
f 2190/1281/2310 2187/1276/2307 2186/1275/2306
f 2191/1282/2311 2190/1281/2310 2186/1275/2306
f 2191/1282/2311 2186/1275/2306 2192/1283/2312
f 2192/1283/2312 2186/1275/2306 2188/1277/2308
f 2193/1284/2313 2192/1283/2312 2188/1277/2308
f 2193/1284/2313 2188/1277/2308 2189/1278/2309
f 2194/1285/2314 2193/1284/2313 2189/1278/2309
f 2194/1285/2314 2189/1278/2309 2190/1280/2310
f 2191/1286/2311 2194/1285/2314 2190/1280/2310
f 2172/1259/2292 2173/1260/2293 2195/1287/2315
f 2185/1288/2305 2172/1259/2292 2195/1287/2315
f 2185/1288/2305 2195/1287/2315 2177/1264/2297
f 2176/1263/2296 2177/1264/2297 2195/1287/2315
f 2181/1268/2301 2176/1263/2296 2195/1287/2315
f 2181/1268/2301 2195/1287/2315 2173/1260/2293
v -0.29248047 4.0561523 0.05517578
vt 0.29162598 0.30126953
vn 0.99931216 -0.01123097 -0.035340935
v -0.5650585 2.9340029 -0.39550775
vt 0.57995605 0.13708496
vn 0.053711496 0.022522287 -0.9983025
v -0.26574212 2.9349794 0.033203214
vt 0.30908203 0.13708496
vn 0.998519 0.013123091 -0.052797724
v -0.5683594 4.0561523 -0.3701172
vt 0.5625 0.30249023
vn 0.052553337 -0.009338746 -0.99857444
v -0.9351757 2.932538 0.037109423
vn -0.9991338 0.0037233906 -0.04144498
v -0.9165039 4.053711 0.05859375
vn -0.99957407 0.009338391 -0.027648961
v -0.5621288 2.932538 0.4340821
vt 0.038208008 0.13574219
vn 0.058168493 -0.009338752 0.9982631
v -0.56591797 4.0546875 0.4555664
vt 0.020874023 0.30126953
vn 0.055118047 0.0037233676 0.99847287
v -0.93115234 5.5658007 0.017578125
vt 0.31347656 0.46557617
vn -0.99784124 -0.005615451 -0.06543221
vt 0.045166016 0.30151367
vt 0.31176758 0.3001709
v -0.6040039 5.57166 0.46240234
vt 0.04699707 0.46704102
vn -0.022950374 -0.024354253 0.99943995
vt 0.31176758 0.30151367
v -0.22851562 5.5672655 0.016113281
vn 0.99722815 -0.03564581 -0.065309964
vt 0.578125 0.3001709
v -0.60546875 5.562871 -0.40966797
vt 0.57995605 0.46557617
vn -0.034485657 -0.018738223 -0.99922955
v 0.28576177 2.9349794 0.040039107
vn -0.9989053 0.009338478 -0.04583764
v 0.55810547 4.0561523 -0.3701172
vn -0.07904187 0.0075074513 -0.99684304
v 0.30908203 4.0561523 0.055664062
vn -0.9989164 -0.011230637 -0.045166694
v 0.55724615 2.9354677 -0.38867182
vn -0.07367216 0.018738536 -0.99710643
v 0.90722656 4.053711 0.05810547
vn 0.99919444 0.0056155096 -0.039735835
v 0.92736334 2.9330263 0.042480554
vn 0.9990324 0.0075073345 -0.04333529
v 0.55615234 4.0546875 0.4555664
vn -0.08184886 -0.018737957 0.9964686
v 0.5543165 2.9315615 0.4414063
vn -0.08466048 -0.0056156055 0.9963941
v 0.94384766 5.5658007 0.017578125
vn 0.996922 0.0037232747 -0.07831084
v 0.62158203 5.562871 -0.40966797
vn 0.015686363 -0.052552365 -0.9984949
v 0.6201172 5.57166 0.46240234
vn 0.015014929 0.015014929 0.9997745
v 0.2602539 5.5672655 0.016113281
vn -0.99505293 -0.046877723 -0.08759054
o Joint_0_Object_21
g polygon_0
usemtl Material_872C5853
f 2196/1289/2316 2198/1291/2318 2197/1290/2317
f 2199/1292/2319 2196/1289/2316 2197/1290/2317
f 2199/1292/2319 2197/1290/2317 2200/1291/2320
f 2201/1289/2321 2199/1292/2319 2200/1291/2320
f 2201/1289/2321 2200/1291/2320 2202/1293/2322
f 2203/1294/2323 2201/1289/2321 2202/1293/2322
f 2203/1294/2323 2202/1293/2322 2198/1291/2318
f 2196/1289/2316 2203/1294/2323 2198/1291/2318
f 2204/1295/2324 2201/1297/2321 2203/1296/2323
f 2205/1298/2325 2204/1295/2324 2203/1296/2323
f 2205/1298/2325 2203/1296/2323 2196/1299/2316
f 2206/1295/2326 2205/1298/2325 2196/1299/2316
f 2206/1295/2326 2196/1299/2316 2199/1300/2319
f 2207/1301/2327 2206/1295/2326 2199/1300/2319
f 2207/1301/2327 2199/1300/2319 2201/1297/2321
f 2204/1295/2324 2207/1301/2327 2201/1297/2321
f 2208/1291/2328 2210/1289/2330 2209/1292/2329
f 2211/1290/2331 2208/1291/2328 2209/1292/2329
f 2211/1290/2331 2209/1292/2329 2212/1289/2332
f 2213/1291/2333 2211/1290/2331 2212/1289/2332
f 2213/1291/2333 2212/1289/2332 2214/1294/2334
f 2215/1293/2335 2213/1291/2333 2214/1294/2334
f 2215/1293/2335 2214/1294/2334 2210/1289/2330
f 2208/1291/2328 2215/1293/2335 2210/1289/2330
f 2209/1300/2329 2217/1301/2337 2216/1295/2336
f 2212/1297/2332 2209/1300/2329 2216/1295/2336
f 2212/1297/2332 2216/1295/2336 2218/1298/2338
f 2214/1296/2334 2212/1297/2332 2218/1298/2338
f 2214/1296/2334 2218/1298/2338 2219/1295/2339
f 2210/1299/2330 2214/1296/2334 2219/1295/2339
f 2210/1299/2330 2219/1295/2339 2217/1301/2337
f 2209/1300/2329 2210/1299/2330 2217/1301/2337
v 0.7178906 0.16232347 -1.3242186
vt 0.0059814453 0.009399414
vn 0.019471085 0.13233067 -0.9910144
v 0.70031244 1.4235537 -1.1557616
vt 0.0036621094 0.49365234
vn 0.013550684 0.3734395 -0.92755556
v -0.080937445 0.05831957 -1.0136718
vt 0.14880371 0.012084961
vn -0.7278347 0.09064372 -0.67973554
v -1.6138867 1.1471865 -0.30419922
vt 0.336792 0.50805664
vn -0.95541567 0.26862484 -0.122562796
v -1.7208202 0.025604725 -0.30419922
vt 0.32763672 0.020996094
vn -0.95975065 0.08276667 -0.2683811
v -1.4039258 1.2526553 -0.8364257
vt 0.33898926 0.50512695
vn -0.7753672 0.27369496 -0.56911933
v -1.170039 1.919159 -0.11816408
vt 0.3659668 0.8730469
vn -0.48330367 0.86003375 -0.16358347
v -0.689082 0.16232347 -1.3232421
vn -0.019898718 0.13172181 -0.99108696
v 0.11072272 0.05831957 -1.0136718
vn 0.7274426 0.08984694 -0.6802607
v -0.66955084 1.4235537 -1.1557616
vn -0.013794331 0.37323838 -0.9276329
v -1.4068553 0.059784412 -1.0136718
vt 0.14648438 0.012084961
vn -0.6164196 0.11383537 -0.77914596
v -1.8155468 0.0017761588 1.8687885
vt 0.58361816 0.015380859
vn -0.98263687 0.15234873 0.10589935
vt 0.32739258 0.021728516
vt 0.33605957 0.50683594
v 0.04162103 1.4710144 1.7364644
vt 0.58239746 0.96313477
vn -0.4679227 0.8484378 0.24738976
v 0.041132808 1.9176942 -0.118164085
vt 0.36572266 0.8717041
vn -0.6085965 0.709429 -0.35541642
v 1.1285352 1.919159 -0.11914058
vn 0.4834741 0.85995036 -0.16351813
v 1.4346875 1.2526553 -0.8364256
vn 0.77541846 0.27369148 -0.56905115
v 1.6436719 1.1471864 -0.30517566
vn 0.9553805 0.26899824 -0.12201665
vt 0.368042 0.8730469
v -0.27771485 1.1457217 -0.30419922
vt 0.3355713 0.50805664
vn -0.96387124 0.22242717 -0.14655535
v -0.09363282 1.2511904 -0.8364257
vt 0.33972168 0.5036621
vn -0.7404557 0.22480413 -0.6333944
v 1.4366407 0.059784412 -1.0136718
vn 0.6162395 0.11353069 -0.7793329
v 0.124394536 1.2511904 -0.8364256
vn 0.7402787 0.22468388 -0.63364387
v 0.30847657 1.1457216 -0.30517566
vn 0.9638323 0.2224791 -0.14673242
v -0.056757808 1.9172059 -0.11914057
vn 0.60819554 0.70976496 -0.35543182
v 1.7515821 0.025604486 -0.30517566
vn 0.9597167 0.08313511 -0.26838854
v 1.8453321 0.0017761588 1.8687887
vn 0.98257 0.15265289 0.106081955
v 1.6368358 0.9993347 1.8687887
vt 0.5806885 0.48266602
vn 0.85260993 0.49353582 0.17169389
v -0.856074 0.19025248 3.9166398
vt 0.99658203 0.016357422
vn -0.44058564 0.6171738 0.65190554
v -1.5460155 0.6428893 2.591933
vt 0.74035645 0.33190918
vn -0.8384081 0.40077078 0.36939755
v -1.0430858 1.1604674 2.739394
vt 0.7947998 0.626709
vn -0.3022648 0.8416656 0.44747627
v -1.5997264 0.026190162 2.6392963
vt 0.7845459 0.020019531
vn -0.918584 0.10938285 0.3797879
v 0.36072272 0.02365148 -0.30517566
vt 0.3277588 0.020996094
vn 0.9841788 0.0983934 -0.14734598
v -0.011835873 1.4710141 1.7369525
vn 0.46786788 0.8484492 0.2474542
v 0.34460944 1.0852721 1.8687886
vn 0.9116562 0.38972437 0.13037615
v -1.6070507 0.9993347 1.8687885
vn -0.85238004 0.4939104 0.17175771
v -1.0621289 1.5130064 1.7369525
vn -0.40584743 0.86644655 0.29078907
v -0.31384772 1.0862489 1.8687886
vn -0.9114951 0.39016116 0.13019605
v -0.33093745 0.02365148 -0.30419922
vn -0.9841234 0.09912655 -0.14722486
v 0.028203249 1.1604673 2.739394
vn 0.41815895 0.74976844 0.512826
v 0.26550794 0.64191264 2.591933
vt 0.74035645 0.3305664
vn 0.8821411 0.31270462 0.35219726
v 0.56873065 0.0007994771 1.8687886
vn 0.9734702 0.18274301 0.13769825
v 1.0938671 1.5130064 1.7364645
vn 0.40651542 0.8661341 0.29078668
v 1.5758008 0.6428893 2.5909567
vn 0.83860445 0.40041074 0.36934245
v 1.6295118 0.026190162 2.6392965
vn 0.91854995 0.10992803 0.37971288
v 1.0738477 1.1604674 2.7393942
vn 0.30273944 0.84150565 0.44745618
v 0.8858595 0.19025257 3.91664
vn 0.4408657 0.6170775 0.6518073
v 0.0020703077 1.1604675 2.7393942
vn -0.41817904 0.74986553 0.51266754
v -0.23572266 0.6419129 2.5919333
vn -0.88207483 0.3133743 0.35176775
v -0.53894526 0.0007997155 1.8687886
vn -0.9733849 0.18360458 0.13715398
v 0.41320324 0.18976432 3.9195697
vt 0.99560547 0.016357422
vn -0.65195966 0.44576916 0.61338276
v -0.31482416 0.025213718 2.6392965
vn -0.91510177 0.14673859 0.37557495
v -0.3843943 0.1897642 3.9195695
vn 0.6520145 0.44527656 0.61368227
v 0.34412128 0.02521348 2.6392963
vn 0.91504514 0.14551838 0.37618724
o Joint_0_Object_22
g polygon_0
usemtl Material_3BB96923
f 2220/1302/2340 2222/1304/2342 2221/1303/2341
f 2223/1305/2343 2225/1307/2345 2224/1306/2344
f 2223/1305/2343 2226/1308/2346 2225/1307/2345
f 2227/1302/2347 2229/1303/2349 2228/1304/2348
f 2227/1302/2347 2230/1309/2350 2229/1303/2349
f 2231/1310/2351 2223/1312/2343 2224/1311/2344
f 2232/1313/2352 2234/1314/2354 2233/1314/2353
f 2235/1307/2355 2234/1308/2354 2236/1305/2356
f 2233/1315/2353 2238/1317/2358 2237/1316/2357
f 2239/1309/2359 2220/1302/2340 2221/1303/2341
f 2240/1317/2360 2242/1315/2362 2241/1316/2361
f 2243/1306/2363 2235/1307/2355 2236/1305/2356
f 2221/1303/2341 2234/1308/2354 2235/1307/2355
f 2239/1309/2359 2221/1303/2341 2235/1307/2355
f 2239/1309/2359 2235/1307/2355 2243/1306/2363
f 2244/1310/2364 2243/1311/2363 2236/1312/2356
f 2245/1318/2365 2244/1310/2364 2236/1312/2356
f 2245/1318/2365 2236/1312/2356 2234/1314/2354
f 2246/1319/2366 2248/1321/2368 2247/1320/2367
f 2249/1322/2369 2246/1319/2366 2247/1320/2367
f 2249/1322/2369 2247/1320/2367 2231/1310/2351
f 2226/1308/2346 2242/1315/2362 2229/1303/2349
f 2225/1307/2345 2226/1308/2346 2229/1303/2349
f 2225/1307/2345 2229/1303/2349 2230/1309/2350
f 2224/1306/2344 2225/1307/2345 2230/1309/2350
f 2229/1303/2349 2242/1315/2362 2240/1317/2360
f 2228/1304/2348 2229/1303/2349 2240/1317/2360
f 2228/1304/2348 2240/1317/2360 2241/1316/2361
f 2250/1323/2370 2228/1304/2348 2241/1316/2361
f 2242/1314/2362 2226/1314/2346 2251/1313/2371
f 2241/1312/2361 2242/1314/2362 2251/1313/2371
f 2241/1312/2361 2251/1313/2371 2252/1318/2372
f 2250/1311/2370 2241/1312/2361 2252/1318/2372
f 2223/1312/2343 2231/1310/2351 2253/1318/2373
f 2226/1314/2346 2223/1312/2343 2253/1318/2373
f 2226/1314/2346 2253/1318/2373 2254/1313/2374
f 2251/1313/2371 2226/1314/2346 2254/1313/2374
f 2253/1318/2373 2231/1310/2351 2247/1320/2367
f 2254/1313/2374 2253/1318/2373 2247/1320/2367
f 2254/1313/2374 2247/1320/2367 2248/1321/2368
f 2251/1313/2371 2254/1313/2374 2248/1321/2368
f 2232/1313/2352 2233/1314/2353 2237/1312/2357
f 2255/1318/2375 2232/1313/2352 2237/1312/2357
f 2255/1318/2375 2237/1312/2357 2256/1311/2376
f 2248/1321/2368 2246/1319/2366 2257/1321/2377
f 2251/1313/2371 2248/1321/2368 2257/1321/2377
f 2251/1313/2371 2257/1321/2377 2258/1324/2378
f 2252/1318/2372 2251/1313/2371 2258/1324/2378
f 2252/1318/2372 2258/1324/2378 2259/1310/2379
f 2250/1311/2370 2252/1318/2372 2259/1310/2379
f 2234/1314/2354 2232/1313/2352 2260/1313/2380
f 2245/1318/2365 2234/1314/2354 2260/1313/2380
f 2245/1318/2365 2260/1313/2380 2261/1320/2381
f 2244/1310/2364 2245/1318/2365 2261/1320/2381
f 2244/1310/2364 2261/1320/2381 2262/1322/2382
f 2260/1313/2380 2232/1313/2352 2263/1321/2383
f 2261/1320/2381 2260/1313/2380 2263/1321/2383
f 2261/1320/2381 2263/1321/2383 2264/1319/2384
f 2262/1322/2382 2261/1320/2381 2264/1319/2384
f 2265/1321/2385 2263/1321/2383 2232/1313/2352
f 2266/1324/2386 2265/1321/2385 2232/1313/2352
f 2266/1324/2386 2232/1313/2352 2255/1318/2375
f 2267/1310/2387 2266/1324/2386 2255/1318/2375
f 2267/1310/2387 2255/1318/2375 2256/1311/2376
f 2264/1319/2384 2263/1321/2383 2265/1321/2385
f 2268/1325/2388 2264/1319/2384 2265/1321/2385
f 2268/1325/2388 2265/1321/2385 2266/1324/2386
f 2269/1322/2389 2268/1325/2388 2266/1324/2386
f 2269/1322/2389 2266/1324/2386 2267/1310/2387
f 2233/1315/2353 2234/1308/2354 2221/1303/2341
f 2238/1317/2358 2233/1315/2353 2221/1303/2341
f 2238/1317/2358 2221/1303/2341 2222/1304/2342
f 2237/1316/2357 2238/1317/2358 2222/1304/2342
f 2237/1316/2357 2222/1304/2342 2256/1323/2376
f 2257/1321/2377 2246/1319/2366 2270/1325/2390
f 2258/1324/2378 2257/1321/2377 2270/1325/2390
f 2258/1324/2378 2270/1325/2390 2271/1322/2391
f 2259/1310/2379 2258/1324/2378 2271/1322/2391
v 0.2957813 2.514081 -0.7680662
vt 0.36987305 0.4156494
vn 0.7454435 0.023438163 -0.6661566
v 0.20203131 2.0902529 -0.6572264
vt 0.321167 0.013793945
vn 0.27954882 -0.85750675 -0.4318967
v 0.21619153 2.0873232 0.33935565
vt 0.04272461 0.009887695
vn 0.8126431 -0.5407855 0.21716876
v -1.2965038 2.083417 0.35449228
vt 0.0423584 0.009887695
vn -0.5359218 -0.76469576 0.3578103
v -0.8883007 2.0707216 -0.7812499
vt 0.9248047 -0.0020751953
vn -0.5760712 -0.61837 -0.53456575
v -0.43371075 2.0780458 0.89550793
vt 0.6102295 0.0057373047
vn 0.20520999 -0.7656002 0.609709
v 0.32019544 2.5111513 0.40576187
vt 0.012817383 0.4156494
vn 0.9141231 -0.003418274 0.40542245
v 0.18494141 2.9501162 -0.6503905
vt 0.3173828 0.6225586
vn 0.70676947 0.6164929 -0.3470062
v -0.8926953 2.930585 -0.7773437
vt 0.9210205 0.60668945
vn -0.19239494 0.77122754 -0.6067885
v -0.9659375 2.4945498 -0.9233397
vt 0.9847412 0.40368652
vn -0.53052026 -0.011108371 -0.84759945
v -1.4239452 2.507245 0.39062503
vt 0.018798828 0.4116211
vn -0.94674623 -0.0025635203 0.32197055
v -0.43419904 2.5023623 1.0517579
vt 0.5390625 0.40759277
vn 0.06531135 0.0034791364 0.9978589
v -1.2989452 2.9432802 0.35351565
vt 0.0423584 0.61865234
vn -0.65293336 0.7557839 0.049685597
v -0.4337108 2.9379091 0.89599615
vt 0.6102295 0.614624
vn -0.1415452 0.591084 0.79409367
v 0.21326178 2.9471865 0.33789074
vt 0.04296875 0.61865234
vn 0.47945318 0.81931263 0.3144065
v -0.28406245 2.5160341 -0.76269525
vn -0.75782424 0.00756856 -0.65241486
v -0.19128901 2.0917177 -0.65332025
vn -0.72939163 -0.5937064 -0.33985376
v 0.91613287 2.0746279 -0.83886707
vt 0.9248047 0.0017089844
vn 0.13208619 -0.78287303 -0.6079992
v -0.30847645 2.50871 0.41064456
vt 0.012817383 0.4116211
vn -0.9131181 0.004699903 0.4076681
v -0.2054491 2.0848818 0.3427735
vt 0.04272461 0.0057373047
vn -0.4862376 -0.8171918 0.3094684
v 0.4444533 2.498456 1.0551759
vt 0.5390625 0.40368652
vn -0.05011167 -0.018494397 0.99857235
v 0.44591814 2.0751162 0.8984376
vt 0.6102295 -0.0020751953
vn 0.15937582 -0.60808164 0.77771205
v 1.5455275 2.507245 0.27783218
vn 0.9573928 -0.010681855 0.28859127
v 1.4175978 2.083417 0.23974626
vt 0.046020508 0.0057373047
vn 0.62025744 -0.78420264 0.017517686
v 1.0591992 2.498456 -0.9760741
vn 0.4871299 -0.006408778 -0.87330604
v -0.20154291 2.944745 0.3491211
vn -0.80589783 0.5495952 0.22016758
v 0.4454298 2.9340029 0.9057618
vt 0.6064453 0.6105957
vn -0.19287969 0.7579072 0.62319666
v 1.421504 2.9432802 0.2451173
vt 0.034057617 0.614624
vn 0.5591326 0.7557445 0.34091213
v 0.9864453 2.9344912 -0.82519525
vt 0.9210205 0.6105957
vn 0.56112885 0.6062366 -0.5635705
v -0.17419922 2.9525576 -0.6401367
vn -0.27661753 0.8616524 -0.42548558
vt 0.8006592 0.5875244
vt 0.37670898 0.5283203
vt 0.74194336 0.5279541
vt 0.5678711 0.6126709
vt 0.31982422 0.5905762
vt 0.32373047 0.5878906
vt 0.796875 0.5871582
vt 0.5678711 0.6123047
vt 0.38989258 0.5279541
vt 0.73999023 0.5283203
o Joint_0_Object_23
g polygon_0
usemtl Material_94A1101A
f 2272/1326/2392 2274/1328/2394 2273/1327/2393
f 2275/1329/2395 2276/1330/2396 2273/1327/2393
f 2277/1331/2397 2275/1329/2395 2273/1327/2393
f 2277/1331/2397 2273/1327/2393 2274/1328/2394
f 2278/1332/2398 2277/1331/2397 2274/1328/2394
f 2278/1332/2398 2274/1328/2394 2272/1326/2392
f 2279/1333/2399 2278/1332/2398 2272/1326/2392
f 2279/1333/2399 2272/1326/2392 2280/1334/2400
f 2281/1335/2401 2273/1327/2393 2276/1330/2396
f 2282/1336/2402 2281/1335/2401 2276/1330/2396
f 2282/1336/2402 2276/1330/2396 2275/1329/2395
f 2283/1337/2403 2282/1336/2402 2275/1329/2395
f 2283/1337/2403 2275/1329/2395 2277/1331/2397
f 2278/1332/2398 2283/1337/2403 2277/1331/2397
f 2272/1326/2392 2273/1327/2393 2281/1335/2401
f 2280/1334/2400 2272/1326/2392 2281/1335/2401
f 2280/1334/2400 2281/1335/2401 2284/1338/2404
f 2284/1338/2404 2281/1335/2401 2282/1336/2402
f 2285/1339/2405 2284/1338/2404 2282/1336/2402
f 2285/1339/2405 2282/1336/2402 2283/1337/2403
f 2286/1340/2406 2285/1339/2405 2283/1337/2403
f 2286/1340/2406 2283/1337/2403 2278/1332/2398
f 2279/1333/2399 2286/1340/2406 2278/1332/2398
f 2287/1326/2407 2289/1341/2409 2288/1327/2408
f 2290/1342/2410 2287/1326/2407 2288/1327/2408
f 2290/1342/2410 2288/1327/2408 2291/1343/2411
f 2292/1344/2412 2290/1342/2410 2291/1343/2411
f 2292/1344/2412 2291/1343/2411 2293/1345/2413
f 2294/1336/2414 2292/1344/2412 2293/1345/2413
f 2294/1336/2414 2293/1345/2413 2295/1346/2415
f 2296/1335/2416 2294/1336/2414 2295/1346/2415
f 2296/1335/2416 2295/1346/2415 2289/1341/2409
f 2287/1326/2407 2296/1335/2416 2289/1341/2409
f 2297/1340/2417 2287/1326/2407 2290/1342/2410
f 2298/1347/2418 2297/1340/2417 2290/1342/2410
f 2298/1347/2418 2290/1342/2410 2292/1344/2412
f 2299/1348/2419 2298/1347/2418 2292/1344/2412
f 2299/1348/2419 2292/1344/2412 2294/1336/2414
f 2300/1349/2420 2299/1348/2419 2294/1336/2414
f 2300/1349/2420 2294/1336/2414 2296/1335/2416
f 2301/1333/2421 2300/1349/2420 2296/1335/2416
f 2301/1333/2421 2296/1335/2416 2287/1326/2407
f 2297/1340/2417 2301/1333/2421 2287/1326/2407
f 2299/1350/2419 2300/1352/2420 2301/1351/2421
f 2298/1353/2418 2299/1350/2419 2301/1351/2421
f 2298/1353/2418 2301/1351/2421 2297/1354/2417
f 2284/1355/2404 2285/1357/2405 2286/1356/2406
f 2280/1358/2400 2284/1355/2404 2286/1356/2406
f 2280/1358/2400 2286/1356/2406 2279/1359/2399
f 2295/1346/2415 2293/1345/2413 2291/1343/2411
f 2289/1341/2409 2295/1346/2415 2291/1343/2411
f 2289/1341/2409 2291/1343/2411 2288/1327/2408
v -4.198534 8.179765 0.050781257
vt 0.052124023 0.46801758
vn 0.517039 0.8551195 -0.037964605
v -5.561327 8.578202 -0.6376953
vt 0.29699707 0.39416504
vn -0.16333236 0.7247416 -0.6693819
v -4.1975574 7.549882 -0.5751953
vt 0.049072266 0.40063477
vn 0.45173755 0.07031502 -0.8893756
v 4.220996 7.549881 -0.52832025
vn -0.44574666 0.069337055 -0.89246976
v 5.665331 8.578201 -0.6376952
vn 0.16743025 0.7192848 -0.6742378
v 4.2327147 8.1826935 0.050781272
vn -0.5074145 0.8608894 -0.037416656
v -6.294237 7.5420694 0.068359375
vt 0.4300537 0.5374756
vn -0.99730444 -0.011597277 -0.07245244
v -5.595995 8.705155 0.6875
vt 0.29943848 0.67993164
vn -0.14764996 0.7775581 0.6112306
v -5.507616 7.2554483 -1.0039062
vt 0.2919922 0.2935791
vn -0.19135071 -0.64717454 -0.7379364
v -4.178026 7.1792765 -0.12695314
vt 0.052124023 0.501709
vn 0.26106045 -0.939073 -0.22358301
v -4.170702 7.7403116 0.47705078
vt 0.052124023 0.618042
vn 0.4945927 0.24177244 0.83481985
v -5.525194 6.900956 1.1884766
vt 0.29455566 0.74938965
vn -0.011353058 -0.765599 0.6432179
v -4.1921864 7.2456827 0.3623047
vt 0.05517578 0.6365967
vn 0.5102707 -0.6643286 0.54616064
v 6.397753 7.5420685 0.06835936
vn 0.99730444 -0.011597267 -0.072452426
v 5.61162 7.2554474 -1.0039061
vn 0.18640831 -0.6431513 -0.74270344
v 5.6995106 8.705154 0.6875
vn 0.15912618 0.76975054 0.61819327
v 4.243457 7.7403107 0.47705072
vn -0.47403535 0.24403718 0.846012
v 4.243945 7.1792755 -0.12695314
vn -0.25422138 -0.9380248 -0.2355439
v 5.62871 6.900955 1.1884764
vn 0.025941137 -0.7616317 0.6474907
v 4.233203 7.245682 0.36230463
vn -0.49537578 -0.6643261 0.5597086
o Joint_0_Object_24
g polygon_0
usemtl Material_6FF62752
f 2302/1360/2422 2304/1362/2424 2303/1361/2423
f 2305/1362/2425 2307/1360/2427 2306/1361/2426
f 2308/1363/2428 2309/1364/2429 2303/1361/2423
f 2310/1365/2430 2308/1363/2428 2303/1361/2423
f 2310/1365/2430 2303/1361/2423 2304/1362/2424
f 2311/1366/2431 2310/1365/2430 2304/1362/2424
f 2302/1360/2422 2303/1361/2423 2309/1364/2429
f 2312/1367/2432 2302/1360/2422 2309/1364/2429
f 2312/1367/2432 2309/1364/2429 2313/1368/2433
f 2314/1369/2434 2312/1367/2432 2313/1368/2433
f 2314/1369/2434 2313/1368/2433 2311/1366/2431
f 2310/1365/2430 2311/1366/2431 2313/1368/2433
f 2308/1363/2428 2310/1365/2430 2313/1368/2433
f 2308/1363/2428 2313/1368/2433 2309/1364/2429
f 2315/1363/2435 2316/1365/2436 2306/1361/2426
f 2317/1364/2437 2315/1363/2435 2306/1361/2426
f 2317/1364/2437 2306/1361/2426 2307/1360/2427
f 2318/1367/2438 2317/1364/2437 2307/1360/2427
f 2305/1362/2425 2306/1361/2426 2316/1365/2436
f 2319/1366/2439 2305/1362/2425 2316/1365/2436
f 2319/1366/2439 2316/1365/2436 2320/1368/2440
f 2321/1369/2441 2319/1366/2439 2320/1368/2440
f 2321/1369/2441 2320/1368/2440 2318/1367/2438
f 2317/1364/2437 2318/1367/2438 2320/1368/2440
f 2315/1363/2435 2317/1364/2437 2320/1368/2440
f 2315/1363/2435 2320/1368/2440 2316/1365/2436
vt 0.09326172 0.76171875
vn -0.0024413776 -0.99165356 0.12890828
vt 0.4033203 1.0056152
vt 0.60009766 1.0061035
vt 0.9609375 0.19921875
vn 0.00073248026 -0.9988425 -0.048095778
vt 0.19702148 0.06384277
vt 0.09301758 0.19934082
vt 0.47277832 0.004760742
vn -0.0010376347 -0.9487987 -0.31587964
vt 0.17382812 0.06384277
vt 0.8063965 0.06384277
vn -0.0010375696 -0.9988066 -0.048829433
vt 0.04284668 0.19934082
vn -0.0007934482 -0.9988393 -0.048159603
vt 0.9104004 0.19921875
vn -0.00079339894 -0.99994 -0.010925279
vt 0.003540039 0.61450195
vt 0.4029541 1.0061035
vn 0.0024415113 -0.99165356 0.12890828
vt 0.60009766 1.0056152
vt 0.91015625 0.76171875
vn 0.00036628722 -0.9919082 0.12695646
vt 0.099609375 0.76171875
vn 0.0003662919 -0.99950385 0.031495843
vt 0.006225586 0.61450195
vt 0.9971924 0.61450195
vn -0.0003051288 -0.99949807 0.031678773
vn -0.00042720741 -0.99950385 0.031495843
vt 0.9034424 0.76171875
vn -0.00036615386 -0.9919082 0.12695646
vt 1 0.61450195
vn 0.00079351687 -0.99994 -0.010925279
vn 0.00030525174 -0.99949807 0.031678773
vn -0.00030511883 -0.99994546 -0.010437055
vn 0.00030523675 -0.99994546 -0.010437055
vt 0.82958984 0.06384277
vn 0.0010376796 -0.9988037 -0.048890326
vn 0.0010376695 -0.94906664 -0.31507376
vt 0.53027344 0.004638672
o Joint_0_Object_25
g polygon_0
usemtl Material_8036B64A
f 2249/1370/2442 2270/1372/2442 2246/1371/2442
f 2243/1373/2443 2256/1375/2443 2222/1374/2443
f 2227/1376/2444 2228/1378/2444 2230/1377/2444
f 2228/1378/2445 2224/1379/2445 2230/1377/2445
f 2228/1378/2446 2250/1380/2446 2224/1379/2446
f 2250/1380/2447 2231/1381/2447 2224/1379/2447
f 2268/1382/2448 2262/1384/2448 2264/1383/2448
f 2268/1382/2449 2269/1385/2449 2262/1384/2449
f 2269/1385/2450 2267/1386/2450 2262/1384/2450
f 2259/1387/2451 2249/1370/2451 2231/1381/2451
f 2259/1387/2452 2271/1388/2452 2249/1370/2452
f 2271/1388/2453 2270/1372/2453 2249/1370/2453
f 2244/1389/2454 2256/1375/2454 2243/1373/2454
f 2267/1386/2455 2244/1389/2455 2262/1384/2455
f 2259/1387/2456 2231/1381/2456 2250/1380/2456
f 2244/1389/2457 2267/1386/2457 2256/1375/2457
f 2239/1390/2458 2243/1373/2458 2222/1374/2458
f 2239/1390/2459 2222/1374/2459 2220/1391/2459
v 3.4968748 8.216385 -0.57373035
vt 1.0036621 0.5062256
vn -0.122380346 0.67837167 -0.7244549
v 3.2395506 8.13533 -0.47900382
vt 0.9293213 0.67871094
vn -0.811444 0.46730965 -0.3509705
v 3.2893553 7.41951 -0.61914057
vt 0.7685547 0.6748047
vn -0.6745454 -0.1886114 -0.7137326
v 3.4983397 8.462967 0.34130862
vt 0.5449219 0.50231934
vn -0.10455678 0.88674873 0.45027164
v 4.0398436 8.3511505 0.25732422
vt 0.5449219 0.13757324
vn 0.5439164 0.82951665 0.1267165
v 4.045703 7.6182404 0.5527343
vt 0.11743164 0.12976074
vn 0.8383977 0.072816536 0.5401732
v 4.0481443 7.1133575 0.062011678
vt 0.23913574 0.12573242
vn 0.660399 -0.6909803 0.2939718
v 4.044238 7.4878693 -0.59619135
vt 0.7606201 0.13757324
vn 0.7724491 -0.34719002 -0.5317721
v 3.570117 7.534256 0.7143554
vt 0.0037841797 0.49438477
vn -0.017456722 -0.19293952 0.9810554
v 3.2415037 8.344315 0.29541016
vt 0.5371094 0.6748047
vn -0.81560487 0.38631657 0.4307531
v 4.0393553 8.155838 -0.46533194
vt 0.90966797 0.14160156
vn 0.69667995 0.4032125 -0.5933437
v 3.5549803 7.369705 -0.73974603
vt 0.8156738 0.50231934
vn -0.07391847 -0.41262487 -0.90789694
v 3.6038084 6.897049 0.09423822
vt 0.1607666 0.49438477
vn -0.010009916 -0.99043226 0.13763627
v 3.3333006 7.0196075 0.08642574
vt 0.21154785 0.66308594
vn -0.8462182 -0.5318161 -0.03296006
v 3.304492 7.558182 0.61181635
vt 0.08215332 0.6669922
vn -0.61650485 -0.3405426 0.7098961
v -3.2639637 8.255448 -0.515625
vt 0.9449463 0.67871094
vn 0.7615851 0.3883309 -0.5188326
v -3.4929676 8.290605 -0.5932617
vt 1.0036621 0.52575684
vn 0.031495064 0.7370823 -0.67506874
v -3.4524403 7.428788 -0.76123047
vt 0.8156738 0.51794434
vn 0.10284776 -0.41572478 -0.90365654
v -3.2654285 8.343339 0.2861328
vt 0.50183105 0.6748047
vn 0.56767654 0.7981045 0.20192198
v -3.4929676 8.408769 0.33007812
vt 0.5057373 0.51794434
vn 0.044923443 0.88015777 0.47255075
v -3.2288074 7.6446085 0.6386719
vt 0.06262207 0.6669922
vn 0.8499531 0.08295058 0.52028733
v -3.4495106 7.5957804 0.71728516
vt 0.0037841797 0.51013184
vn 0.09894144 -0.1445973 0.9845315
v -3.2048817 7.0738077 0.08349609
vt 0.1998291 0.66308594
vn 0.7098803 -0.64438576 0.28431836
v -3.4231434 6.9468546 0.08691405
vt 0.1607666 0.51013184
vn 0.14898966 -0.97633713 0.15674129
v -3.2292957 7.497636 -0.66308594
vt 0.7762451 0.6748047
vn 0.822433 -0.321551 -0.4692642
v -3.999315 7.4829874 -0.63916016
vt 0.7762451 0.13757324
vn -0.5610557 -0.18494335 -0.8068534
v -4.0017567 8.207597 -0.48291016
vt 0.92541504 0.14160156
vn -0.7415628 0.5810913 -0.33528724
v -3.997362 7.0894327 0.1040039
vt 0.20776367 0.12573242
vn -0.81675184 -0.5752849 -0.044313736
v -4.0017567 8.299882 0.28564453
vt 0.5057373 0.13757324
vn -0.7231972 0.494604 0.4820298
v -3.999315 7.628495 0.6113281
vt 0.09008789 0.12976074
vn -0.51205456 -0.33827707 0.789537
vt 0.9625244 0.5921631
vt -0.0037841797 0.6324463
vt 0.30371094 0.5748291
vt 0.9625244 0.67333984
vt 0.319458 0.68933105
vt 0.95861816 0.671875
vt 0.28796387 0.57299805
vt 0.954834 0.59399414
vt 0.2722168 0.6888428
vt -0.0037841797 0.6298828
o Joint_0_Object_26
g polygon_0
usemtl Material_94A1101A
f 2322/1392/2460 2324/1394/2462 2323/1393/2461
f 2325/1395/2463 2327/1397/2465 2326/1396/2464
f 2328/1398/2466 2329/1399/2467 2327/1397/2465
f 2330/1400/2468 2328/1398/2466 2327/1397/2465
f 2330/1400/2468 2327/1397/2465 2325/1395/2463
f 2331/1401/2469 2330/1400/2468 2325/1395/2463
f 2331/1401/2469 2325/1395/2463 2323/1393/2461
f 2327/1397/2465 2329/1399/2467 2332/1402/2470
f 2326/1396/2464 2327/1397/2465 2332/1402/2470
f 2326/1396/2464 2332/1402/2470 2322/1392/2460
f 2325/1395/2463 2326/1396/2464 2322/1392/2460
f 2325/1395/2463 2322/1392/2460 2323/1393/2461
f 2333/1403/2471 2332/1402/2470 2329/1399/2467
f 2334/1404/2472 2333/1403/2471 2329/1399/2467
f 2334/1404/2472 2329/1399/2467 2328/1398/2466
f 2330/1400/2468 2334/1404/2472 2328/1398/2466
f 2322/1392/2460 2332/1402/2470 2333/1403/2471
f 2324/1394/2462 2322/1392/2460 2333/1403/2471
f 2324/1394/2462 2333/1403/2471 2335/1405/2473
f 2335/1405/2473 2333/1403/2471 2334/1404/2472
f 2336/1406/2474 2335/1405/2473 2334/1404/2472
f 2336/1406/2474 2334/1404/2472 2330/1400/2468
f 2331/1401/2469 2336/1406/2474 2330/1400/2468
f 2337/1407/2475 2339/1409/2477 2338/1408/2476
f 2340/1410/2478 2337/1407/2475 2338/1408/2476
f 2340/1410/2478 2338/1408/2476 2341/1411/2479
f 2342/1412/2480 2340/1410/2478 2341/1411/2479
f 2342/1412/2480 2341/1411/2479 2343/1413/2481
f 2344/1414/2482 2342/1412/2480 2343/1413/2481
f 2344/1414/2482 2343/1413/2481 2345/1415/2483
f 2346/1416/2484 2344/1414/2482 2345/1415/2483
f 2346/1416/2484 2345/1415/2483 2339/1409/2477
f 2337/1407/2475 2346/1416/2484 2339/1409/2477
f 2338/1408/2476 2339/1409/2477 2347/1417/2485
f 2348/1418/2486 2338/1408/2476 2347/1417/2485
f 2348/1418/2486 2347/1417/2485 2349/1419/2487
f 2350/1420/2488 2348/1418/2486 2349/1419/2487
f 2350/1420/2488 2349/1419/2487 2351/1421/2489
f 2343/1413/2481 2350/1420/2488 2351/1421/2489
f 2343/1413/2481 2351/1421/2489 2345/1415/2483
f 2345/1415/2483 2351/1421/2489 2349/1419/2487
f 2339/1409/2477 2345/1415/2483 2349/1419/2487
f 2339/1409/2477 2349/1419/2487 2347/1417/2485
f 2350/1420/2488 2343/1413/2481 2341/1411/2479
f 2348/1418/2486 2350/1420/2488 2341/1411/2479
f 2348/1418/2486 2341/1411/2479 2338/1408/2476
f 2337/1422/2475 2340/1424/2478 2342/1423/2480
f 2346/1425/2484 2337/1422/2475 2342/1423/2480
f 2346/1425/2484 2342/1423/2480 2344/1426/2482
f 2323/1427/2461 2324/1429/2462 2335/1428/2473
f 2331/1430/2469 2323/1427/2461 2335/1428/2473
f 2331/1430/2469 2335/1428/2473 2336/1431/2474
v 1.1998243 2.079999 0.4052736
vt 0.27746582 0.994751
vn 0.7640212 -0.0039675985 0.6451789
v 1.1998243 1.8534365 0.4052736
vt 0.27856445 0.0009765625
vn 0.790312 -0.5434158 0.2830304
v 0.60949236 1.8480654 0.75732434
vt 0.005126953 0.0009765625
vn 0.1532091 -0.5524681 0.81933266
v 0.60949236 2.0795107 0.760254
vt -0.0028076172 0.99816895
vn -0.17462936 -0.0079349745 0.9846023
vt 0.81396484 0.998291
v 1.1964064 2.0804873 -0.3789061
vt 0.09631348 0.99816895
vn 0.9423115 -0.0012818435 -0.33473477
vt 0.8149414 0.00061035156
v 1.1964064 1.8553896 -0.37792954
vt 0.10021973 0.00048828125
vn 0.61759216 -0.48489344 -0.6192401
vt 0.5229492 0.4761963
vt 0.5428467 0.5081787
v 0.59484386 1.7186708 0.02734389
vt 0.5262451 0.54125977
vn 0.008240026 -0.9999657 0.00085457513
vt 0.53149414 0.47302246
v -0.023320198 2.079999 0.40478525
vt 1.7237549 0.998291
vn -0.94270605 -6.100002E-05 0.33362448
v -0.027226448 1.8431826 -0.3730468
vt 1.0006104 0.0009765625
vn -0.716726 -0.4311831 -0.5480739
v -0.027226448 2.0790224 -0.3749999
vt 1.0010986 0.99816895
vn -0.855502 -0.0043335822 -0.5177814
v 0.6094923 1.8490419 -0.7045897
vt 0.53723145 0.48913574
vn 0.039980147 -0.3913784 -0.91936094
vt 0.5371094 0.4892578
vt 0.5263672 0.5411377
v -0.023320138 1.8509951 0.40478525
vt 0.5258789 0.47094727
vn -0.63707 -0.5496614 0.5403834
v -1.2203319 1.8431826 -0.3730468
vt 0.5440674 0.49829102
v -1.2164257 1.8509951 0.40478525
v -0.5987499 1.7186708 0.027343893
v -0.58410144 1.8490419 -0.7045897
vt 0.53149414 0.47009277
vt -0.029296875 0.994751
vt -0.028564453 0.0009765625
v 0.6099805 2.0780458 -0.7045897
vn 0.014099321 -0.0029296828 -0.99989635
v 0.0067189336 1.8534365 0.4052736
v 0.0033009052 1.8553896 -0.37792954
v -0.5841014 1.8480654 0.75732434
v 0.0033009052 2.0804873 -0.3789061
vn 0.94231164 -0.0012208052 -0.33473483
v 0.006718874 2.079999 0.4052736
v -0.5841014 2.0795107 0.760254
vt 0.00048828125 0.99816895
v -1.2164257 2.079999 0.40478525
v -1.2203319 2.0790224 -0.3749999
v -0.5836132 2.0780458 -0.7045897
vt 1.730835 0.00061035156
vt 1.9991455 0.9984131
vt 2.0003662 0.0007324219
vt 0.004638672 0.0009765625
vt 0.00061035156 0.99816895
vt 1.9991455 0.99816895
o Joint_0_Object_27
g polygon_0
usemtl Material_07B490EB
f 2352/1432/2490 2354/1434/2492 2353/1433/2491
f 2352/1432/2490 2355/1435/2493 2354/1434/2492
f 2352/1436/2490 2353/1438/2491 2356/1437/2494
f 2356/1437/2494 2353/1438/2491 2357/1439/2495
f 2353/1440/2491 2358/1442/2496 2357/1441/2495
f 2354/1441/2492 2358/1442/2496 2353/1443/2491
f 2359/1444/2497 2361/1446/2499 2360/1445/2498
f 2357/1441/2495 2362/1448/2500 2362/1447/2500
f 2357/1441/2495 2358/1449/2496 2362/1448/2500
f 2363/1450/2501 2358/1442/2496 2354/1441/2492
f 2364/1451/2498 2366/1442/2496 2365/1450/2501
f 2367/1447/2500 2367/1448/2500 2367/1447/2500
f 2367/1447/2500 2367/1448/2500 2364/1452/2498
f 2361/1453/2499 2368/1453/2502 2360/1454/2498
f 2369/1440/2491 2366/1442/2496 2370/1441/2495
f 2371/1441/2492 2366/1442/2496 2369/1443/2491
f 2365/1450/2501 2366/1442/2496 2371/1441/2492
f 2372/1437/2503 2369/1438/2491 2370/1439/2495
f 2373/1436/2490 2369/1438/2491 2372/1437/2503
f 2373/1453/2490 2374/1455/2493 2371/1434/2492
f 2373/1453/2490 2371/1434/2492 2369/1454/2491
f 2375/1444/2497 2376/1446/2499 2364/1445/2498
f 2376/1453/2499 2377/1453/2502 2364/1454/2498
f 2360/1451/2498 2358/1442/2496 2363/1450/2501
f 2375/1444/2497 2364/1445/2498 2365/1456/2501
f 2374/1457/2493 2375/1444/2497 2365/1456/2501
f 2374/1457/2493 2365/1456/2501 2371/1458/2492
f 2366/1449/2496 2364/1452/2498 2367/1448/2500
f 2370/1441/2495 2366/1449/2496 2367/1448/2500
f 2360/1452/2498 2362/1448/2500 2358/1449/2496
f 2367/1454/2500 2364/1454/2498 2377/1453/2502
f 2370/1459/2495 2367/1454/2500 2377/1453/2502
f 2370/1459/2495 2377/1453/2502 2372/1460/2503
f 2362/1454/2500 2360/1454/2498 2368/1453/2502
f 2357/1459/2495 2362/1454/2500 2368/1453/2502
f 2357/1459/2495 2368/1453/2502 2356/1460/2494
f 2359/1444/2497 2360/1445/2498 2363/1456/2501
f 2355/1461/2493 2359/1444/2497 2363/1456/2501
f 2355/1461/2493 2363/1456/2501 2354/1458/2492
v -4.0051746 7.543046 -0.6196289
vt 1.1447754 0.998291
vn -6.10383E-05 -0.44112387 -0.8974462
v -4.1907215 7.0679483 -0.1489258
vn -0.46248552 -0.8559981 -0.23102917
v -4.005663 7.066972 -0.14794923
vn -0.004577894 -0.9664241 -0.2569115
v 4.23125 7.7730255 0.5561523
vn 0.4624856 0.2310291 0.85599804
v 4.2253904 8.243729 0.08105472
vn 0.5480515 0.8313242 0.09241011
v 4.328906 7.6709747 -0.03222656
vn 0.9999658 -0.0053102 -0.006347826
v 4.046191 7.772049 0.55712885
vn 0.0045778956 0.2569114 0.9664241
v 4.047168 7.2188263 0.4038085
vn 0.0032349771 -0.71749353 0.69655764
v 4.2219725 7.091385 -0.11962893
vn 0.54507995 -0.8328186 -0.09644196
v 4.2268553 7.2188263 0.4038085
vn 0.693196 -0.52149916 0.49751166
v 4.2234373 7.565506 -0.5976562
vn 0.5412227 -0.37037763 -0.75491613
v 4.227832 8.10701 -0.48388663
vn 0.5645864 0.45429367 -0.6891005
v 4.0452147 7.565506 -0.5976562
vn 0.004211561 -0.11267444 -0.9936231
v 4.045703 8.108475 -0.48535147
vn 0.008667642 0.82928574 -0.5587576
v 4.045703 8.243729 0.08105472
vn 6.1038314E-05 0.8974462 0.4411239
v -4.0066395 7.220292 0.40527344
vn -0.0032349767 -0.6965577 0.71749353
vt 0.33569336 0.998291
v 4.0452147 7.0908966 -0.11914065
vn 0.0013427921 -0.89802253 -0.4399475
vt 0.33654785 0.00061035156
v -4.181444 7.7437296 0.53271484
vn -0.54512274 0.09643874 0.8327909
v -4.1858387 7.220292 0.40527344
vn -0.69319594 -0.4975117 0.5214992
v -4.288378 7.6568155 -0.046875
vn -0.9999658 0.006347827 0.0053102016
v -4.1824207 8.221757 0.05859376
vn -0.54123485 0.75493324 0.37032503
v -4.1873035 8.107987 -0.48291016
vn -0.5645863 0.68910056 -0.45429367
v -4.184374 7.543046 -0.6196289
vn -0.5480514 -0.092410095 -0.8313243
v -4.0046864 7.7432413 0.5332031
vn -0.0013427916 0.43994743 0.89802253
v -4.0046864 8.221757 0.05859376
vn -0.00421156 0.9936231 0.11267451
v -4.0051746 8.109452 -0.484375
vn -0.00866764 0.5587576 -0.82928574
vt 1.1518555 0.00061035156
vt 1.3000488 0.9984131
vt 1.3012695 0.0007324219
o Joint_0_Object_28
g polygon_0
usemtl Material_07B490EB
f 2378/1462/2504 2380/1446/2506 2379/1445/2505
f 2381/1451/2507 2383/1442/2509 2382/1450/2508
f 2384/1453/2510 2385/1453/2511 2381/1454/2507
f 2386/1441/2512 2383/1449/2509 2387/1448/2513
f 2387/1448/2513 2383/1449/2509 2381/1452/2507
f 2388/1440/2514 2383/1442/2509 2386/1441/2512
f 2389/1441/2515 2383/1442/2509 2388/1443/2514
f 2382/1450/2508 2383/1442/2509 2389/1441/2515
f 2390/1432/2516 2391/1435/2517 2389/1434/2515
f 2390/1432/2516 2389/1434/2515 2388/1433/2514
f 2392/1444/2518 2384/1446/2510 2381/1445/2507
f 2380/1453/2506 2393/1453/2519 2379/1454/2505
f 2390/1463/2516 2388/1464/2514 2394/1437/2520
f 2395/1441/2521 2397/1449/2523 2396/1448/2522
f 2396/1448/2522 2397/1449/2523 2379/1452/2505
f 2398/1440/2524 2397/1442/2523 2395/1441/2521
f 2399/1441/2525 2397/1442/2523 2398/1443/2524
f 2400/1450/2526 2397/1442/2523 2399/1441/2525
f 2401/1437/2527 2398/1438/2524 2395/1439/2521
f 2402/1436/2528 2398/1438/2524 2401/1437/2527
f 2402/1453/2528 2403/1455/2529 2399/1434/2525
f 2402/1453/2528 2399/1434/2525 2398/1454/2524
f 2379/1451/2505 2397/1442/2523 2400/1450/2526
f 2394/1437/2520 2388/1464/2514 2386/1439/2512
f 2392/1444/2518 2381/1445/2507 2382/1456/2508
f 2391/1461/2517 2392/1444/2518 2382/1456/2508
f 2391/1461/2517 2382/1456/2508 2389/1458/2515
f 2378/1462/2504 2379/1445/2505 2400/1465/2526
f 2403/1466/2529 2378/1462/2504 2400/1465/2526
f 2403/1466/2529 2400/1465/2526 2399/1467/2525
f 2396/1454/2522 2379/1454/2505 2393/1453/2519
f 2395/1459/2521 2396/1454/2522 2393/1453/2519
f 2395/1459/2521 2393/1453/2519 2401/1460/2527
f 2387/1454/2513 2381/1454/2507 2385/1453/2511
f 2386/1459/2512 2387/1454/2513 2385/1453/2511
f 2386/1459/2512 2385/1453/2511 2394/1460/2520
v -0.4423828 6.0852537 -3.1371288
vt 0.78356934 0.15441895
vn 0.72773165 0.684152 0.048401512
v -0.23925781 5.6418943 -3.264082
vt 0.99035645 0.17687988
vn 0.99835336 -0.056705203 -0.008667533
v -0.21435547 5.812871 -1.0600586
vt 0.8469238 0.0056152344
vn 0.8176805 0.5729745 0.055667706
v -2.8886135 5.3308573 -10.022836
vt 0.16027832 0.82580566
vn 0.39808986 -0.67575175 -0.6203903
v -2.695254 5.8259745 -10.212777
vt 0.008544922 0.8360596
vn 0.84475416 0.122989856 -0.52083
v -3.0917385 6.0364237 -11.088265
vt 0.13024902 0.9805908
vn -0.17127061 -0.10748665 -0.9793432
v -0.33642578 5.4876757 -0.85253906
vt 0.27819824 0.0059814453
vn 0.24775119 -0.914891 0.3187378
vt -0.0068359375 0.0057373047
vt -0.006958008 0.17590332
v -3.54584 6.306443 -9.818246
vt 0.6911621 0.82006836
vn -0.057010286 0.97546184 -0.21265934
v -2.9789455 6.113572 -10.032113
vt 0.80029297 0.83569336
vn 0.36115718 0.8227816 -0.43885756
v -2.6357422 7.1674805 -7.4780273
vt 0.7095947 0.6279297
vn -0.059329253 0.97752875 -0.20228101
v -4.162051 6.118943 -9.670297
vt 0.5847168 0.83410645
vn -0.4830062 0.86584646 -0.13044158
v -4.788028 6.0203104 -10.53016
vt 0.51416016 0.9790039
vn -0.5809634 0.093205616 -0.8085755
v -4.0985746 5.6384745 -9.874398
vt 0.5949707 0.8826904
vn -0.61308223 0.06561762 -0.7872894
vt 0.8183594 0.9798584
vt 0.9177246 0.83374023
v -4.109805 6.136033 -11.24891
vt 0.7026367 0.9355469
vn -0.25355694 0.49911776 -0.8286075
v -4.2514067 5.323533 -9.574594
vt 0.38098145 0.8210449
vn -0.70907235 -0.6773329 -0.19605237
v -3.8056056 5.5100565 -10.490121
vt 0.27539062 0.9005127
vn -0.14710368 -0.8592442 -0.48995903
vt 0.27612305 0.97875977
v -3.1600978 5.632127 -10.134164
vt 0.18322754 0.8671875
vn -0.07098554 0.029785851 -0.9970325
v 3.1600978 5.632127 -10.134164
vn 0.07098554 0.029785851 -0.9970325
v 3.0917385 6.0364237 -11.088265
vn 0.17127061 -0.10748665 -0.9793432
v 2.8886135 5.3308573 -10.022836
vn -0.39808986 -0.67575175 -0.6203903
v 0.33251953 5.6313477 -5.7436523
vt -0.006958008 0.39978027
vn -0.97428 -0.0048219594 -0.22528927
v 0.23925781 5.6418943 -3.264082
vn -0.99835336 -0.056705203 -0.008667533
v 0.53222656 4.9365234 -5.7231445
vt 0.07397461 0.38378906
vn -0.86374724 -0.49184337 -0.1096851
v 1.9072266 4.211426 -5.2055664
vt 0.25 0.45544434
vn -0.13196002 -0.97987336 0.14978255
v 0.9458008 4.9163084 -2.9652538
vt 0.2947998 0.11193848
vn -0.1873293 -0.9580713 0.21681124
v 1.6108398 5.0359373 -2.748457
vt 0.38049316 0.21118164
vn 0.34267458 -0.83440715 0.4316699
v 1.125 6.4148436 -2.9125195
vt 0.55322266 0.17504883
vn 0.030335773 0.9498698 0.31117055
v 0.4423828 6.0852537 -3.1371288
vn -0.72773165 0.684152 0.048401512
v 1.0024414 6.833496 -5.5004883
vt 0.8000488 0.30358887
vn -0.51967716 0.8541652 0.018372426
v 3.510254 4.35791 -7.190918
vt 0.33764648 0.6088867
vn 0.57162654 -0.81736803 0.071781404
v 2.6577148 4.032715 -7.430176
vt 0.2512207 0.6203613
vn 0.09851558 -0.9776481 -0.18573909
v 2.7719727 4.4506836 -4.8964844
vt 0.34448242 0.41711426
vn 0.4533262 -0.8262049 0.334486
v 4.109805 6.136033 -11.24891
vn 0.25355694 0.49911776 -0.8286075
v 3.8056056 5.5100565 -10.490121
vn 0.14710368 -0.8592442 -0.48995903
v 4.2514067 5.323533 -9.574594
vn 0.70907235 -0.6773329 -0.19605237
v 4.0985746 5.6384745 -9.874398
vt 0.36437988 0.87072754
vn 0.61308223 0.06561762 -0.7872894
v 1.2163086 6.0581055 -7.9140625
vt -0.006958008 0.6352539
vn -0.8205413 0.36562097 -0.43935555
v 1.2836914 4.928711 -7.925293
vt 0.07373047 0.604126
vn -0.79164577 -0.43983033 -0.42408288
v 2.695254 5.8259745 -10.212777
vn -0.84475416 0.122989856 -0.52083
v 2.9789455 6.113572 -10.032113
vn -0.36115718 0.8227816 -0.43885756
vt 0.94311523 0.62231445
v -1.125 6.4148436 -2.9125195
vn -0.030335773 0.9498698 0.31117055
v -0.5751953 5.675664 -0.80566406
vt 0.47973633 0.005493164
vn -0.7996784 0.2646062 0.5389787
v -1.9868164 5.639941 -2.6136913
vt 0.4855957 0.2253418
vn -0.7735217 -0.05652025 0.63124454
v 1.9868164 5.639941 -2.6136913
vn 0.7735217 -0.05652025 0.63124454
v 0.5698242 5.675664 -0.76708984
vn 0.7996784 0.2646062 0.5389787
v -3.239746 4.973633 -4.7402344
vt 0.41430664 0.40698242
vn -0.7954478 -0.46077624 0.39363438
v -3.3447266 5.645508 -4.6782227
vt 0.48254395 0.36584473
vn -0.89169437 0.01440481 0.4524087
v 1.762207 4.378418 -7.7421875
vt 0.15539551 0.61157227
vn -0.41841114 -0.8660592 -0.2736305
v 0.3334961 5.4876757 -0.8642578
vn -0.24775119 -0.914891 0.3187378
v 1.0361328 4.426758 -5.5463867
vt 0.15466309 0.43249512
vn -0.5433646 -0.8377532 -0.054080095
v 0.47705078 5.916875 -0.9506836
vt 0.61865234 0.0056152344
vn 0.20606132 0.92922914 0.30671152
v 0.21386719 5.812871 -1.0527344
vn -0.8176805 0.5729745 0.055667706
v -1.6108398 5.0359373 -2.748457
vn -0.34267458 -0.83440715 0.4316699
v -2.7719727 4.4506836 -4.8964844
vn -0.4533262 -0.8262049 0.334486
vt 0.7784424 0.87524414
v 3.239746 4.973633 -4.7402344
vn 0.7954478 -0.46077624 0.39363438
v 3.3447266 5.645508 -4.6782227
vn 0.89169437 0.01440481 0.4524087
v 4.162051 6.118943 -9.670297
vn 0.4830062 0.86584646 -0.13044158
v 4.788028 6.0203104 -10.53016
vn 0.5809634 0.093205616 -0.8085755
v 4.5165434 5.9089823 -9.745492
vt 0.5064697 0.8132324
vn 0.9708957 0.1884292 0.14783788
v 3.54584 6.306443 -9.818246
vn 0.057010286 0.97546184 -0.21265934
v 2.6357422 7.1674805 -7.4780273
vn 0.059329253 0.97752875 -0.20228101
v 1.7460938 6.8911133 -7.732422
vt 0.8144531 0.55236816
vn -0.5037371 0.8178327 -0.27820596
v 0.5253906 6.314453 -5.644043
vt 0.8951416 0.3774414
vn -0.85471654 0.50002414 -0.13941103
vt 0.9902344 0.40100098
v -1.7460938 6.8911133 -7.732422
vn 0.5037371 0.8178327 -0.27820596
v -0.5253906 6.314453 -5.644043
vn 0.85471654 0.50002414 -0.13941103
v -1.0024414 6.833496 -5.5004883
vn 0.51967716 0.8541652 0.018372426
v -1.2163086 6.0581055 -7.9140625
vn 0.8205413 0.36562097 -0.43935555
v -0.33251953 5.6313477 -5.7436523
vn 0.97428 -0.0048219594 -0.22528927
v -0.48828125 5.916875 -0.94189453
vn -0.20606132 0.92922914 0.30671152
v -1.0361328 4.426758 -5.5463867
vn 0.5433646 -0.8377532 -0.054080095
v -0.46289062 5.1282225 -3.1351757
vt 0.19458008 0.20788574
vn 0.65975255 -0.7466087 0.085452266
v -0.53222656 4.9365234 -5.7231445
vn 0.86374724 -0.49184337 -0.1096851
v -1.9072266 4.211426 -5.2055664
vn 0.13196002 -0.97987336 0.14978255
v -0.9458008 4.9163084 -2.9652538
vn 0.1873293 -0.9580713 0.21681124
v -1.762207 4.378418 -7.7421875
vn 0.41841114 -0.8660592 -0.2736305
v -2.6577148 4.032715 -7.430176
vn -0.09851558 -0.9776481 -0.18573909
v -1.2836914 4.928711 -7.925293
vn 0.79164577 -0.43983033 -0.42408288
v -3.510254 4.35791 -7.190918
vn -0.57162654 -0.81736803 0.071781404
v -4.041504 4.882324 -7.017578
vt 0.40625 0.6090088
vn -0.870899 -0.47408697 0.12952395
v -3.2143555 6.3466797 -4.748535
vt 0.54626465 0.37182617
vn -0.8178038 0.39388624 0.41958377
v -4.040039 6.366699 -7.0043945
vt 0.54748535 0.6212158
vn -0.79323316 0.5891874 0.15375148
v -2.8017578 6.8808594 -4.927246
vt 0.616333 0.3668213
vn -0.48580277 0.802896 0.345476
v -4.20459 5.6523438 -6.9819336
vt 0.47924805 0.5172119
vn -0.96273637 0.009582806 0.27027178
v -4.5165434 5.9089823 -9.745492
vn -0.9708957 0.1884292 0.14783788
v 4.041504 4.882324 -7.017578
vn 0.870899 -0.47408697 0.12952395
vt 0.41503906 0.40820312
v 4.20459 5.6523438 -6.9819336
vn 0.96273637 0.009582806 0.27027178
v 3.2143555 6.3466797 -4.748535
vn 0.8178038 0.39388624 0.41958377
v 2.8017578 6.8808594 -4.927246
vn 0.48580277 0.802896 0.345476
v 1.9145508 7.1088867 -5.198242
vt 0.7110596 0.4046631
vn -0.04419199 0.99438083 0.09619693
v 4.040039 6.366699 -7.0043945
vn 0.79323316 0.5891874 0.15375148
v 3.5566406 6.879883 -7.1796875
vt 0.6159668 0.616333
vn 0.46778443 0.88301635 0.038208906
v 0.46289062 5.1282225 -3.1351757
vn -0.65975255 -0.7466087 0.085452266
v -1.9145508 7.1088867 -5.198242
vn 0.04419199 0.99438083 0.09619693
v -3.5566406 6.879883 -7.1796875
vn -0.46778443 0.88301635 0.038208906
o Joint_0_Object_29
g polygon_0
usemtl Material_2653A0A0
f 2404/1468/2530 2406/1470/2532 2405/1469/2531
f 2407/1471/2533 2409/1473/2535 2408/1472/2534
f 2410/1474/2536 2405/1476/2531 2406/1475/2532
f 2411/1477/2537 2413/1479/2539 2412/1478/2538
f 2414/1480/2540 2416/1482/2542 2415/1481/2541
f 2412/1478/2538 2408/1484/2534 2409/1483/2535
f 2417/1485/2543 2416/1482/2542 2414/1480/2540
f 2418/1486/2544 2417/1488/2543 2419/1487/2545
f 2407/1471/2533 2420/1489/2546 2409/1473/2535
f 2421/1489/2547 2423/1471/2549 2422/1473/2548
f 2424/1490/2550 2426/1491/2552 2425/1476/2551
f 2427/1492/2553 2429/1494/2555 2428/1493/2554
f 2430/1495/2556 2432/1496/2558 2431/1468/2557
f 2433/1497/2559 2435/1499/2561 2434/1498/2560
f 2436/1488/2562 2438/1486/2564 2437/1487/2563
f 2436/1488/2562 2439/1500/2565 2438/1486/2564
f 2440/1501/2566 2442/1472/2568 2441/1502/2567
f 2443/1478/2569 2442/1484/2568 2440/1503/2566
f 2444/1495/2570 2446/1505/2572 2445/1504/2571
f 2447/1505/2573 2430/1495/2556 2448/1504/2574
f 2449/1506/2575 2446/1505/2572 2450/1507/2576
f 2451/1508/2577 2423/1471/2549 2434/1498/2560
f 2427/1492/2553 2451/1508/2577 2434/1498/2560
f 2427/1492/2553 2434/1498/2560 2435/1499/2561
f 2429/1494/2555 2427/1492/2553 2435/1499/2561
f 2429/1494/2555 2435/1499/2561 2447/1505/2573
f 2452/1474/2578 2429/1494/2555 2447/1505/2573
f 2452/1474/2578 2447/1505/2573 2448/1504/2574
f 2424/1490/2550 2440/1501/2566 2441/1502/2567
f 2426/1491/2552 2424/1490/2550 2441/1502/2567
f 2426/1491/2552 2441/1502/2567 2453/1509/2579
f 2454/1510/2580 2448/1504/2574 2430/1495/2556
f 2455/1470/2581 2454/1510/2580 2430/1495/2556
f 2455/1470/2581 2430/1495/2556 2431/1468/2557
f 2410/1474/2536 2445/1504/2571 2446/1505/2572
f 2456/1494/2582 2410/1474/2536 2446/1505/2572
f 2456/1494/2582 2446/1505/2572 2457/1499/2583
f 2422/1483/2548 2442/1484/2568 2443/1478/2569
f 2421/1511/2547 2422/1483/2548 2443/1478/2569
f 2421/1511/2547 2443/1478/2569 2436/1485/2562
f 2435/1499/2561 2433/1497/2559 2458/1506/2584
f 2447/1505/2573 2435/1499/2561 2458/1506/2584
f 2447/1505/2573 2458/1506/2584 2459/1507/2585
f 2439/1482/2565 2436/1485/2562 2460/1480/2586
f 2461/1481/2587 2439/1482/2565 2460/1480/2586
f 2461/1481/2587 2460/1480/2586 2462/1512/2588
f 2436/1485/2562 2443/1478/2569 2463/1477/2589
f 2460/1480/2586 2436/1485/2562 2463/1477/2589
f 2460/1480/2586 2463/1477/2589 2464/1479/2590
f 2464/1479/2590 2463/1477/2589 2443/1478/2569
f 2465/1513/2591 2464/1479/2590 2443/1478/2569
f 2465/1513/2591 2443/1478/2569 2440/1503/2566
f 2466/1514/2592 2465/1513/2591 2440/1503/2566
f 2466/1514/2592 2440/1503/2566 2424/1515/2550
f 2425/1469/2551 2466/1514/2592 2424/1515/2550
f 2467/1513/2593 2469/1496/2595 2468/1514/2594
f 2470/1503/2596 2467/1513/2593 2468/1514/2594
f 2470/1503/2596 2468/1514/2594 2471/1515/2597
f 2469/1496/2595 2444/1495/2570 2404/1468/2530
f 2468/1514/2594 2469/1496/2595 2404/1468/2530
f 2468/1514/2594 2404/1468/2530 2405/1469/2531
f 2471/1515/2597 2468/1514/2594 2405/1469/2531
f 2406/1470/2532 2404/1468/2530 2444/1495/2570
f 2472/1510/2598 2406/1470/2532 2444/1495/2570
f 2472/1510/2598 2444/1495/2570 2445/1504/2571
f 2473/1509/2599 2475/1491/2601 2474/1516/2600
f 2476/1492/2602 2473/1509/2599 2474/1516/2600
f 2476/1492/2602 2474/1516/2600 2477/1493/2603
f 2476/1492/2602 2479/1498/2605 2478/1508/2604
f 2473/1509/2599 2476/1492/2602 2478/1508/2604
f 2473/1509/2599 2478/1508/2604 2480/1502/2606
f 2475/1491/2601 2473/1509/2599 2480/1502/2606
f 2478/1508/2604 2479/1498/2605 2407/1471/2533
f 2480/1502/2606 2478/1508/2604 2407/1471/2533
f 2480/1502/2606 2407/1471/2533 2408/1472/2534
f 2457/1499/2583 2446/1505/2572 2449/1506/2575
f 2481/1497/2607 2457/1499/2583 2449/1506/2575
f 2481/1497/2607 2449/1506/2575 2482/1517/2608
f 2483/1518/2609 2485/1520/2611 2484/1519/2610
f 2486/1521/2612 2483/1518/2609 2484/1519/2610
f 2486/1521/2612 2484/1519/2610 2487/1512/2613
f 2482/1517/2608 2486/1521/2612 2487/1512/2613
f 2482/1517/2608 2487/1512/2613 2418/1486/2544
f 2481/1497/2607 2482/1517/2608 2418/1486/2544
f 2481/1497/2607 2418/1486/2544 2479/1498/2605
f 2457/1499/2583 2481/1497/2607 2479/1498/2605
f 2457/1499/2583 2479/1498/2605 2476/1492/2602
f 2456/1494/2582 2457/1499/2583 2476/1492/2602
f 2456/1494/2582 2476/1492/2602 2477/1493/2603
f 2410/1474/2536 2456/1494/2582 2477/1493/2603
f 2410/1474/2536 2477/1493/2603 2474/1516/2600
f 2405/1476/2531 2410/1474/2536 2474/1516/2600
f 2405/1476/2531 2474/1516/2600 2475/1491/2601
f 2471/1490/2597 2405/1476/2531 2475/1491/2601
f 2471/1490/2597 2475/1491/2601 2480/1502/2606
f 2470/1501/2596 2471/1490/2597 2480/1502/2606
f 2470/1501/2596 2480/1502/2606 2408/1472/2534
f 2479/1498/2605 2418/1486/2544 2419/1487/2545
f 2407/1471/2533 2479/1498/2605 2419/1487/2545
f 2407/1471/2533 2419/1487/2545 2417/1488/2543
f 2420/1489/2546 2407/1471/2533 2417/1488/2543
f 2437/1487/2563 2434/1498/2560 2423/1471/2549
f 2436/1488/2562 2437/1487/2563 2423/1471/2549
f 2436/1488/2562 2423/1471/2549 2421/1489/2547
f 2434/1498/2560 2437/1487/2563 2438/1486/2564
f 2433/1497/2559 2434/1498/2560 2438/1486/2564
f 2433/1497/2559 2438/1486/2564 2488/1517/2614
f 2458/1506/2584 2433/1497/2559 2488/1517/2614
f 2462/1512/2588 2488/1517/2614 2438/1486/2564
f 2461/1481/2587 2462/1512/2588 2438/1486/2564
f 2461/1481/2587 2438/1486/2564 2439/1500/2565
f 2458/1522/2584 2488/1517/2614 2489/1521/2615
f 2459/1507/2585 2458/1522/2584 2489/1521/2615
f 2459/1507/2585 2489/1521/2615 2490/1518/2616
f 2447/1505/2573 2459/1507/2585 2490/1518/2616
f 2447/1505/2573 2490/1518/2616 2491/1520/2617
f 2430/1495/2556 2447/1505/2573 2491/1520/2617
f 2430/1495/2556 2491/1520/2617 2492/1523/2618
f 2432/1496/2558 2430/1495/2556 2492/1523/2618
f 2490/1518/2616 2489/1521/2615 2493/1519/2619
f 2491/1520/2617 2490/1518/2616 2493/1519/2619
f 2491/1520/2617 2493/1519/2619 2494/1524/2620
f 2492/1523/2618 2491/1520/2617 2494/1524/2620
f 2489/1521/2615 2488/1517/2614 2462/1512/2588
f 2493/1519/2619 2489/1521/2615 2462/1512/2588
f 2493/1519/2619 2462/1512/2588 2460/1480/2586
f 2494/1524/2620 2493/1519/2619 2460/1480/2586
f 2494/1524/2620 2460/1480/2586 2464/1479/2590
f 2492/1523/2618 2494/1524/2620 2464/1479/2590
f 2492/1523/2618 2464/1479/2590 2465/1513/2591
f 2432/1496/2558 2492/1523/2618 2465/1513/2591
f 2432/1496/2558 2465/1513/2591 2466/1514/2592
f 2431/1468/2557 2432/1496/2558 2466/1514/2592
f 2431/1468/2557 2466/1514/2592 2425/1469/2551
f 2455/1470/2581 2431/1468/2557 2425/1469/2551
f 2427/1492/2553 2495/1516/2621 2453/1509/2579
f 2451/1508/2577 2427/1492/2553 2453/1509/2579
f 2451/1508/2577 2453/1509/2579 2441/1502/2567
f 2423/1471/2549 2451/1508/2577 2441/1502/2567
f 2423/1471/2549 2441/1502/2567 2442/1472/2568
f 2422/1473/2548 2423/1471/2549 2442/1472/2568
f 2495/1516/2621 2427/1492/2553 2428/1493/2554
f 2452/1474/2578 2495/1516/2621 2428/1493/2554
f 2452/1474/2578 2428/1493/2554 2429/1494/2555
f 2469/1496/2595 2467/1513/2593 2496/1523/2622
f 2444/1495/2570 2469/1496/2595 2496/1523/2622
f 2444/1495/2570 2496/1523/2622 2485/1520/2611
f 2446/1505/2572 2444/1495/2570 2485/1520/2611
f 2446/1505/2572 2485/1520/2611 2483/1518/2609
f 2450/1507/2576 2446/1505/2572 2483/1518/2609
f 2450/1507/2576 2483/1518/2609 2486/1521/2612
f 2449/1522/2575 2450/1507/2576 2486/1521/2612
f 2449/1522/2575 2486/1521/2612 2482/1517/2608
f 2413/1479/2539 2496/1523/2622 2467/1513/2593
f 2412/1478/2538 2413/1479/2539 2467/1513/2593
f 2412/1478/2538 2467/1513/2593 2470/1503/2596
f 2408/1484/2534 2412/1478/2538 2470/1503/2596
f 2497/1524/2623 2496/1523/2622 2413/1479/2539
f 2414/1480/2540 2497/1524/2623 2413/1479/2539
f 2414/1480/2540 2413/1479/2539 2411/1477/2537
f 2417/1485/2543 2414/1480/2540 2411/1477/2537
f 2417/1485/2543 2411/1477/2537 2412/1478/2538
f 2420/1511/2546 2417/1485/2543 2412/1478/2538
f 2420/1511/2546 2412/1478/2538 2409/1483/2535
f 2485/1520/2611 2496/1523/2622 2497/1524/2623
f 2484/1519/2610 2485/1520/2611 2497/1524/2623
f 2484/1519/2610 2497/1524/2623 2414/1480/2540
f 2487/1512/2613 2484/1519/2610 2414/1480/2540
f 2487/1512/2613 2414/1480/2540 2415/1481/2541
f 2418/1486/2544 2487/1512/2613 2415/1481/2541
f 2418/1486/2544 2415/1481/2541 2416/1500/2542
f 2417/1488/2543 2418/1486/2544 2416/1500/2542
f 2426/1491/2552 2453/1509/2579 2495/1516/2621
f 2425/1476/2551 2426/1491/2552 2495/1516/2621
f 2425/1476/2551 2495/1516/2621 2452/1474/2578
f 2455/1475/2581 2425/1476/2551 2452/1474/2578
v 0 7.8717575 0.9038086
vt 0.9914551 0.9737549
vn 0.022889316 0.30213898 0.95298904
v -0.99121094 6.9137497 0.7895508
vt 0.4260254 0.64990234
vn -0.39753374 0.12683481 0.9087794
v -0.33203125 7.8873825 0.8017578
vt 0.7684326 0.97558594
vn -0.25032103 0.33327305 0.90899307
v -0.8383789 7.6412888 0.7861328
vt 0.43652344 0.8985596
vn -0.30830327 0.41524196 0.85587573
v 0.99121094 6.9137497 0.7895508
vt 0.42578125 0.6488037
vn 0.40600875 0.1250009 0.90527993
v 0.83984375 7.6442184 0.78759766
vt 0.43029785 0.8980713
vn 0.30853966 0.4206027 0.8531686
v 0.33203125 7.8873825 0.8017578
vt 0.7474365 0.97387695
vn 0.31050274 0.60476923 0.73337734
v 1.065918 7.905937 0.44970703
vt 0.24768066 0.9847412
vn 0.25458682 0.67415756 0.6933233
v 0.83984375 7.6427536 0.7885742
vt 0.43041992 0.8977051
v 0.5908203 7.8732224 0.65625
vt 0.56225586 0.9719238
vn 0.311416 0.70395154 0.63833565
v 0.33154297 7.8873825 0.8022461
vt 0.74780273 0.97387695
v -1.0585938 7.8991013 0.44189453
vt 0.2508545 0.98376465
vn -0.2667923 0.681416 0.68153805
v -0.5913086 7.872246 0.6513672
vt 0.5744629 0.9733887
vn -0.3210552 0.70845777 0.62849915
v -0.33154297 7.8873825 0.8022461
vt 0.76867676 0.97558594
v -1.2939453 7.0748825 0.61816406
vt 0.14208984 0.7001953
vn -0.44892666 0.09936813 0.88802636
v -0.91015625 7.2975388 0.78759766
vt 0.4284668 0.7850342
vn -0.45088544 0.098575875 0.8871218
vt 0.42614746 0.64990234
v -1.3442383 7.499199 0.54296875
vt 0.045288086 0.84887695
vn -0.45291218 0.09784612 0.8861697
v 1.3608398 7.509941 0.54296875
vn 0.44227576 0.08679494 0.8926695
v 0.91259766 7.2921677 0.7866211
vt 0.42382812 0.78186035
vn 0.44556502 0.093080364 0.89039755
v 0.83984375 7.64373 0.7885742
vt 0.43029785 0.8979492
v 1.2939453 7.0748825 0.61816406
vt 0.15136719 0.6989746
vn 0.44887793 0.09937085 0.88805073
vt 0.42578125 0.6489258
v 0 6.7211914 1.4233398
vt 0.9902344 0.56018066
vn 0.13861522 0.20612225 0.96865857
v 1.2714844 5.9217577 0.5957031
vt 0.12158203 0.26452637
vn 0.5626522 -0.08502652 0.8223096
v 0 5.9373827 1.496582
vt 0.9902344 0.27026367
vn 0.0005493226 -0.18139853 0.9834095
v 0.93652344 5.42957 0.6308594
vt 0.3416748 0.08068848
vn 0.46634156 -0.5637606 0.6816888
v 0.00390625 5.42957 1.2568359
vt 0.9902344 0.0826416
vn -0.13007009 -0.6762913 0.7250599
v 0.00048828125 5.21375 0.71777344
vt 0.9902344 0.0028076172
vn -0.0009155428 -0.9282994 0.37183246
v -0.9277344 5.42957 0.6308594
vt 0.35009766 0.08081055
vn -0.41920745 -0.6587197 0.6247827
vt 0.9906006 0.27062988
v -1.2714844 5.9217577 0.5957031
vt 0.11303711 0.26489258
vn -0.555164 -0.2278034 0.79993665
vt 0.9906006 0.08276367
o Joint_0_Object_30
g polygon_0
usemtl Material_8828E06C
f 2498/1525/2624 2500/1527/2626 2499/1526/2625
f 2499/1526/2625 2500/1527/2626 2501/1528/2627
f 2502/1529/2628 2503/1530/2629 2498/1525/2624
f 2503/1530/2629 2504/1531/2630 2498/1525/2624
f 2505/1532/2631 2507/1534/2632 2506/1533/2629
f 2506/1533/2629 2507/1534/2632 2508/1535/2630
f 2509/1536/2633 2501/1528/2627 2510/1537/2634
f 2510/1537/2634 2501/1528/2627 2511/1538/2626
f 2512/1539/2635 2499/1541/2625 2513/1540/2636
f 2514/1542/2637 2513/1540/2636 2501/1528/2627
f 2515/1542/2638 2517/1544/2629 2516/1543/2639
f 2516/1543/2639 2502/1546/2628 2518/1545/2640
f 2502/1529/2628 2498/1525/2624 2519/1547/2641
f 2520/1548/2642 2502/1529/2628 2519/1547/2641
f 2520/1548/2642 2519/1547/2641 2521/1549/2643
f 2522/1550/2644 2520/1548/2642 2521/1549/2643
f 2522/1550/2644 2521/1549/2643 2523/1551/2645
f 2524/1552/2646 2522/1550/2644 2523/1551/2645
f 2524/1552/2646 2523/1551/2645 2525/1553/2647
f 2519/1547/2641 2498/1525/2624 2499/1526/2625
f 2521/1554/2643 2519/1547/2641 2499/1526/2625
f 2521/1554/2643 2499/1526/2625 2526/1555/2648
f 2523/1556/2645 2521/1554/2643 2526/1555/2648
f 2523/1556/2645 2526/1555/2648 2525/1553/2647
vt 0.21691895 0.87890625
vn -0.00048829836 0.93606794 0.35181898
vt 0.24719238 0.8835449
vn -0.2232798 0.8934244 0.38979355
v -0.47314453 7.938652 0.6035156
vt 0.2689209 0.8988037
vn -0.29468828 0.9075032 0.29932714
vt 0.3244629 0.29821777
vn -0.98234725 -0.1843961 0.03149566
v -1.1142578 5.42957 -0.31152344
vt 0.4239502 0.15185547
vn -0.7049375 -0.66886353 -0.23597613
v -1.2294922 5.9373827 -0.50878906
vt 0.44555664 0.30285645
vn -0.8715153 -0.054996166 -0.4872746
vt 0.3031006 0.15185547
vn -0.41708058 -0.86492485 0.2791931
v 0.46728516 7.938652 0.6035156
vt 0.9139404 0.8988037
vn 0.40798753 0.87896776 0.24690448
v 0 8.220879 0
vt 0.96533203 0.9827881
vn 0.010742219 0.9999419 -0.00091553
v 0.57421875 7.938652 -0.21484375
vt 0.7655029 0.8988037
vn 0.55110925 0.7528388 -0.35987818
vt 0.21691895 0.9827881
v -0.0029296875 7.9655075 -0.52783203
vt 0.59033203 0.90686035
vn -0.09937051 0.7494905 -0.65451473
vt 0.96533203 0.87890625
vt 0.9349365 0.8835449
vn 0.22108203 0.89720726 0.38228512
v 0 6.7211914 -1.0678711
vt 0.59106445 0.53637695
vn 0.21759786 0.2219315 -0.9504723
v -1.0683594 6.7211914 -0.42773438
vt 0.4407959 0.53637695
vn -0.75075585 0.24280544 -0.61433804
v 0 5.9373827 -1.2407227
vt 0.59106445 0.30285645
vn 0.001525916 -0.08520715 -0.99636215
v 0.00390625 5.42957 -1.0581055
vt 0.59155273 0.15185547
vn -0.10889226 -0.61660856 -0.7797028
v -0.0048828125 4.8812304 -0.111816406
vt 0.2253418 -0.011474609
vn -0.0020752186 -0.9999502 -0.009765735
v 1.1230469 5.42957 -0.31152344
vt 0.009887695 0.15185547
vn 0.6631735 -0.61226815 -0.43049818
vt 0.16540527 0.8988037
v -0.0029296875 7.938652 0.7626953
vt 0.21716309 0.8988037
vn -0.00030518346 0.9221424 0.38685057
v -0.9223633 5.4266405 0.62646484
vt 0.3031006 0.1508789
vt 0.21679688 0.087524414
vn -0.083803296 -0.92482704 0.3710417
vt 0.29638672 0.59350586
vn -0.9697601 0.24396597 -0.006775137
v 0 7.561699 -0.9013672
vt 0.59106445 0.7866211
vn -0.012390576 0.46278498 -0.88638395
v -0.80908203 7.561699 -0.3330078
vt 0.43518066 0.7866211
vn -0.79902226 0.4145565 -0.4355529
v 0.8027344 7.561699 -0.3330078
vt 0.7468262 0.7866211
vn 0.82504344 0.41090423 -0.3878931
vt 0.28710938 0.81030273
vn -0.7852822 0.60313827 0.1398431
v -0.64160156 7.938652 -0.21484375
vt 0.41540527 0.8988037
vn -0.58309734 0.7756116 -0.24171102
vt 0.8951416 0.8111572
vn 0.7470444 0.65219134 0.1287292
vt 0.13012695 0.15185547
vn 0.69729835 -0.69668794 0.16852598
vt 0.87854004 0.15185547
v 1.2294922 5.9373827 -0.50878906
vt 0.73669434 0.30285645
vn 0.8762042 -0.067447275 -0.4771971
vt 0.75842285 0.15185547
vt 0.8577881 0.29821777
vn 0.99866974 0.014648621 -0.049439095
v 0.9663086 6.7211914 -0.42773438
vt 0.73791504 0.53637695
vn 0.8767017 0.27906984 -0.3918087
vt 0.88586426 0.59350586
vn 0.9723016 0.22735867 -0.054199863
o Joint_0_Object_31
g polygon_0
usemtl Material_77981CB9
f 2498/1557/2649 2527/1559/2651 2500/1558/2650
f 2526/1560/2652 2529/1562/2654 2528/1561/2653
f 2526/1560/2652 2528/1561/2653 2525/1563/2655
f 2530/1564/2656 2532/1566/2658 2531/1565/2657
f 2532/1566/2658 2533/1568/2659 2531/1567/2657
f 2498/1569/2649 2504/1570/2660 2530/1564/2656
f 2534/1571/2661 2536/1573/2663 2535/1572/2662
f 2537/1574/2664 2539/1576/2666 2538/1575/2665
f 2530/1577/2656 2540/1578/2667 2498/1557/2649
f 2541/1579/2655 2524/1580/2668 2525/1563/2655
f 2535/1572/2662 2536/1573/2663 2529/1562/2654
f 2499/1581/2669 2535/1572/2662 2529/1562/2654
f 2499/1581/2669 2529/1562/2654 2526/1560/2652
f 2527/1559/2651 2498/1557/2649 2540/1578/2667
f 2531/1567/2657 2527/1559/2651 2540/1578/2667
f 2531/1567/2657 2540/1578/2667 2530/1577/2656
f 2535/1572/2662 2543/1583/2671 2542/1582/2670
f 2534/1571/2661 2535/1572/2662 2542/1582/2670
f 2534/1571/2661 2542/1582/2670 2544/1584/2672
f 2501/1585/2673 2545/1586/2674 2543/1583/2671
f 2499/1581/2669 2501/1585/2673 2543/1583/2671
f 2499/1581/2669 2543/1583/2671 2535/1572/2662
f 2543/1583/2671 2545/1586/2674 2533/1568/2659
f 2542/1582/2670 2543/1583/2671 2533/1568/2659
f 2542/1582/2670 2533/1568/2659 2532/1566/2658
f 2544/1584/2672 2542/1582/2670 2532/1566/2658
f 2544/1584/2672 2532/1566/2658 2530/1564/2656
f 2503/1587/2675 2544/1584/2672 2530/1564/2656
f 2503/1587/2675 2530/1564/2656 2504/1570/2660
f 2524/1580/2668 2541/1579/2655 2538/1575/2665
f 2522/1588/2676 2524/1580/2668 2538/1575/2665
f 2522/1588/2676 2538/1575/2665 2539/1576/2666
f 2522/1589/2676 2539/1591/2666 2546/1590/2677
f 2520/1592/2678 2522/1589/2676 2546/1590/2677
f 2520/1592/2678 2546/1590/2677 2547/1593/2679
f 2502/1594/2680 2520/1592/2678 2547/1593/2679
f 2539/1591/2666 2537/1574/2664 2536/1573/2663
f 2546/1590/2677 2539/1591/2666 2536/1573/2663
f 2546/1590/2677 2536/1573/2663 2534/1571/2661
f 2547/1593/2679 2546/1590/2677 2534/1571/2661
f 2547/1593/2679 2534/1571/2661 2544/1584/2672
f 2502/1594/2680 2547/1593/2679 2544/1584/2672
f 2502/1594/2680 2544/1584/2672 2503/1587/2675
f 2529/1562/2654 2536/1573/2663 2537/1574/2664
f 2528/1561/2653 2529/1562/2654 2537/1574/2664
f 2528/1561/2653 2537/1574/2664 2538/1575/2665
f 2525/1563/2655 2528/1561/2653 2538/1575/2665
f 2531/1567/2657 2533/1568/2659 2545/1586/2674
f 2527/1559/2651 2531/1567/2657 2545/1586/2674
f 2527/1559/2651 2545/1586/2674 2501/1585/2673
f 2500/1558/2650 2527/1559/2651 2501/1585/2673
v 0 9.334141 2.1240234
vt 0.5 0.8461914
vn -0.0029907757 0.99818665 0.060120698
v -0.13964844 9.279453 2.4423828
vt 0.28271484 0.68566895
vn -0.5939838 0.7103878 0.3775347
v -0.22216797 9.277012 2.1606445
vt 0.15734863 0.76208496
vn -0.5825013 0.7908906 0.1875748
v 0 9.316074 2.4394531
vt 0.5 0.73950195
vn -0.0043946737 0.95944273 0.2818695
v -0.14501953 8.968906 2.2260742
vt 0.27490234 0.22924805
vn -0.6070439 -0.6639333 0.43668097
v 0 9.02457 2.4648438
vt 0.5 0.31103516
vn -0.009766411 -0.7978547 0.6027707
v 0 8.88834 2.2338867
vt 0.5 0.11071777
vn -0.006530879 -0.8612215 0.50818783
v 0 9.241856 2.5625
vt 0.5 0.6303711
vn -0.0072635384 0.49508035 0.86881685
v 0.14550781 9.279453 2.4423828
vt 0.7171631 0.68566895
vn 0.59012544 0.7131802 0.37831998
v 0.09033203 9.202793 2.5498047
vt 0.6329346 0.572876
vn 0.5170544 0.087956004 0.8514215
v 0.17578125 9.190098 2.4501953
vt 0.7631836 0.55444336
vn 0.85973185 -0.044314187 0.50881964
v 0.09863281 9.074375 2.4604492
vt 0.64575195 0.38391113
vn 0.56861186 -0.6001065 0.5626303
v 0.28564453 9.1525 2.209961
vt 0.9295654 0.49865723
vn 0.9148329 0.03515771 0.4022994
v 0.1508789 8.968906 2.2260742
vt 0.7249756 0.22924805
vn 0.60019433 -0.6687409 0.43880782
v -0.084472656 9.202793 2.5498047
vt 0.36694336 0.572876
vn -0.52431077 0.08453672 0.8473204
v -0.16992188 9.190098 2.4501953
vt 0.23669434 0.55444336
vn -0.85973185 -0.044314187 0.50881964
v -0.27978516 9.1525 2.209961
vt 0.0703125 0.49865723
vn -0.9148329 0.03515771 0.4022994
v 0 9.122715 2.557129
vt 0.5 0.45495605
vn -0.011719455 -0.44808602 0.8939136
v -0.09277344 9.074375 2.4604492
vt 0.35412598 0.38391113
vn -0.5782712 -0.594141 0.5591054
v 0.22802734 9.277012 2.1606445
vt 0.8425293 0.76208496
vn 0.5806682 0.792353 0.1870859
o Joint_24_Object_0_SINGLE
g polygon_0
usemtl Material_28C38771
f 2548/1595/2681 2550/1597/2683 2549/1596/2682
f 2549/1596/2682 2551/1598/2684 2548/1595/2681
f 2552/1599/2685 2554/1601/2687 2553/1600/2686
f 2551/1598/2684 2549/1596/2682 2555/1602/2688
f 2556/1603/2689 2551/1598/2684 2555/1602/2688
f 2556/1603/2689 2555/1602/2688 2557/1604/2690
f 2558/1605/2691 2556/1603/2689 2557/1604/2690
f 2558/1605/2691 2557/1604/2690 2559/1606/2692
f 2560/1607/2693 2558/1605/2691 2559/1606/2692
f 2560/1607/2693 2559/1606/2692 2561/1608/2694
f 2562/1609/2695 2555/1602/2688 2549/1596/2682
f 2563/1610/2696 2562/1609/2695 2549/1596/2682
f 2563/1610/2696 2549/1596/2682 2550/1597/2683
f 2564/1611/2697 2563/1610/2696 2550/1597/2683
f 2565/1612/2698 2555/1602/2688 2562/1609/2695
f 2566/1613/2699 2565/1612/2698 2562/1609/2695
f 2566/1613/2699 2562/1609/2695 2563/1610/2696
f 2564/1611/2697 2566/1613/2699 2563/1610/2696
f 2557/1604/2690 2555/1602/2688 2565/1612/2698
f 2559/1606/2692 2557/1604/2690 2565/1612/2698
f 2559/1606/2692 2565/1612/2698 2553/1600/2686
f 2561/1608/2694 2559/1606/2692 2553/1600/2686
f 2561/1608/2694 2553/1600/2686 2554/1601/2687
f 2553/1600/2686 2565/1612/2698 2566/1613/2699
f 2552/1599/2685 2553/1600/2686 2566/1613/2699
f 2552/1599/2685 2566/1613/2699 2564/1611/2697
f 2548/1595/2681 2551/1598/2684 2556/1603/2689
f 2567/1614/2700 2548/1595/2681 2556/1603/2689
f 2567/1614/2700 2556/1603/2689 2558/1605/2691
f 2560/1607/2693 2567/1614/2700 2558/1605/2691
v 1.4140625 8.85709 1.1787109
vt 0.5999756 0.65808105
vn 0.7718424 0.26680294 0.5771269
v 2.0292969 8.638828 0.32763672
vt 0.38012695 0.5953369
vn 0.7065663 -0.31336483 0.6344814
v 1.3530273 8.591953 1.1972656
vt 0.6140137 0.59606934
vn 0.68344325 -0.36293235 0.63339204
v 2.3144531 8.741856 -0.3227539
vt 0.2121582 0.6135254
vn 0.4226863 -0.71865827 0.5521473
v 2.6152344 8.863926 -0.3720703
vt 0.16821289 0.67163086
vn 0.7640147 -0.3393722 0.5487331
v 2.4526367 8.718418 -0.4609375
vt 0.1673584 0.61608887
vn 0.39279082 -0.7566488 0.52268344
v 0.265625 7.9361916 0.3310547
vt 0.67626953 0.22912598
vn 0.11554641 -0.98528796 -0.12592301
vt 0.5251465 0.38354492
vn 0.3026288 -0.94298345 0.13855734
vt 0.5480957 0.24060059
vn 0.18359932 -0.95467985 -0.23426004
v 2.0961914 9.178379 0.24658203
vt 0.34594727 0.7331543
vn 0.6409092 0.39357927 0.65903777
v 2.104004 8.95377 0.35058594
vt 0.36535645 0.67456055
vn 0.81803524 0.10846505 0.56484836
v 1.6689453 9.014317 0.68408203
vt 0.48095703 0.7036133
vn 0.6731105 0.35187542 0.65046597
v 2.7749023 8.49332 -1.0263672
vt 0.013427734 0.6064453
vn -0.07477239 -0.83848834 0.53976506
v 0.2626953 8.884434 2.1767578
vt 0.92944336 0.66882324
vn 0.32906574 -0.41165262 0.84985757
vt 0.98742676 0.6612549
vn 0 -0.42634076 0.90456265
v 0.14501953 8.968906 2.2260742
vt 0.958374 0.68652344
vn 0.25062865 -0.2047879 0.94617504
v 0.7841797 8.811192 1.8286133
vt 0.7963867 0.64904785
vn 0.5526461 -0.3178295 0.77043283
v 0.27978516 9.1525 2.209961
vt 0.93151855 0.73327637
vn 0.59229875 0.20105442 0.7802303
v 0.83447266 9.05582 1.8027344
vt 0.7849121 0.70410156
vn 0.66965455 0.28407368 0.686196
v 2.6298828 8.978672 -0.4506836
vt 0.15344238 0.69921875
vn 0.85384154 0.5172245 0.058595177
v 2.3310547 9.237461 -0.31982422
vt 0.20935059 0.7734375
vn 0.44582194 0.8776662 -0.17591166
v 2.5517578 9.045078 -0.53808594
vt 0.14025879 0.727417
vn 0.7283574 0.66970056 -0.14490241
v 2.3300781 7.514805 -0.65234375
vt 0.1661377 0.305542
vn 0.9480709 -0.22444351 0.22535911
v 2.1879883 7.715 -0.40576172
vt 0.2355957 0.33947754
vn 0.2552054 -0.6752169 0.6920638
v 2.3393555 7.754551 -0.45214844
vt 0.20983887 0.36010742
vn 0.96249294 -0.08447525 0.25782043
v 1.6313477 8.131016 0.13232422
vt 0.42407227 0.40612793
vn 0.1466708 -0.84840786 0.50861746
v 1.6499023 8.323887 0.47802734
vt 0.46081543 0.4942627
vn 0.5762656 -0.62350947 0.52835023
v 2.1206055 8.123692 0.037597656
vt 0.32556152 0.44274902
vn 0.62801415 -0.36329478 0.688197
vt 0.651001 0.099365234
vn 0 -0.9744878 -0.22444044
v -1.3330078 9.227695 0.6689453
vt 0.5300293 0.7906494
vn -0.15240747 0.92836106 0.33899522
v -2.0922852 9.520664 -0.047851562
vt 0.30700684 0.8408203
vn -0.31501186 0.8539074 0.414258
v -1.8881836 9.558262 -0.22021484
vt 0.32214355 0.9033203
vn 0.0032959871 0.9764667 0.21564302
v -0.5107422 7.9669533 0.71728516
vt 0.6878662 0.3334961
vn -0.10889176 -0.98191804 0.15485336
v 0 8.002598 1.21875
vt 0.85095215 0.3638916
vn 0.0006714314 -0.93261826 0.36086386
v 0 7.9669533 0.71728516
vt 0.77526855 0.25915527
vn 0 -0.98851377 0.1511306
v -0.33496094 9.400547 1.4262695
vt 0.7963867 0.8725586
vn -0.38184658 0.9231214 0.04516727
v -0.9111328 9.2086525 1.5732422
vt 0.73620605 0.7409668
vn -0.52731806 0.7728179 0.35311207
v -0.78125 9.273594 1.1762695
vt 0.6873779 0.8222656
vn -0.2669165 0.9562118 0.120060556
v -2.125 9.396641 0.06738281
vt 0.31201172 0.7982178
vn -0.67887104 0.58761835 0.44027126
v -2.3310547 9.237461 -0.31982422
vn -0.44582194 0.8776662 -0.17591166
v -2.1533203 9.258457 -0.23242188
vt 0.24084473 0.79907227
vn -0.9853721 -0.14831853 0.08392509
v -0.2626953 8.884434 2.1767578
vn -0.32905692 -0.41158056 0.8498959
vn -0.59229875 0.20105442 0.7802303
vn -0.25062865 -0.2047879 0.94617504
v -1.6689453 9.014317 0.68408203
vn -0.6731105 0.35187542 0.65046597
v -1.3896484 9.162266 0.88183594
vt 0.5534668 0.74487305
vn -0.49363667 0.7781477 0.38834137
v -1.3100586 9.070469 1.0966797
vt 0.59973145 0.7167969
vn -0.6976055 0.5279803 0.48433805
v -2.1206055 8.123692 0.037597656
vn -0.62801415 -0.36329478 0.688197
v -1.6499023 8.323887 0.47802734
vn -0.5762656 -0.62350947 0.52835023
v -1.6313477 8.131016 0.13232422
vn -0.1466708 -0.84840786 0.50861746
vn -0.3026288 -0.94298345 0.13855734
v -2.177246 8.761875 -0.17138672
vt 0.25646973 0.6217041
vn -0.87460834 -0.32215667 0.36231944
v -2.104004 8.95377 0.35058594
vn -0.81803524 0.10846505 0.56484836
v -2.4916992 8.512852 -0.44433594
vt 0.18371582 0.54345703
vn -0.88580084 0.4421069 0.14106159
v 2.4277344 9.008457 -0.08154297
vt 0.24499512 0.69921875
vn 0.7675438 -0.1485037 0.62355685
v 0.22216797 9.277012 2.1606445
vt 0.9334717 0.76782227
vn 0.50883335 0.7851635 0.35299703
vt 0.9610596 0.81469727
vn 0 0.950792 0.3098299
v 0.33642578 9.30582 1.9311523
vt 0.8803711 0.7871094
vn 0.41956326 0.7986595 0.4314043
v -0.24658203 8.112461 1.3417969
vt 0.8552246 0.4625244
vn -0.1336101 -0.7855468 0.6042057
v 0 8.083164 1.3364258
vt 0.9029541 0.4411621
vn 0.003235043 -0.824936 0.56521696
v -0.2524414 9.425449 1.7416992
vt 0.86157227 0.84033203
vn -0.34388733 0.91233295 0.22223885
v 0 9.468906 1.8061523
vt 0.9099121 0.8751221
vn 0 0.9430917 0.33253276
v -0.33642578 9.30582 1.9311523
vn -0.41956326 0.7986595 0.4314043
v -0.18359375 9.483067 1.550293
vt 0.84155273 0.885376
vn -0.3477874 0.9195187 0.18311027
v 0 9.527988 1.5976562
vt 0.8769531 0.91174316
vn 0 0.9616068 0.2744309
v 2.036621 8.297031 -0.061035156
vt 0.31811523 0.49108887
vn 0.7762247 -0.20331873 0.5967719
v 2.2167969 8.105625 -0.31298828
vt 0.24731445 0.44519043
vn 0.9134663 0.40302137 0.05615321
v 2.2729492 7.8473244 -0.52001953
vt 0.1953125 0.38708496
vn 0.862393 0.3651849 -0.35059702
v 1.8950195 8.017246 -0.07373047
vt 0.3330078 0.39953613
vn 0.05536044 -0.7758396 0.62849665
v -0.8491211 8.105625 0.95654297
vt 0.66467285 0.430542
vn -0.29310083 -0.8979189 0.32838035
v -0.4580078 8.053379 1.0893555
vt 0.7631836 0.41796875
vn -0.24946219 -0.9069022 0.33955425
v -0.30517578 8.090488 1.2993164
vt 0.8326416 0.45166016
vn -0.19916435 -0.8032494 0.56135905
v -0.43017578 8.238438 1.4106445
vt 0.80078125 0.4868164
vn -0.116401054 -0.6796674 0.72422576
v -1.2333984 8.317539 1.0913086
vt 0.6192627 0.5234375
vn -0.4492257 -0.7641109 0.4629588
v -1.3530273 8.591953 1.1972656
vn -0.68344325 -0.36293235 0.63339204
v -0.4790039 8.221836 1.3920898
vt 0.7935791 0.4736328
vn -0.18750553 -0.76644105 0.6143369
v -0.6977539 8.4899025 1.5957031
vt 0.7841797 0.5720215
vn -0.3752048 -0.64780354 0.6630022
v -0.50683594 8.441074 1.6206055
vt 0.8243408 0.5637207
vn -0.03723328 -0.77213275 0.6343696
v -0.3798828 8.640781 1.8959961
vt 0.8516846 0.59277344
vn -0.21943715 -0.7261874 0.65153605
v -0.33496094 8.620274 1.8657227
vt 0.8642578 0.5965576
vn 0.036012482 -0.84501153 0.5335341
v -0.7841797 8.811192 1.8286133
vn -0.552593 -0.31789508 0.77044386
v 0 8.756504 2.1542969
vt 0.975708 0.6131592
vn -0.00036622697 -0.6991273 0.7149972
v 0.19433594 8.731113 2.0541992
vt 0.9213867 0.6221924
vn 0.14483954 -0.81013703 0.5680664
v 0.3857422 8.643711 1.8955078
vt 0.8673096 0.59558105
vn 0.19129321 -0.7408187 0.64389026
v 0.33496094 8.620274 1.8657227
vt 0.8746338 0.5900879
vn 0.012268287 -0.8460846 0.53290755
v 0.45361328 8.430332 1.5932617
vt 0.83251953 0.5620117
vn -0.06958153 -0.7747964 0.62837005
v -0.1953125 8.734043 2.057129
vt 0.91955566 0.6123047
vn -0.14319377 -0.80905086 0.57002836
v 0 8.71207 2.0830078
vt 0.97265625 0.60046387
vn -0.002380477 -0.8728416 0.4879978
v -0.17773438 8.69791 1.9912109
vt 0.9177246 0.6020508
vn -0.059877023 -0.88210267 0.4672361
v 0.5107422 7.9669533 0.71728516
vn 0.10889176 -0.98191804 0.15485336
v 0 7.9361916 0.3310547
vt 0.7211914 0.18859863
vn 0 -0.99997044 -0.007690672
v -0.265625 7.9361916 0.3310547
vn -0.11554641 -0.98528796 -0.12592301
v 1.2333984 8.317539 1.0913086
vn 0.44924662 -0.7640855 0.4629804
v 0.6977539 8.4899025 1.5957031
vn 0.3774028 -0.6464618 0.66306436
v -0.45361328 8.430332 1.5932617
vn 0.09631764 -0.7485065 0.65609527
v 2.177246 8.761875 -0.17138672
vn 0.87460834 -0.32215667 0.36231944
v 2.4916992 8.512852 -0.44433594
vn 0.88580084 0.4421069 0.14106159
v -2.2651367 9.565098 -0.49560547
vt 0.22338867 0.9108887
vn -0.3636706 0.90038687 0.23884575
v -2.3374023 9.465 -0.3334961
vt 0.22888184 0.8640137
vn -0.8959797 0.09808838 0.43312705
v -2.5605469 9.4899025 -0.7661133
vt 0.13659668 0.9219971
vn -0.88149554 0.10241999 0.460951
v -2.3217773 9.383945 -0.4897461
vt 0.19152832 0.8555908
vn -0.7207334 -0.6410792 0.263744
v 2.4140625 9.201817 -0.16796875
vt 0.23522949 0.7454834
vn 0.7906231 0.54055107 0.2876103
v 2.125 9.396641 0.06738281
vn 0.67887104 0.58761835 0.44027126
v 2.1533203 9.258457 -0.23242188
vn 0.9853721 -0.14831853 0.08392509
v 2.4204102 8.238926 -0.41503906
vt 0.20458984 0.48059082
vn 0.46132463 -0.6655575 0.5866965
v 2.3833008 8.486973 -0.10449219
vt 0.2593994 0.55407715
vn 0.73885924 -0.35743573 0.5712502
v 2.6694336 8.00211 -0.8881836
vt 0.09387207 0.41271973
vn 0.8008087 -0.33253095 0.49812502
v 0.8491211 8.105625 0.95654297
vn 0.29311103 -0.897889 0.3284528
v 0.4580078 8.053379 1.0893555
vn 0.25043133 -0.9062037 0.3407038
v 0.47509766 8.222813 1.3959961
vt 0.7972412 0.50476074
vn 0.23206589 -0.75809 0.60946286
v 0.17773438 8.69791 1.9912109
vt 0.92004395 0.614624
vn 0.05059934 -0.8886319 0.45582134
v 0.2524414 9.425449 1.7416992
vn 0.34388733 0.91233295 0.22223885
v 0.18359375 9.483067 1.550293
vn 0.3477874 0.9195187 0.18311027
v 0.33496094 9.400547 1.4262695
vn 0.38184658 0.9231214 0.04516727
v -2.3144531 8.741856 -0.3227539
vn -0.4226863 -0.71865827 0.5521473
v -2.6152344 8.863926 -0.3720703
vn -0.7640147 -0.3393722 0.5487331
v -2.4277344 9.008457 -0.08154297
vn -0.7675438 -0.1485037 0.62355685
v -2.4526367 8.718418 -0.4609375
vn -0.39279082 -0.7566488 0.52268344
v -2.7749023 8.49332 -1.0263672
vn -0.9739672 -0.07617416 0.21350738
v -1.8950195 8.017246 -0.07373047
vn -0.05536044 -0.7758396 0.62849665
v -2.1879883 7.715 -0.40576172
vn -0.2552054 -0.6752169 0.6920638
v -2.3393555 7.754551 -0.45214844
vn -0.96249294 -0.08447525 0.25782043
v -2.3300781 7.514805 -0.65234375
vn -0.9480709 -0.22444351 0.22535911
v 0.51904297 8.444004 1.6210938
vt 0.8218994 0.564209
vn 0.06274658 -0.7395306 0.670192
vn -0.18359932 -0.95467985 -0.23426004
v 0.3095703 8.091953 1.2993164
vt 0.8319092 0.45214844
vn 0.21955779 -0.837457 0.5004599
v 0.2529297 8.114414 1.340332
vt 0.85375977 0.46313477
vn 0.113530524 -0.7430146 0.65957576
v 0.43017578 8.238438 1.4106445
vn -0.033326566 -0.6565212 0.7535711
vn -0.50883335 0.7851635 0.35299703
v 0.9111328 9.2086525 1.5732422
vn 0.52731806 0.7728179 0.35311207
v 0.78125 9.273594 1.1762695
vn 0.2669165 0.9562118 0.120060556
v 1.3100586 9.070469 1.0966797
vn 0.6976055 0.5279803 0.48433805
v 1.3896484 9.162266 0.88183594
vn 0.49363667 0.7781477 0.38834137
v 1.6298828 9.189121 0.6044922
vt 0.47338867 0.7503662
vn 0.4452253 0.66326 0.60154855
v 1.3330078 9.227695 0.6689453
vn 0.15240747 0.92836106 0.33899522
v 2.0922852 9.520664 -0.047851562
vn 0.31501186 0.8539074 0.414258
v 2.3374023 9.465 -0.3334961
vn 0.8959797 0.09808838 0.43312705
v 2.3217773 9.383945 -0.4897461
vn 0.7207334 -0.6410792 0.263744
v 1.8881836 9.558262 -0.22021484
vn -0.0032959871 0.9764667 0.21564302
v 2.2651367 9.565098 -0.49560547
vn 0.3636706 0.90038687 0.23884575
v 2.5605469 9.4899025 -0.7661133
vn 0.88149554 0.10241999 0.460951
v -1.6298828 9.189121 0.6044922
vn -0.4452253 0.66326 0.60154855
v -2.0961914 9.178379 0.24658203
vn -0.6409092 0.39357927 0.65903777
v -0.83447266 9.05582 1.8027344
vn -0.66965455 0.28407368 0.686196
v -2.4140625 9.201817 -0.16796875
vn -0.7906231 0.54055107 0.2876103
v -2.6298828 8.978672 -0.4506836
vn -0.85384154 0.5172245 0.058595177
v -2.5517578 9.045078 -0.53808594
vn -0.7283574 0.66970056 -0.14490241
v -2.0292969 8.638828 0.32763672
vn -0.7065663 -0.31336483 0.6344814
v -1.4140625 8.85709 1.1787109
vn -0.7718424 0.26680294 0.5771269
v -2.036621 8.297031 -0.061035156
vn -0.7762247 -0.20331873 0.5967719
v -2.2167969 8.105625 -0.31298828
vn -0.9134663 0.40302137 0.05615321
v -2.2729492 7.8473244 -0.52001953
vn -0.862393 0.3651849 -0.35059702
v -2.3833008 8.486973 -0.10449219
vn -0.73885924 -0.35743573 0.5712502
v -2.6694336 8.00211 -0.8881836
vn -0.8008087 -0.33253095 0.49812502
v -2.4204102 8.238926 -0.41503906
vn -0.46132463 -0.6655575 0.5866965
o Joint_24_Object_1_SINGLE
g polygon_0
usemtl Material_9F264283
f 2568/1615/2701 2570/1617/2703 2569/1616/2702
f 2571/1618/2704 2573/1620/2706 2572/1619/2705
f 2574/1621/2707 271/1623/2709 346/1622/2708
f 2575/1624/2710 2577/1626/2712 2576/1625/2711
f 2573/1620/2706 2578/1627/2713 2572/1619/2705
f 2579/1628/2714 2580/1630/2716 2554/1629/2715
f 2581/1631/2717 2583/1633/2719 2582/1632/2718
f 2584/1634/2720 2586/1636/2722 2585/1635/2721
f 2587/1637/2723 2589/1639/2725 2588/1638/2724
f 2590/1640/2726 2592/1642/2728 2591/1641/2727
f 2574/1621/2707 270/1643/2729 271/1623/2709
f 2593/1644/2730 2595/1646/2732 2594/1645/2731
f 2596/1647/2733 2598/1649/2735 2597/1648/2734
f 2599/1650/2736 2601/1652/2738 2600/1651/2737
f 2602/1653/2739 2604/1654/2741 2603/1635/2740
f 2605/1628/2742 2552/1630/2744 2564/1632/2743
f 2552/1630/2744 2605/1628/2742 2554/1629/2715
f 2606/1626/2745 2608/1656/2747 2607/1655/2746
f 2609/1642/2748 2611/1640/2750 2610/1641/2749
f 2611/1640/2750 335/1622/2751 2610/1641/2749
f 2612/1657/2752 2614/1658/2754 2613/1625/2753
f 2615/1659/2755 2575/1624/2710 2576/1625/2711
f 2616/1660/2756 2617/1662/2758 2548/1661/2757
f 2597/1648/2734 2619/1664/2760 2618/1663/2759
f 2620/1665/2761 2622/1662/2763 2621/1666/2762
f 2623/1667/2764 2620/1665/2761 2621/1666/2762
f 2623/1667/2764 2621/1666/2762 2624/1668/2765
f 2569/1616/2702 2570/1617/2703 2591/1641/2727
f 2625/1669/2766 2569/1616/2702 2591/1641/2727
f 2625/1669/2766 2591/1641/2727 2592/1642/2728
f 2626/1670/2767 2625/1669/2766 2592/1642/2728
f 2626/1670/2767 2592/1642/2728 2589/1639/2725
f 2627/1671/2768 2626/1670/2767 2589/1639/2725
f 2627/1671/2768 2589/1639/2725 2587/1637/2723
f 2588/1638/2724 2589/1639/2725 2592/1642/2728
f 2628/1672/2769 2588/1638/2724 2592/1642/2728
f 2628/1672/2769 2592/1642/2728 2590/1640/2726
f 2629/1673/2770 335/1622/2751 2596/1647/2733
f 2630/1674/2771 2629/1673/2770 2596/1647/2733
f 2630/1674/2771 2596/1647/2733 2597/1648/2734
f 2631/1675/2772 2630/1674/2771 2597/1648/2734
f 2631/1675/2772 2597/1648/2734 2618/1663/2759
f 2632/1676/2773 2631/1675/2772 2618/1663/2759
f 335/1622/2751 2629/1673/2770 2633/1677/2774
f 2610/1641/2749 335/1622/2751 2633/1677/2774
f 2610/1641/2749 2633/1677/2774 2634/1617/2775
f 2633/1677/2774 2629/1673/2770 2635/1678/2776
f 2636/1679/2777 2633/1677/2774 2635/1678/2776
f 2636/1679/2777 2635/1678/2776 2637/1680/2778
f 2638/1681/2779 2636/1679/2777 2637/1680/2778
f 2638/1681/2779 2637/1680/2778 2639/1682/2780
f 2634/1617/2775 2633/1677/2774 2636/1679/2777
f 2640/1631/2781 2634/1617/2775 2636/1679/2777
f 2640/1631/2781 2636/1679/2777 2638/1681/2779
f 2554/1629/2715 2605/1628/2742 2641/1683/2782
f 2579/1628/2714 2554/1629/2715 2641/1683/2782
f 2579/1628/2714 2641/1683/2782 2642/1684/2783
f 2643/1685/2784 2579/1628/2714 2642/1684/2783
f 2643/1685/2784 2642/1684/2783 2644/1686/2785
f 2645/1687/2786 2643/1685/2784 2644/1686/2785
f 2641/1683/2782 2605/1628/2742 2646/1688/2787
f 2647/1689/2788 2641/1683/2782 2646/1688/2787
f 2647/1689/2788 2646/1688/2787 2648/1690/2789
f 2649/1647/2790 2597/1648/2734 2598/1649/2735
f 2650/1691/2791 2649/1647/2790 2598/1649/2735
f 2650/1691/2791 2598/1649/2735 2596/1647/2733
f 2651/1621/2792 2650/1691/2791 2596/1647/2733
f 2651/1621/2792 2596/1647/2733 335/1622/2751
f 2570/1617/2703 2653/1679/2794 2652/1677/2793
f 2591/1641/2727 2570/1617/2703 2652/1677/2793
f 2591/1641/2727 2652/1677/2793 346/1622/2708
f 2590/1640/2726 2591/1641/2727 346/1622/2708
f 2635/1678/2776 2632/1676/2773 2654/1687/2795
f 2637/1680/2778 2635/1678/2776 2654/1687/2795
f 2637/1680/2778 2654/1687/2795 2639/1682/2780
f 2571/1618/2704 2572/1619/2705 2615/1659/2755
f 2655/1657/2796 2571/1618/2704 2615/1659/2755
f 2655/1657/2796 2615/1659/2755 2576/1625/2711
f 2656/1658/2797 2655/1657/2796 2576/1625/2711
f 2594/1645/2731 2595/1646/2732 2657/1692/2798
f 2658/1693/2799 2594/1645/2731 2657/1692/2798
f 2658/1693/2799 2657/1692/2798 2659/1694/2800
f 2660/1695/2801 2658/1693/2799 2659/1694/2800
f 2582/1632/2718 2580/1630/2716 2579/1628/2714
f 2581/1631/2717 2582/1632/2718 2579/1628/2714
f 2581/1631/2717 2579/1628/2714 2643/1685/2784
f 2661/1696/2802 2584/1634/2720 2585/1635/2721
f 2662/1653/2803 2661/1696/2802 2585/1635/2721
f 2662/1653/2803 2585/1635/2721 2663/1654/2804
f 2664/1697/2805 2666/1699/2807 2665/1698/2806
f 2625/1669/2766 2664/1697/2805 2665/1698/2806
f 2625/1669/2766 2665/1698/2806 2569/1616/2702
f 2667/1673/2808 2669/1700/2810 2668/1674/2809
f 2649/1647/2790 2667/1673/2808 2668/1674/2809
f 2649/1647/2790 2668/1674/2809 2597/1648/2734
f 2670/1701/2811 2644/1686/2785 2642/1684/2783
f 2647/1689/2788 2670/1701/2811 2642/1684/2783
f 2647/1689/2788 2642/1684/2783 2641/1683/2782
f 2671/1665/2812 2673/1650/2814 2672/1667/2813
f 2621/1666/2762 2671/1665/2812 2672/1667/2813
f 2621/1666/2762 2672/1667/2813 2624/1668/2765
f 2674/1618/2815 2676/1659/2817 2675/1619/2816
f 2677/1620/2818 2674/1618/2815 2675/1619/2816
f 2677/1620/2818 2675/1619/2816 2678/1627/2819
f 2679/1672/2820 2611/1640/2750 2609/1642/2748
f 2680/1638/2821 2679/1672/2820 2609/1642/2748
f 2680/1638/2821 2609/1642/2748 2681/1639/2822
f 2682/1637/2823 2680/1638/2821 2681/1639/2822
f 2653/1679/2794 2683/1702/2824 2669/1700/2810
f 2652/1677/2793 2653/1679/2794 2669/1700/2810
f 2652/1677/2793 2669/1700/2810 2667/1673/2808
f 346/1622/2708 2652/1677/2793 2667/1673/2808
f 346/1622/2708 2667/1673/2808 2649/1647/2790
f 2574/1621/2707 346/1622/2708 2649/1647/2790
f 2574/1621/2707 2649/1647/2790 2650/1691/2791
f 270/1643/2729 2574/1621/2707 2650/1691/2791
f 270/1643/2729 2650/1691/2791 2651/1621/2792
f 336/1623/2825 270/1643/2729 2651/1621/2792
f 336/1623/2825 2651/1621/2792 335/1622/2751
f 2631/1675/2772 2632/1676/2773 2635/1678/2776
f 2630/1674/2771 2631/1675/2772 2635/1678/2776
f 2630/1674/2771 2635/1678/2776 2629/1673/2770
f 2668/1674/2809 2669/1700/2810 2684/1703/2826
f 2597/1648/2734 2668/1674/2809 2684/1703/2826
f 2597/1648/2734 2684/1703/2826 2685/1704/2827
f 2619/1664/2760 2597/1648/2734 2685/1704/2827
f 2685/1704/2827 2684/1703/2826 2669/1700/2810
f 2686/1676/2828 2685/1704/2827 2669/1700/2810
f 2686/1676/2828 2669/1700/2810 2683/1702/2824
f 2548/1661/2757 2621/1666/2762 2622/1662/2763
f 2550/1660/2829 2548/1661/2757 2622/1662/2763
f 2550/1660/2829 2622/1662/2763 2564/1632/2743
f 2621/1666/2762 2548/1661/2757 2617/1662/2758
f 2671/1665/2812 2621/1666/2762 2617/1662/2758
f 2671/1665/2812 2617/1662/2758 2687/1651/2830
f 2673/1650/2814 2671/1665/2812 2687/1651/2830
f 2673/1650/2814 2687/1651/2830 2688/1652/2831
f 2583/1633/2719 2687/1651/2830 2617/1662/2758
f 2582/1632/2718 2583/1633/2719 2617/1662/2758
f 2582/1632/2718 2617/1662/2758 2616/1660/2756
f 2568/1615/2701 2687/1651/2830 2583/1633/2719
f 2570/1617/2703 2568/1615/2701 2583/1633/2719
f 2570/1617/2703 2583/1633/2719 2581/1631/2717
f 2653/1679/2794 2570/1617/2703 2581/1631/2717
f 2653/1679/2794 2581/1631/2717 2643/1685/2784
f 2683/1702/2824 2653/1679/2794 2643/1685/2784
f 2683/1702/2824 2643/1685/2784 2645/1687/2786
f 2686/1676/2828 2683/1702/2824 2645/1687/2786
f 2689/1656/2832 2687/1651/2830 2568/1615/2701
f 2577/1626/2712 2689/1656/2832 2568/1615/2701
f 2577/1626/2712 2568/1615/2701 2569/1616/2702
f 2576/1625/2711 2577/1626/2712 2569/1616/2702
f 2576/1625/2711 2569/1616/2702 2665/1698/2806
f 2656/1658/2797 2576/1625/2711 2665/1698/2806
f 2656/1658/2797 2665/1698/2806 2666/1699/2807
f 2690/1655/2833 2689/1656/2832 2577/1626/2712
f 2691/1705/2834 2690/1655/2833 2577/1626/2712
f 2691/1705/2834 2577/1626/2712 2575/1624/2710
f 2662/1653/2803 2691/1705/2834 2575/1624/2710
f 2662/1653/2803 2575/1624/2710 2615/1659/2755
f 2661/1696/2802 2662/1653/2803 2615/1659/2755
f 2661/1696/2802 2615/1659/2755 2572/1619/2705
f 2584/1634/2720 2661/1696/2802 2572/1619/2705
f 2584/1634/2720 2572/1619/2705 2578/1627/2713
f 2586/1636/2722 2584/1634/2720 2578/1627/2713
f 2692/1644/2835 2690/1655/2833 2691/1705/2834
f 2693/1645/2836 2692/1644/2835 2691/1705/2834
f 2693/1645/2836 2691/1705/2834 2662/1653/2803
f 2694/1693/2837 2693/1645/2836 2662/1653/2803
f 2694/1693/2837 2662/1653/2803 2663/1654/2804
f 2695/1695/2838 2694/1693/2837 2663/1654/2804
f 2696/1646/2839 2692/1644/2835 2693/1645/2836
f 2697/1692/2840 2696/1646/2839 2693/1645/2836
f 2697/1692/2840 2693/1645/2836 2694/1693/2837
f 2698/1694/2841 2697/1692/2840 2694/1693/2837
f 2698/1694/2841 2694/1693/2837 2695/1695/2838
f 2607/1655/2746 2593/1644/2730 2699/1705/2842
f 2606/1626/2745 2607/1655/2746 2699/1705/2842
f 2606/1626/2745 2699/1705/2842 2700/1624/2843
f 2613/1625/2753 2606/1626/2745 2700/1624/2843
f 2613/1625/2753 2700/1624/2843 2676/1659/2817
f 2612/1657/2752 2613/1625/2753 2676/1659/2817
f 2612/1657/2752 2676/1659/2817 2674/1618/2815
f 2687/1651/2830 2689/1656/2832 2690/1655/2833
f 2688/1652/2831 2687/1651/2830 2690/1655/2833
f 2688/1652/2831 2690/1655/2833 2692/1644/2835
f 2701/1633/2844 2564/1632/2743 2622/1662/2763
f 2600/1651/2737 2701/1633/2844 2622/1662/2763
f 2600/1651/2737 2622/1662/2763 2620/1665/2761
f 2599/1650/2736 2600/1651/2737 2620/1665/2761
f 2599/1650/2736 2620/1665/2761 2623/1667/2764
f 2700/1624/2843 2699/1705/2842 2602/1653/2739
f 2676/1659/2817 2700/1624/2843 2602/1653/2739
f 2676/1659/2817 2602/1653/2739 2702/1696/2845
f 2675/1619/2816 2676/1659/2817 2702/1696/2845
f 2675/1619/2816 2702/1696/2845 2703/1634/2846
f 2678/1627/2819 2675/1619/2816 2703/1634/2846
f 2678/1627/2819 2703/1634/2846 2704/1636/2847
f 2702/1696/2845 2602/1653/2739 2603/1635/2740
f 2703/1634/2846 2702/1696/2845 2603/1635/2740
f 2703/1634/2846 2603/1635/2740 2704/1636/2847
f 2634/1617/2775 2706/1615/2849 2705/1616/2848
f 2610/1641/2749 2634/1617/2775 2705/1616/2848
f 2610/1641/2749 2705/1616/2848 2707/1669/2850
f 2609/1642/2748 2610/1641/2749 2707/1669/2850
f 2609/1642/2748 2707/1669/2850 2708/1670/2851
f 2681/1639/2822 2609/1642/2748 2708/1670/2851
f 2681/1639/2822 2708/1670/2851 2709/1671/2852
f 2682/1637/2823 2681/1639/2822 2709/1671/2852
f 2606/1626/2745 2705/1616/2848 2706/1615/2849
f 2608/1656/2747 2606/1626/2745 2706/1615/2849
f 2608/1656/2747 2706/1615/2849 2600/1651/2737
f 2607/1655/2746 2608/1656/2747 2600/1651/2737
f 2607/1655/2746 2600/1651/2737 2601/1652/2738
f 2593/1644/2730 2607/1655/2746 2601/1652/2738
f 2705/1616/2848 2606/1626/2745 2613/1625/2753
f 2710/1698/2853 2705/1616/2848 2613/1625/2753
f 2710/1698/2853 2613/1625/2753 2614/1658/2754
f 2711/1699/2854 2710/1698/2853 2614/1658/2754
f 2707/1669/2850 2705/1616/2848 2710/1698/2853
f 2712/1697/2855 2707/1669/2850 2710/1698/2853
f 2712/1697/2855 2710/1698/2853 2711/1699/2854
f 2634/1617/2775 2640/1631/2781 2701/1633/2844
f 2706/1615/2849 2634/1617/2775 2701/1633/2844
f 2706/1615/2849 2701/1633/2844 2600/1651/2737
f 2564/1632/2743 2701/1633/2844 2640/1631/2781
f 2605/1628/2742 2564/1632/2743 2640/1631/2781
f 2605/1628/2742 2640/1631/2781 2638/1681/2779
f 2646/1688/2787 2605/1628/2742 2638/1681/2779
f 2646/1688/2787 2638/1681/2779 2639/1682/2780
f 2648/1690/2789 2646/1688/2787 2639/1682/2780
f 2699/1705/2842 2593/1644/2730 2594/1645/2731
f 2602/1653/2739 2699/1705/2842 2594/1645/2731
f 2602/1653/2739 2594/1645/2731 2658/1693/2799
f 2604/1654/2741 2602/1653/2739 2658/1693/2799
f 2604/1654/2741 2658/1693/2799 2660/1695/2801
vt 0.328125 0.727417
vn 0.23358877 -0.96798646 0.09186075
v -0.43017578 8.539219 1.1445312
vt 0.0847168 0.5744629
vn 0.82384264 -0.49581936 0.27467525
vt 0.1763916 0.65270996
vn 0.6864938 -0.72708404 -0.008667388
vt 0.49987793 0.7408447
vn 0.021729626 -0.9932758 0.11371431
v -0.24658203 8.583164 1.0751953
vt 0.2619629 0.6166992
vn 0.31959862 -0.435389 0.84160155
vt -0.008056641 0.46936035
vn 0.97802037 -0.20850761 0.0009155779
vt 0.0847168 0.28405762
vn 0.65978456 0.44492272 0.6055808
vt 0.2619629 0.16271973
vn 0.21138033 0.46963912 0.8571799
v 0 8.600742 1.0698242
vt 0.49987793 0.6335449
vn 0.016968437 -0.4657775 0.88473916
vt 0.6717529 0.727417
vn -0.16064875 -0.9814711 0.104433894
vt 0.49987793 0.13391113
vn 0.004516683 0.469674 0.8828284
v 0.2529297 8.584141 1.0742188
vt 0.7441406 0.6175537
vn -0.29681984 -0.42676625 0.854265
vt 0.7441406 0.16455078
vn -0.30909634 0.5180904 0.7975223
v 0.43017578 8.539219 1.1445312
vt 0.91516113 0.5744629
vn -0.8854967 -0.10456026 0.45272824
vt 0.91516113 0.28405762
vn -0.8750498 0.3208801 0.36238635
vt 1.0080566 0.46936035
vn -0.97802037 -0.20850761 0.0009155779
vt 0.8234863 0.65270996
vn -0.55014 -0.8344574 0.032045215
o Joint_24_Object_2_SINGLE
g polygon_0
usemtl Material_245F8EE9
f 2648/1706/2856 2639/1708/2858 2713/1707/2857
f 2647/1709/2859 2648/1706/2856 2714/1710/2860
f 2639/1708/2858 2654/1711/2861 2713/1707/2857
f 2632/1712/2862 2618/1713/2863 2714/1710/2860
f 2714/1710/2860 2618/1713/2863 2715/1714/2864
f 2647/1709/2859 2714/1710/2860 2715/1714/2864
f 2647/1709/2859 2715/1714/2864 2670/1715/2865
f 2715/1714/2864 2618/1713/2863 2619/1716/2866
f 2716/1717/2867 2715/1714/2864 2619/1716/2866
f 2716/1717/2867 2619/1716/2866 2685/1718/2868
f 2717/1719/2869 2716/1717/2867 2685/1718/2868
f 2717/1719/2869 2685/1718/2868 2686/1720/2870
f 2645/1721/2871 2717/1719/2869 2686/1720/2870
f 2670/1715/2865 2715/1714/2864 2716/1717/2867
f 2644/1722/2872 2670/1715/2865 2716/1717/2867
f 2644/1722/2872 2716/1717/2867 2717/1719/2869
f 2645/1721/2871 2644/1722/2872 2717/1719/2869
f 2714/1710/2860 2648/1706/2856 2713/1707/2857
f 2632/1712/2862 2714/1710/2860 2713/1707/2857
f 2632/1712/2862 2713/1707/2857 2654/1711/2861
vn -0.52724916 0.7728674 0.35310677
vn -0.26697323 0.95619625 0.120058596
vn -0.6789283 0.5875541 0.4402688
vn -0.44577304 0.8776901 -0.17591646
vn -0.98538107 -0.14825884 0.08392585
vn -0.81804067 0.10840473 0.5648521
vn -0.6730771 0.35188988 0.65049267
vn -0.720745 -0.6410895 0.2636872
vn -0.96248794 -0.084535845 0.2578191
vn -0.948077 -0.22443052 0.22534607
vn -0.49367115 0.7781058 0.38838148
vn -0.15241294 0.9283334 0.33906844
vn -0.6280266 -0.36336303 0.68814963
vt 0.79992676 0.14782715
vt 0.6218262 0.004760742
vt 0.74658203 0.18859863
vn -0.34388268 0.9123206 0.2222969
vn -0.419524 0.7987009 0.43136567
vn -0.34773377 0.9195382 0.18311414
vn -0.42270052 -0.71868247 0.5521049
vn -0.7675118 -0.14857036 0.62358046
vn -0.44924662 -0.7640855 0.4629804
v -0.5288086 8.514317 1.7460938
vt 0.8529053 0.56884766
vn -0.34070963 -0.6512669 0.6780622
vt 0.8630371 0.34631348
vt 0.90930176 0.30407715
vn -0.5525777 -0.31782526 0.7704836
vt 0.9984131 0.2750244
vt 0.2376709 0.33642578
v -0.4580078 8.11832 1.1958008
vt 0.76416016 0.4182129
vn -0.15191868 -0.89466614 0.420111
v -0.48242188 8.304844 1.4824219
vt 0.8048096 0.48779297
vn -0.24830016 -0.8075859 0.53493184
vn -0.1836583 -0.9546691 -0.23425741
vn -0.3149569 0.8539238 0.414266
v 0 8.289219 1.6230469
vt 0.9108887 0.44836426
vn 0 -0.8447004 0.5352394
v 0 8.107578 1.2602539
vt 0.8522949 0.35949707
vn 0 -0.94135183 0.3374266
vn -0.85382503 0.5172515 0.05859823
vn -0.7283871 0.6696669 -0.14490832
vn -0.44520727 0.66329414 0.60152423
vn -0.25062552 -0.20484638 0.9461632
vn -0.32630992 -0.39967778 0.85660934
vn -0.592306 0.20099585 0.7802399
vn -0.09363054 -0.4394043 0.89339644
v 0 8.565098 1.9975586
vt 0.9595947 0.5593262
vn -0.19690943 -0.6775857 0.70859313
vt 0.33117676 0.4020996
vn -0.055363063 -0.77581537 0.62852645
o Joint_24_Object_3_SINGLE
g polygon_0
usemtl Material_9F264283
f 2596/1647/2733 2651/1621/2792 2650/1691/2791
f 2599/1650/2736 2601/1652/2874 2600/1651/2873
f 2602/1653/2875 2604/1654/2877 2603/1635/2876
f 2706/1615/2849 2701/1633/2844 2600/1651/2873
f 2608/1656/2747 2706/1615/2849 2600/1651/2873
f 2613/1625/2878 2705/1616/2848 2606/1626/2879
f 2659/1694/2800 2660/1695/2880 2658/1693/2799
f 2708/1670/2851 2709/1671/2852 2681/1639/2881
f 2709/1671/2852 2682/1637/2882 2681/1639/2881
f 2657/1692/2798 2659/1694/2800 2658/1693/2799
f 2601/1652/2874 2593/1644/2884 2607/1655/2883
f 2651/1621/2792 270/1643/2729 2650/1691/2791
f 2707/1669/2850 2708/1670/2851 2609/1642/2885
f 2634/1723/2775 2706/1725/2849 2705/1724/2848
f 2620/1665/2886 2622/1662/2887 2621/1666/2762
f 2623/1667/2888 2620/1665/2886 2621/1666/2762
f 2623/1667/2888 2621/1666/2762 2624/1668/2765
f 2674/1618/2889 2676/1659/2890 2675/1619/2816
f 2677/1620/2818 2674/1618/2889 2675/1619/2816
f 2677/1620/2818 2675/1619/2816 2678/1627/2819
f 2633/1677/2891 2718/1726/2892 2634/1617/2775
f 2610/1641/2749 2633/1677/2891 2634/1617/2775
f 2610/1641/2749 2634/1617/2775 2705/1616/2848
f 2701/1727/2844 2706/1725/2849 2634/1723/2775
f 2640/1728/2893 2701/1727/2844 2634/1723/2775
f 2640/1728/2893 2634/1723/2775 2718/1729/2892
f 2609/1642/2885 2708/1670/2851 2681/1639/2881
f 2680/1730/2821 2609/1642/2885 2681/1639/2881
f 2680/1730/2821 2681/1639/2881 2682/1637/2882
f 2600/1651/2873 2601/1652/2874 2607/1655/2883
f 2608/1656/2747 2600/1651/2873 2607/1655/2883
f 2608/1656/2747 2607/1655/2883 2606/1626/2879
f 2706/1615/2849 2608/1656/2747 2606/1626/2879
f 2706/1615/2849 2606/1626/2879 2705/1616/2848
f 2712/1697/2855 2707/1669/2850 2710/1698/2853
f 2711/1699/2854 2712/1697/2855 2710/1698/2853
f 2711/1699/2854 2710/1698/2853 2614/1658/2754
f 2705/1616/2848 2710/1698/2853 2707/1669/2850
f 2610/1641/2749 2705/1616/2848 2707/1669/2850
f 2610/1641/2749 2707/1669/2850 2609/1642/2885
f 2710/1698/2853 2705/1616/2848 2613/1625/2878
f 2614/1658/2754 2710/1698/2853 2613/1625/2878
f 2614/1658/2754 2613/1625/2878 2612/1657/2752
f 2719/1731/2894 2720/1732/2895 2629/1673/2770
f 2596/1647/2733 2719/1731/2894 2629/1673/2770
f 2596/1647/2733 2629/1673/2770 335/1622/2751
f 2651/1621/2792 2596/1647/2733 335/1622/2751
f 2651/1621/2792 335/1622/2751 336/1623/2896
f 270/1643/2729 2651/1621/2792 336/1623/2896
f 2657/1692/2798 2658/1693/2799 2594/1645/2897
f 2595/1646/2732 2657/1692/2798 2594/1645/2897
f 2595/1646/2732 2594/1645/2897 2593/1644/2884
f 2718/1726/2892 2633/1677/2891 2720/1732/2895
f 2721/1733/2898 2718/1726/2892 2720/1732/2895
f 2721/1733/2898 2720/1732/2895 2719/1731/2894
f 2722/1734/2899 2721/1733/2898 2719/1731/2894
f 2722/1734/2899 2719/1731/2894 2596/1647/2733
f 2598/1649/2735 2722/1734/2899 2596/1647/2733
f 2598/1649/2735 2596/1647/2733 2650/1691/2791
f 2702/1696/2845 2602/1653/2875 2603/1635/2876
f 2703/1634/2900 2702/1696/2845 2603/1635/2876
f 2703/1634/2900 2603/1635/2876 2704/1636/2901
f 2700/1624/2843 2699/1705/2902 2602/1653/2875
f 2676/1659/2890 2700/1624/2843 2602/1653/2875
f 2676/1659/2890 2602/1653/2875 2702/1696/2845
f 2675/1619/2816 2676/1659/2890 2702/1696/2845
f 2675/1619/2816 2702/1696/2845 2703/1634/2900
f 2678/1627/2819 2675/1619/2816 2703/1634/2900
f 2678/1627/2819 2703/1634/2900 2704/1636/2901
f 2699/1705/2902 2593/1644/2884 2594/1645/2897
f 2602/1653/2875 2699/1705/2902 2594/1645/2897
f 2602/1653/2875 2594/1645/2897 2658/1693/2799
f 2604/1654/2877 2602/1653/2875 2658/1693/2799
f 2604/1654/2877 2658/1693/2799 2660/1695/2880
f 2607/1655/2883 2593/1644/2884 2699/1705/2902
f 2606/1626/2879 2607/1655/2883 2699/1705/2902
f 2606/1626/2879 2699/1705/2902 2700/1624/2843
f 2613/1625/2878 2606/1626/2879 2700/1624/2843
f 2613/1625/2878 2700/1624/2843 2676/1659/2890
f 2612/1657/2752 2613/1625/2878 2676/1659/2890
f 2612/1657/2752 2676/1659/2890 2674/1618/2889
f 2552/1630/2903 2564/1632/2905 2605/1628/2904
f 2554/1629/2906 2552/1630/2903 2605/1628/2904
f 2554/1629/2906 2605/1628/2904 2723/1735/2907
f 2564/1632/2905 2701/1633/2844 2640/1631/2893
f 2605/1628/2904 2564/1632/2905 2640/1631/2893
f 2605/1628/2904 2640/1631/2893 2718/1726/2892
f 2723/1735/2907 2605/1628/2904 2718/1726/2892
f 2723/1735/2907 2718/1726/2892 2721/1733/2898
f 2701/1633/2844 2564/1632/2905 2622/1662/2887
f 2600/1651/2873 2701/1633/2844 2622/1662/2887
f 2600/1651/2873 2622/1662/2887 2620/1665/2886
f 2599/1650/2736 2600/1651/2873 2620/1665/2886
f 2599/1650/2736 2620/1665/2886 2623/1667/2888
f 2548/1661/2757 2621/1666/2762 2622/1662/2887
f 2550/1660/2829 2548/1661/2757 2622/1662/2887
f 2550/1660/2829 2622/1662/2887 2564/1632/2905
f 2629/1673/2770 2720/1732/2895 2633/1677/2891
f 335/1622/2751 2629/1673/2770 2633/1677/2891
f 335/1622/2751 2633/1677/2891 2610/1641/2749
f 2611/1640/2750 335/1622/2751 2610/1641/2749
f 2611/1640/2750 2610/1641/2749 2609/1642/2885
f 2679/1736/2908 2611/1640/2750 2609/1642/2885
f 2679/1736/2908 2609/1642/2885 2680/1730/2821
vn 0.32905692 -0.41158056 0.8498959
vn 0.25062552 -0.20484638 0.9461632
vn 0.592306 0.20099585 0.7802399
vn 0.52724916 0.7728674 0.35310677
vn 0.44520727 0.66329414 0.60152423
vn 0.6789283 0.5875541 0.4402688
v 0.4580078 8.11832 1.1958008
vn 0.15191868 -0.89466614 0.420111
vn 0.3149569 0.8539238 0.414266
vn 0.81804067 0.10840473 0.5648521
vn 0.96248794 -0.084535845 0.2578191
vn 0.948077 -0.22443052 0.22534607
vt 0.23547363 0.34240723
vn 0.15241294 0.9283334 0.33906844
vn 0.34773377 0.9195382 0.18311414
vn 0.7675118 -0.14857036 0.62358046
vn 0.6280266 -0.36336303 0.68814963
vn 0.98538107 -0.14825884 0.08392585
vn 0.44577304 0.8776901 -0.17591646
vn 0.34388268 0.9123206 0.2222969
vn 0.419524 0.7987009 0.43136567
vn 0.720745 -0.6410895 0.2636872
vn 0.1836583 -0.9546691 -0.23425741
vn -0.21942742 -0.72621626 0.65150714
vn 0.42270052 -0.71868247 0.5521049
vn 0.85382503 0.5172515 0.05859823
vn 0.7283871 0.6696669 -0.14490832
vt 0.3347168 0.4017334
vn 0.055363063 -0.77581537 0.62852645
v 0.5288086 8.514317 1.7460938
vt 0.8312988 0.56140137
vn 0.34070963 -0.6512669 0.6780622
v 0.48242188 8.304844 1.4824219
vn 0.24830016 -0.8075859 0.53493184
vn 0.6730771 0.35188988 0.65049267
vn 0.49367115 0.7781058 0.38838148
vn 0.26697323 0.95619625 0.120058596
o Joint_24_Object_4_SINGLE
g polygon_0
usemtl Material_9F264283
f 2579/1628/2909 2582/1632/2911 2580/1630/2910
f 2570/1617/2703 2583/1633/2719 2581/1631/2717
f 2689/1656/2832 2687/1651/2912 2568/1615/2701
f 2575/1624/2710 2662/1653/2914 2691/1705/2913
f 2724/1731/2915 2721/1733/2898 2722/1734/2899
f 2696/1646/2839 2693/1645/2916 2697/1692/2840
f 2655/1657/2796 2576/1625/2917 2656/1658/2797
f 2589/1639/2918 2588/1737/2724 2587/1637/2919
f 2692/1644/2920 2693/1645/2916 2696/1646/2839
f 2624/1668/2765 2621/1666/2762 2672/1667/2921
f 2615/1659/2922 2662/1653/2914 2575/1624/2710
f 2588/1737/2724 2589/1639/2918 2592/1642/2923
f 2662/1653/2914 2585/1635/2925 2663/1654/2924
f 2671/1665/2926 2621/1666/2762 2617/1662/2927
f 2687/1651/2912 2671/1665/2926 2617/1662/2927
f 2687/1651/2912 2617/1662/2927 2583/1633/2719
f 2568/1615/2701 2687/1651/2912 2583/1633/2719
f 2568/1615/2701 2583/1633/2719 2570/1617/2703
f 2569/1616/2702 2568/1615/2701 2570/1617/2703
f 2569/1616/2702 2570/1617/2703 2591/1641/2727
f 2625/1669/2766 2569/1616/2702 2591/1641/2727
f 2625/1669/2766 2591/1641/2727 2592/1642/2923
f 2626/1670/2767 2625/1669/2766 2592/1642/2923
f 2626/1670/2767 2592/1642/2923 2589/1639/2918
f 2627/1671/2768 2626/1670/2767 2589/1639/2918
f 2627/1671/2768 2589/1639/2918 2587/1637/2919
f 2616/1660/2756 2582/1632/2911 2617/1662/2927
f 2548/1661/2757 2616/1660/2756 2617/1662/2927
f 2548/1661/2757 2617/1662/2927 2621/1666/2762
f 2649/1647/2790 2598/1649/2735 2650/1691/2791
f 2574/1621/2707 2649/1647/2790 2650/1691/2791
f 2574/1621/2707 2650/1691/2791 270/1643/2729
f 2697/1692/2840 2693/1645/2916 2694/1693/2837
f 2698/1694/2841 2697/1692/2840 2694/1693/2837
f 2698/1694/2841 2694/1693/2837 2695/1695/2928
f 2667/1673/2808 2649/1647/2790 346/1622/2708
f 2652/1677/2793 2667/1673/2808 346/1622/2708
f 2652/1677/2793 346/1622/2708 2591/1641/2727
f 2570/1617/2703 2652/1677/2793 2591/1641/2727
f 346/1622/2708 2649/1647/2790 2574/1621/2707
f 271/1623/2929 346/1622/2708 2574/1621/2707
f 271/1623/2929 2574/1621/2707 270/1643/2729
f 2573/1620/2706 2578/1627/2930 2572/1619/2705
f 2571/1618/2931 2573/1620/2706 2572/1619/2705
f 2571/1618/2931 2572/1619/2705 2615/1659/2922
f 2661/1696/2802 2615/1659/2922 2572/1619/2705
f 2584/1634/2932 2661/1696/2802 2572/1619/2705
f 2584/1634/2932 2572/1619/2705 2578/1627/2930
f 2662/1653/2914 2615/1659/2922 2661/1696/2802
f 2585/1635/2925 2662/1653/2914 2661/1696/2802
f 2585/1635/2925 2661/1696/2802 2584/1634/2932
f 2586/1636/2933 2585/1635/2925 2584/1634/2932
f 2586/1636/2933 2584/1634/2932 2578/1627/2930
f 2591/1641/2727 346/1622/2708 2590/1640/2726
f 2592/1642/2923 2591/1641/2727 2590/1640/2726
f 2592/1642/2923 2590/1640/2726 2628/1738/2934
f 2588/1737/2724 2592/1642/2923 2628/1738/2934
f 2723/1735/2907 2725/1739/2935 2579/1628/2909
f 2554/1629/2906 2723/1735/2907 2579/1628/2909
f 2554/1629/2906 2579/1628/2909 2580/1630/2910
f 2579/1628/2909 2725/1739/2935 2581/1631/2717
f 2582/1632/2911 2579/1628/2909 2581/1631/2717
f 2582/1632/2911 2581/1631/2717 2583/1633/2719
f 2617/1662/2927 2582/1632/2911 2583/1633/2719
f 2570/1617/2703 2581/1631/2717 2725/1739/2935
f 2652/1677/2793 2570/1617/2703 2725/1739/2935
f 2652/1677/2793 2725/1739/2935 2726/1732/2936
f 2667/1673/2808 2652/1677/2793 2726/1732/2936
f 2667/1673/2808 2726/1732/2936 2724/1731/2915
f 2649/1647/2790 2667/1673/2808 2724/1731/2915
f 2649/1647/2790 2724/1731/2915 2722/1734/2899
f 2598/1649/2735 2649/1647/2790 2722/1734/2899
f 2656/1658/2797 2576/1625/2917 2665/1698/2806
f 2666/1699/2807 2656/1658/2797 2665/1698/2806
f 2666/1699/2807 2665/1698/2806 2664/1697/2805
f 2576/1625/2917 2577/1626/2937 2569/1616/2702
f 2665/1698/2806 2576/1625/2917 2569/1616/2702
f 2665/1698/2806 2569/1616/2702 2625/1669/2766
f 2664/1697/2805 2665/1698/2806 2625/1669/2766
f 2691/1705/2913 2690/1655/2938 2577/1626/2937
f 2575/1624/2710 2691/1705/2913 2577/1626/2937
f 2575/1624/2710 2577/1626/2937 2576/1625/2917
f 2615/1659/2922 2575/1624/2710 2576/1625/2917
f 2615/1659/2922 2576/1625/2917 2655/1657/2796
f 2571/1618/2931 2615/1659/2922 2655/1657/2796
f 2690/1655/2938 2687/1651/2912 2689/1656/2832
f 2577/1626/2937 2690/1655/2938 2689/1656/2832
f 2577/1626/2937 2689/1656/2832 2568/1615/2701
f 2569/1616/2702 2577/1626/2937 2568/1615/2701
f 2672/1667/2921 2621/1666/2762 2671/1665/2926
f 2673/1650/2814 2672/1667/2921 2671/1665/2926
f 2673/1650/2814 2671/1665/2926 2687/1651/2912
f 2688/1652/2939 2673/1650/2814 2687/1651/2912
f 2688/1652/2939 2687/1651/2912 2690/1655/2938
f 2692/1644/2920 2688/1652/2939 2690/1655/2938
f 2692/1644/2920 2690/1655/2938 2691/1705/2913
f 2693/1645/2916 2692/1644/2920 2691/1705/2913
f 2693/1645/2916 2691/1705/2913 2662/1653/2914
f 2694/1693/2837 2693/1645/2916 2662/1653/2914
f 2694/1693/2837 2662/1653/2914 2663/1654/2924
f 2695/1695/2928 2694/1693/2837 2663/1654/2924
f 2725/1739/2935 2723/1735/2907 2721/1733/2898
f 2726/1732/2936 2725/1739/2935 2721/1733/2898
f 2726/1732/2936 2721/1733/2898 2724/1731/2915
v -0.6850586 8.524082 1.6474609
vt 0.9472656 0.5963135
vn -0.647377 0.6896768 -0.32442096
v -0.47705078 8.626133 1.4487305
vt 1.006958 0.7524414
vn -0.91780263 0.3924023 0.06048696
v -0.60595703 8.643711 1.7993164
vt 1.06604 0.819458
vn -0.6454022 -0.73714036 -0.20020041
v -0.7548828 8.335606 1.4584961
vt 0.89416504 0.30041504
vn -0.771012 0.26807195 0.57764864
v -0.76123047 8.696445 1.2651367
vt 0.6184082 0.69641113
vn -0.66927195 -0.6152541 0.4165783
v -1.0297852 8.279942 1.1928711
vt 0.47937012 0.05029297
vn -0.5156326 0.01983672 0.8565801
v -0.82177734 8.273594 1.3481445
vt 0.7689209 0.15893555
vn -0.51926315 -0.5248177 0.6744866
v -0.9243164 8.259922 1.2612305
vt 0.63220215 0.08337402
vn -0.5438576 -0.44656143 0.7104941
v -1.1303711 8.893711 0.85009766
vt 0.15930176 0.7858887
vn 0.2936526 -0.20929842 0.93271774
v -1.1630859 8.365879 1.1801758
vt 0.31677246 0.10998535
vn 0.47016916 0.44709712 0.76095015
v -1.2978516 8.580235 1.1987305
vt 0.14367676 0.35217285
vn 0.7872017 0.22107813 0.5757065
v -1.1904297 8.865391 1.3701172
vt 0.21154785 0.78930664
vn -0.5101598 -0.8509377 -0.12506789
v -0.96191406 8.731602 1.5703125
vt 0.579834 0.7491455
vn -0.30946454 -0.94627786 -0.09375493
v -1.324707 8.830235 1.2114258
vt 0.021606445 0.66052246
vn 0.88387305 -0.103518315 0.45612758
v -1.2666016 8.978672 1.1884766
vt 0.0026855469 0.8614502
vn 0.14257962 -0.9449562 0.29449773
o Joint_24_Object_5_SINGLE
g polygon_0
usemtl Material_245F8EE9
f 2727/1740/2940 2729/1742/2942 2728/1741/2941
f 2730/1743/2943 2727/1740/2940 2728/1741/2941
f 2728/1741/2941 2729/1742/2942 2731/1744/2944
f 2730/1743/2943 2728/1741/2941 2731/1744/2944
f 2730/1743/2943 2731/1744/2944 2732/1745/2945
f 2733/1746/2946 2730/1743/2943 2732/1745/2945
f 2733/1746/2946 2732/1745/2945 2734/1747/2947
f 2732/1745/2945 2731/1744/2944 2735/1748/2948
f 2736/1749/2949 2732/1745/2945 2735/1748/2948
f 2736/1749/2949 2735/1748/2948 2737/1750/2950
f 2738/1751/2951 2735/1748/2948 2731/1744/2944
f 2739/1752/2952 2738/1751/2951 2731/1744/2944
f 2739/1752/2952 2731/1744/2944 2729/1742/2942
f 2740/1753/2953 2737/1750/2950 2735/1748/2948
f 2741/1754/2954 2740/1753/2953 2735/1748/2948
f 2741/1754/2954 2735/1748/2948 2738/1751/2951
v -0.265625 9.593418 1.4526367
vt 0.22167969 0.18200684
vn 0.97254163 -0.23272884 0
v -0.265625 9.593418 1.4931641
vn 0.6241779 -0.29475406 0.72354823
v -0.23730469 9.910801 1.5039062
vt 0.2064209 0.30749512
vn 0.99878323 -0.0493166 0
v -1.3955078 9.647129 1.0844727
vt 0.8249512 0.203125
vn -0.84812176 -0.22529092 0.47951382
v -1.3955078 9.647129 1.0444336
vn -0.9679128 -0.25128624 0
v -1.4130859 9.922031 1.0615234
vt 0.8343506 0.31188965
vn -0.9979637 0.06378423 0
v -0.60595703 11.25211 1.434082
vt 0.40344238 0.8378906
vn -0.081055135 0.99670964 0
v -0.60595703 11.25211 1.4741211
vn -0.13880457 0.82458705 0.54844284
v -0.8071289 11.171543 1.3989258
vt 0.5107422 0.80615234
vn -0.6054851 0.6263597 0.49098006
v -0.4116211 11.170567 1.5102539
vt 0.29968262 0.80578613
vn 0.659226 0.7519449 0
v -0.31152344 10.940586 1.5854492
vt 0.24621582 0.71484375
vn 0.62241226 0.22633174 0.7492508
v -0.31152344 10.940586 1.5449219
vn 0.96002185 0.279925 0
v -0.23632812 10.421055 1.5566406
vt 0.20605469 0.50927734
vn 0.9975932 0.069338344 0
v 1.3955078 9.647129 1.0844727
vn 0.84812176 -0.22529092 0.47951382
v 1.3955078 9.647129 1.0444336
vn 0.9679128 -0.25128624 0
v 1.2807617 9.401035 1.0449219
vt 0.7635498 0.10583496
vn 0.83467954 -0.5507359 0
v -0.31201172 9.463535 1.4506836
vt 0.24645996 0.13061523
vn 0.70468664 -0.440391 0.5563026
v -0.71435547 9.392246 1.3515625
vt 0.46105957 0.09387207
vn -0.28107238 -0.27618948 0.9190853
v -0.7763672 9.61832 1.4008789
vt 0.4942627 0.19177246
vn -0.32307595 -0.18421371 0.9282711
v 0.33496094 9.400547 1.3896484
vt 0.25854492 0.10571289
vn -0.6179051 -0.7862527 0
v 0.26611328 9.593418 1.4526367
vn -0.97254163 -0.23272884 0
v 0.3125 9.463535 1.4506836
vn -0.70468664 -0.440391 0.5563026
v 0.8071289 11.171543 1.3989258
vn 0.6054851 0.6263597 0.49098006
v 1.0864258 10.851231 1.2758789
vt 0.65966797 0.67944336
vn 0.7820821 0.38771448 0.4878781
v 0.6660156 10.89957 1.519043
vt 0.43530273 0.6984863
vn 0.3493134 0.064576894 0.93477803
v 1.3037109 10.43082 1.1855469
vt 0.7758789 0.5131836
vn 0.8441389 0.21210288 0.49238384
v 0.7631836 10.21207 1.4760742
vt 0.48718262 0.42651367
vn 0.34296912 -0.055299878 0.9377175
v -0.23730469 9.910801 1.5444336
vn 0.64059037 -0.12561554 0.75753856
v -1.2802734 9.401035 1.0449219
vn -0.83467954 -0.5507359 0
v -1.159668 9.272129 1.1235352
vt 0.6990967 0.05493164
vn -0.7150585 -0.56954426 0.4053524
v 1.4130859 9.922031 1.1020508
vn 0.8744153 0.010681465 0.4850606
v 1.3037109 10.43082 1.1450195
vn 0.946101 0.32387176 0
v 1.4130859 9.922031 1.0615234
vn 0.9979637 0.06378423 0
v -1.3037109 10.43082 1.1855469
vn -0.8441389 0.21210288 0.49238384
v -1.4130859 9.922031 1.1020508
vn -0.8744153 0.010681465 0.4850606
v -1.3037109 10.43082 1.1450195
vn -0.946101 0.32387176 0
v -0.7631836 10.21207 1.4760742
vn -0.34296912 -0.055299878 0.9377175
v -0.8071289 11.171543 1.3583984
vn -0.61753035 0.786547 0
v -1.0859375 10.851231 1.2758789
vn -0.7820821 0.38771448 0.4878781
v -1.0859375 10.851231 1.2353516
vn -0.837364 0.5466457 0
v 0.41210938 11.170567 1.5507812
vn -0.4239602 0.6107322 0.668778
v 0.31201172 10.940586 1.5854492
vn -0.62241226 0.22633174 0.7492508
v 0.6064453 11.25211 1.4741211
vn 0.13880457 0.82458705 0.54844284
v 0.23632812 10.421055 1.5966797
vn -0.6395475 0.016235888 0.76858014
v -1.2802734 9.401035 1.0854492
vn -0.7600624 -0.46237335 0.45663562
v -1.0883789 9.195957 1.105957
vn -0.39826852 -0.9172689 0
v -1.0883789 9.195957 1.1459961
vn -0.18262254 -0.98318315 0
v -0.69433594 9.29166 1.2753906
vt 0.45056152 0.0625
vn 0.25702816 -0.9664039 0
v -0.69433594 9.29166 1.315918
vn 0.26935598 -0.9630407 0
v -0.33496094 9.400547 1.3896484
vn 0.6179051 -0.7862527 0
v -0.33496094 9.400547 1.4296875
vn 0.75493133 -0.65580386 0
v -0.6660156 10.89957 1.519043
vn -0.3493134 0.064576894 0.93477803
v -0.23632812 10.421055 1.5966797
vn 0.6395475 0.016235888 0.76858014
v -0.4116211 11.170567 1.5507812
vn 0.4239602 0.6107322 0.668778
v 0.26611328 9.593418 1.4931641
vn -0.6241779 -0.29475406 0.72354823
v 0.23730469 9.910801 1.5444336
vn -0.64059037 -0.12561554 0.75753856
v 0.7763672 9.61832 1.4008789
vn 0.32307595 -0.18421371 0.9282711
v 0.23730469 9.910801 1.5039062
vn -0.99878323 -0.0493166 0
v 0.23632812 10.421055 1.5566406
vn -0.9975932 0.069338344 0
v 1.1601562 9.272129 1.1235352
vn 0.7150762 -0.5695584 0.40530142
v 1.2807617 9.401035 1.0854492
vn 0.7600624 -0.46237335 0.45663562
v 0.71435547 9.392246 1.3515625
vn 0.28107238 -0.27618948 0.9190853
v 1.0888672 9.195957 1.105957
vn 0.39826852 -0.9172689 0
v 1.0888672 9.195957 1.1459961
vn 0.18262254 -0.98318315 0
v 0.69433594 9.29166 1.2753906
vn -0.25702816 -0.9664039 0
v 0.69433594 9.29166 1.315918
vn -0.26935598 -0.9630407 0
v 0.33496094 9.400547 1.4296875
vn -0.75493133 -0.65580386 0
v 0.31201172 10.940586 1.5449219
vn -0.96002185 0.279925 0
v 0.41210938 11.170567 1.5102539
vn -0.659226 0.7519449 0
v 0.6064453 11.25211 1.434082
vn 0.081055135 0.99670964 0
v 0.8071289 11.171543 1.3583984
vn 0.61753035 0.786547 0
v 1.0864258 10.851231 1.2353516
vn 0.837364 0.5466457 0
o Joint_24_Object_6_SINGLE
g polygon_0
usemtl Material_77981CB9
f 2742/1755/2955 2744/1756/2957 2743/1755/2956
f 2745/1757/2958 2747/1758/2960 2746/1757/2959
f 2748/1759/2961 2750/1760/2963 2749/1759/2962
f 2749/1759/2962 2751/1761/2964 2748/1759/2961
f 2752/1762/2965 2754/1763/2967 2753/1762/2966
f 2755/1757/2968 2757/1764/2970 2756/1757/2969
f 2758/1765/2971 2760/1767/2973 2759/1766/2972
f 2761/1768/2974 2763/1765/2976 2762/1755/2975
f 2764/1760/2977 2766/1770/2979 2765/1769/2978
f 2765/1769/2978 2768/1772/2981 2767/1771/2980
f 2769/1756/2982 2743/1755/2956 2744/1756/2957
f 2746/1757/2959 2770/1764/2983 2745/1757/2958
f 2760/1767/2973 2771/1773/2984 2759/1766/2972
f 2767/1771/2980 2768/1772/2981 2772/1758/2985
f 2773/1771/2986 2767/1771/2980 2772/1758/2985
f 2773/1771/2986 2772/1758/2985 2774/1758/2987
f 2775/1771/2988 2777/1771/2990 2776/1758/2989
f 2778/1772/2991 2775/1771/2988 2776/1758/2989
f 2778/1772/2991 2776/1758/2989 2760/1767/2973
f 2750/1760/2963 2748/1759/2961 2779/1760/2992
f 2780/1769/2993 2750/1760/2963 2779/1760/2992
f 2780/1769/2993 2779/1760/2992 2781/1769/2994
f 2782/1761/2995 2783/1762/2996 2766/1770/2979
f 2784/1759/2997 2782/1761/2995 2766/1770/2979
f 2784/1759/2997 2766/1770/2979 2764/1760/2977
f 2768/1772/2981 2765/1769/2978 2766/1770/2979
f 2785/1763/2998 2768/1772/2981 2766/1770/2979
f 2785/1763/2998 2766/1770/2979 2783/1762/2996
f 2786/1764/2999 2745/1757/2958 2770/1764/2983
f 2771/1773/2984 2786/1764/2999 2770/1764/2983
f 2771/1773/2984 2770/1764/2983 2787/14/3000
f 2788/14/3001 2771/1773/2984 2787/14/3000
f 2788/14/3001 2787/14/3000 2789/1774/3002
f 2790/1774/3003 2788/14/3001 2789/1774/3002
f 2790/1774/3003 2789/1774/3002 2791/1768/3004
f 2792/1768/3005 2790/1774/3003 2791/1768/3004
f 2792/1768/3005 2791/1768/3004 2758/1765/2971
f 2786/1764/2999 2771/1773/2984 2760/1767/2973
f 2745/1757/2958 2786/1764/2999 2760/1767/2973
f 2745/1757/2958 2760/1767/2973 2776/1758/2989
f 2747/1758/2960 2745/1757/2958 2776/1758/2989
f 2747/1758/2960 2776/1758/2989 2777/1771/2990
f 2793/1770/3006 2794/1763/3007 2752/1762/2965
f 2795/1761/3008 2793/1770/3006 2752/1762/2965
f 2795/1761/3008 2752/1762/2965 2753/1762/2966
f 2794/1763/3007 2793/1770/3006 2778/1772/2991
f 2769/1756/2982 2794/1763/3007 2778/1772/2991
f 2769/1756/2982 2778/1772/2991 2760/1767/2973
f 2743/1755/2956 2769/1756/2982 2760/1767/2973
f 2743/1755/2956 2760/1767/2973 2758/1765/2971
f 2742/1755/2955 2743/1755/2956 2758/1765/2971
f 2742/1755/2955 2758/1765/2971 2791/1768/3004
f 2769/1756/2982 2744/1756/2957 2754/1763/2967
f 2794/1763/3007 2769/1756/2982 2754/1763/2967
f 2794/1763/3007 2754/1763/2967 2752/1762/2965
f 2750/1760/2963 2780/1769/2993 2793/1770/3006
f 2749/1759/2962 2750/1760/2963 2793/1770/3006
f 2749/1759/2962 2793/1770/3006 2795/1761/3008
f 2751/1761/2964 2749/1759/2962 2795/1761/3008
f 2751/1761/2964 2795/1761/3008 2753/1762/2966
f 2796/1755/3009 2798/1767/3011 2797/1756/3010
f 2799/1756/3012 2796/1755/3009 2797/1756/3010
f 2799/1756/3012 2797/1756/3010 2800/1763/3013
f 2763/1765/2976 2798/1767/3011 2796/1755/3009
f 2762/1755/2975 2763/1765/2976 2796/1755/3009
f 2762/1755/2975 2796/1755/3009 2799/1756/3012
f 2801/1773/3014 2802/1764/3015 2798/1767/3011
f 2803/1766/3016 2801/1773/3014 2798/1767/3011
f 2803/1766/3016 2798/1767/3011 2763/1765/2976
f 2755/1757/2968 2798/1767/3011 2802/1764/3015
f 2757/1764/2970 2755/1757/2968 2802/1764/3015
f 2757/1764/2970 2802/1764/3015 2801/1773/3014
f 2804/14/3017 2757/1764/2970 2801/1773/3014
f 2804/14/3017 2801/1773/3014 2805/14/3018
f 2806/1774/3019 2804/14/3017 2805/14/3018
f 2806/1774/3019 2805/14/3018 2807/1774/3020
f 2761/1768/2974 2806/1774/3019 2807/1774/3020
f 2761/1768/2974 2807/1774/3020 2808/1768/3021
f 2763/1765/2976 2761/1768/2974 2808/1768/3021
f 2772/1758/2985 2798/1767/3011 2755/1757/2968
f 2774/1758/2987 2772/1758/2985 2755/1757/2968
f 2774/1758/2987 2755/1757/2968 2756/1757/2969
f 2798/1767/3011 2772/1758/2985 2768/1772/2981
f 2797/1756/3010 2798/1767/3011 2768/1772/2981
f 2797/1756/3010 2768/1772/2981 2785/1763/2998
f 2800/1763/3013 2797/1756/3010 2785/1763/2998
f 2800/1763/3013 2785/1763/2998 2783/1762/2996
f 2809/1762/3022 2800/1763/3013 2783/1762/2996
f 2809/1762/3022 2783/1762/2996 2782/1761/2995
f 2810/1761/3023 2809/1762/3022 2782/1761/2995
f 2810/1761/3023 2782/1761/2995 2784/1759/2997
f 2811/1759/3024 2810/1761/3023 2784/1759/2997
f 2811/1759/3024 2784/1759/2997 2764/1760/2977
f 2812/1760/3025 2811/1759/3024 2764/1760/2977
f 2812/1760/3025 2764/1760/2977 2765/1769/2978
f 2813/1769/3026 2812/1760/3025 2765/1769/2978
f 2813/1769/3026 2765/1769/2978 2767/1771/2980
f 2773/1771/2986 2813/1769/3026 2767/1771/2980
f 2778/1772/2991 2793/1770/3006 2780/1769/2993
f 2775/1771/2988 2778/1772/2991 2780/1769/2993
f 2775/1771/2988 2780/1769/2993 2781/1769/2994
f 2777/1771/2990 2775/1771/2988 2781/1769/2994
vt 0.48327637 0.27819824
vn 0.24353763 -0.32526618 0.9137239
vt 0.7213135 0.27746582
vn 0.4232382 -0.13037738 0.8965886
vt 0.68322754 0.24743652
vn 0.41046992 -0.15655841 0.898334
vt 0.26867676 0.2788086
vn -0.18530546 -0.31561744 0.93061674
vt 0.28076172 0.24658203
vn -0.24353763 -0.32526618 0.9137239
vt 0.48303223 0.24707031
vn 0.24488354 -0.3452907 0.9059836
vn 0.18530546 -0.31561744 0.93061674
vn -0.24488354 -0.3452907 0.9059836
vn -0.41046992 -0.15655841 0.898334
vn -0.4232382 -0.13037738 0.8965886
o Joint_24_Object_7_SINGLE
g polygon_0
usemtl Material_28C38771
f 2803/1775/3027 2805/1777/3029 2801/1776/3028
f 2758/1778/3030 2759/1775/3031 2792/1779/3030
f 2807/1780/3032 2805/1777/3029 2803/1775/3027
f 2808/1779/3033 2807/1780/3032 2803/1775/3027
f 2808/1779/3033 2803/1775/3027 2763/1778/3033
f 2790/1780/3034 2792/1779/3030 2759/1775/3031
f 2788/1777/3035 2790/1780/3034 2759/1775/3031
f 2788/1777/3035 2759/1775/3031 2771/1776/3036
vn -0.9600431 0.27985236 0
vn -0.7823914 0.12030688 0.6110564
v 0.23632812 10.421055 1.5556641
vn -0.9896853 0.14325838 0
v 1.1318359 10.762852 1.2568359
vt 0.68408203 0.64453125
vn 0.88815236 0.4595491 0
v 1.0864258 10.851231 1.2338867
v 1.1293945 10.767246 1.2158203
vt 0.6828613 0.64624023
vn 0.3528037 0.06280883 0.93358696
v 0.7089844 10.607578 1.5
vt 0.45825195 0.5786133
vn 0.34400576 -0.007751727 0.9389355
v -1.1318359 10.762852 1.2568359
vn -0.88815236 0.4595491 0
v -1.0859375 10.851231 1.2338867
v -1.1293945 10.767246 1.2158203
vn -0.6253975 0.2317621 0.74509346
vn 0.7003075 0.3485362 0.6229703
vn 0.48066583 0.060975894 0.8747813
vn 0.75430584 0.6565232 0
vn 0.6253975 0.2317621 0.74509346
vn 0.9600431 0.27985236 0
vn 0.7823914 0.12030688 0.6110564
v -0.23632812 10.421055 1.5556641
vn 0.9896853 0.14325838 0
vn -0.3528037 0.06280883 0.93358696
vn -0.7003075 0.3485362 0.6229703
vn -0.75430584 0.6565232 0
v -0.7084961 10.607578 1.5
vn -0.34400576 -0.007751727 0.9389355
vn -0.48066583 0.060975894 0.8747813
o Joint_24_Object_8_SINGLE
g polygon_0
usemtl Material_77981CB9
f 2809/1762/3037 2814/1763/3039 2785/1763/3038
f 2815/1781/3040 2817/1782/3040 2816/1769/3040
f 2816/1769/3040 2765/1769/3040 2815/1781/3040
f 2785/1763/3038 2818/1783/3042 2766/1770/3041
f 2819/1781/3043 2780/1769/3043 2820/1769/3043
f 2820/1769/3043 2821/1782/3043 2819/1781/3043
f 2785/1763/3038 2766/1770/3041 2783/1762/3044
f 2809/1762/3037 2785/1763/3038 2783/1762/3044
f 2809/1762/3037 2783/1762/3044 2810/1761/3023
f 2783/1762/3044 2766/1770/3041 2782/1761/2995
f 2810/1761/3023 2783/1762/3044 2782/1761/2995
f 2810/1761/3023 2782/1761/2995 2811/1759/3024
f 2782/1761/2995 2766/1770/3041 2784/1759/2997
f 2811/1759/3024 2782/1761/2995 2784/1759/2997
f 2811/1759/3024 2784/1759/2997 2812/1760/3025
f 2764/1760/2977 2784/1759/2997 2766/1770/3041
f 2765/1769/3045 2764/1760/2977 2766/1770/3041
f 2765/1769/3045 2766/1770/3041 2818/1783/3042
f 2815/1781/3046 2765/1769/3045 2818/1783/3042
f 2812/1760/3025 2784/1759/2997 2764/1760/2977
f 2813/1769/3047 2812/1760/3025 2764/1760/2977
f 2813/1769/3047 2764/1760/2977 2765/1769/3045
f 2748/1759/2961 2749/1759/2962 2795/1761/3008
f 2751/1761/2964 2748/1759/2961 2795/1761/3008
f 2751/1761/2964 2795/1761/3008 2752/1762/3048
f 2753/1762/3049 2751/1761/2964 2752/1762/3048
f 2753/1762/3049 2752/1762/3048 2794/1763/3050
f 2822/1763/3051 2753/1762/3049 2794/1763/3050
f 2795/1761/3008 2749/1759/2962 2793/1770/3052
f 2752/1762/3048 2795/1761/3008 2793/1770/3052
f 2752/1762/3048 2793/1770/3052 2794/1763/3050
f 2793/1770/3052 2749/1759/2962 2750/1760/2963
f 2780/1769/3053 2793/1770/3052 2750/1760/2963
f 2780/1769/3053 2750/1760/2963 2781/1769/3054
f 2749/1759/2962 2748/1759/2961 2779/1760/2992
f 2750/1760/2963 2749/1759/2962 2779/1760/2992
f 2750/1760/2963 2779/1760/2992 2781/1769/3054
f 2780/1769/3053 2819/1781/3056 2823/1783/3055
f 2793/1770/3052 2780/1769/3053 2823/1783/3055
f 2793/1770/3052 2823/1783/3055 2794/1763/3050
vt 0.70751953 0.3244629
vn -0.47590908 0.051881842 0.8779629
v -0.7216797 10.5055275 1.4946289
vt 0.505249 0.28894043
vn -0.34107164 -0.011963142 0.9399612
v -1.1757812 10.6774025 1.2387695
vt 0.7194824 0.2915039
vn -0.47358745 0.056459386 0.87893534
v -0.7216797 10.5055275 1.4521484
vn -0.35438558 -0.93509936 0
v -1.1757812 10.6774025 1.1962891
v -0.23632812 10.36002 1.5449219
vt 0.27697754 0.2874756
vn -0.2870007 -0.9579304 0
v -0.23632812 10.36002 1.5869141
vt 0.28527832 0.31860352
vn 0.99999785 -0.0020753175 0
vt 0.7069092 0.32617188
v 1.1762695 10.6774025 1.2387695
v 1.1762695 10.6774025 1.1962891
vn 0.22785598 -0.14185302 0.9633065
v 0.7216797 10.5055275 1.4946289
vn 0.34107164 -0.011963142 0.9399612
v 0.2368164 10.36002 1.5869141
vn 0.22969003 -0.15516132 0.960816
v 0.7216797 10.5055275 1.4521484
vn 0.35438558 -0.93509936 0
v 0.2368164 10.36002 1.5449219
vn 0.2870007 -0.9579304 0
vn -0.99999785 -0.0020753175 0
vt 0.50756836 0.32006836
vn 0.3760442 -0.0044556446 0.926591
vn 0.47590908 0.051881842 0.8779629
vn 0.47358745 0.056459386 0.87893534
vn -0.3760442 -0.0044556446 0.926591
vn -0.22785598 -0.14185302 0.9633065
vn -0.22969003 -0.15516132 0.960816
o Joint_24_Object_9_SINGLE
g polygon_0
usemtl Material_28C38771
f 2819/1784/3057 2825/1786/3059 2824/1785/3058
f 2826/1785/3060 2824/1785/3060 2825/1786/3060
f 2825/1786/3060 2827/1786/3060 2826/1785/3060
f 2828/1787/3061 2829/1787/3061 2824/1785/3061
f 2824/1785/3061 2826/1785/3061 2828/1787/3061
f 2822/1788/3062 2794/1788/3062 2829/1787/3062
f 2829/1787/3062 2828/1787/3062 2822/1788/3062
f 2817/1789/3040 2815/1784/3040 2830/1786/3040
f 2830/1786/3040 2831/1786/3040 2817/1789/3040
f 2785/1788/3063 2833/1787/3065 2832/1785/3064
f 2834/1785/3066 2831/1786/3066 2830/1786/3066
f 2830/1786/3066 2832/1785/3066 2834/1785/3066
f 2835/1787/3067 2834/1785/3067 2832/1785/3067
f 2832/1785/3067 2833/1787/3067 2835/1787/3067
f 2814/1788/3068 2835/1787/3068 2833/1787/3068
f 2833/1787/3068 2785/1788/3068 2814/1788/3068
f 2825/1786/3043 2819/1784/3043 2821/1789/3043
f 2821/1789/3043 2827/1786/3043 2825/1786/3043
f 2818/1790/3069 2785/1788/3063 2832/1785/3064
f 2815/1784/3070 2818/1790/3069 2832/1785/3064
f 2815/1784/3070 2832/1785/3064 2830/1786/3071
f 2823/1790/3072 2819/1784/3057 2824/1785/3058
f 2794/1788/3073 2823/1790/3072 2824/1785/3058
f 2794/1788/3073 2824/1785/3058 2829/1787/3074
vn 0.62166494 0.2248004 0.7503316
vn -0.3489506 0.06463856 0.9349093
vn -0.8546192 0.3493922 0.3841239
vn -0.62166494 0.2248004 0.7503316
vn 0.3489506 0.06463856 0.9349093
vn -0.66279066 0.098329104 0.74232066
v 0.7631836 10.423985 1.4760742
vn 0.36953327 0.011719588 0.9291436
vn 0.7822693 0.3907684 0.48513392
vn 0.8545992 0.349384 0.38417593
vn -0.7822693 0.3907684 0.48513392
vn 0.66279066 0.098329104 0.74232066
v -0.7631836 10.423985 1.4760742
vn -0.36953327 0.011719588 0.9291436
o Joint_24_Object_10_SINGLE
g polygon_0
usemtl Material_77981CB9
f 2752/1762/3075 2795/1761/3008 2793/1770/3076
f 2775/1771/3077 2781/1769/2994 2777/1771/3043
f 2783/1762/3078 2785/1763/3080 2766/1770/3079
f 2782/1761/2995 2783/1762/3078 2766/1770/3079
f 2782/1761/2995 2766/1770/3079 2784/1759/2997
f 2810/1761/3023 2782/1761/2995 2784/1759/2997
f 2810/1761/3023 2784/1759/2997 2811/1759/3024
f 2766/1770/3079 2785/1763/3080 2836/1772/3081
f 2765/1769/3082 2766/1770/3079 2836/1772/3081
f 2765/1769/3082 2836/1772/3081 2767/1771/3083
f 2813/1769/3026 2765/1769/3082 2767/1771/3083
f 2813/1769/3026 2767/1771/3083 2773/1771/3040
f 2764/1760/2977 2766/1770/3079 2765/1769/3082
f 2812/1760/3025 2764/1760/2977 2765/1769/3082
f 2812/1760/3025 2765/1769/3082 2813/1769/3026
f 2784/1759/2997 2766/1770/3079 2764/1760/2977
f 2811/1759/3024 2784/1759/2997 2764/1760/2977
f 2811/1759/3024 2764/1760/2977 2812/1760/3025
f 2781/1769/2994 2775/1771/3077 2780/1769/3084
f 2779/1760/2992 2781/1769/2994 2780/1769/3084
f 2779/1760/2992 2780/1769/3084 2750/1760/2963
f 2748/1759/2961 2779/1760/2992 2750/1760/2963
f 2748/1759/2961 2750/1760/2963 2749/1759/2962
f 2751/1761/2964 2748/1759/2961 2749/1759/2962
f 2751/1761/2964 2749/1759/2962 2795/1761/3008
f 2753/1762/2966 2751/1761/2964 2795/1761/3008
f 2753/1762/2966 2795/1761/3008 2752/1762/3075
f 2754/1763/3051 2753/1762/2966 2752/1762/3075
f 2754/1763/3051 2752/1762/3075 2794/1763/3085
f 2780/1769/3084 2775/1771/3077 2837/1772/3086
f 2793/1770/3076 2780/1769/3084 2837/1772/3086
f 2793/1770/3076 2837/1772/3086 2794/1763/3085
f 2752/1762/3075 2793/1770/3076 2794/1763/3085
f 2750/1760/2963 2780/1769/3084 2793/1770/3076
f 2749/1759/2962 2750/1760/2963 2793/1770/3076
f 2749/1759/2962 2793/1770/3076 2795/1761/3008
f 2800/1763/3039 2785/1763/3080 2783/1762/3078
f 2809/1762/3022 2800/1763/3039 2783/1762/3078
f 2809/1762/3022 2783/1762/3078 2782/1761/2995
f 2810/1761/3023 2809/1762/3022 2782/1761/2995
v 0.7631836 10.329746 1.4238281
vn 0.009643695 -0.9999535 0
v 1.3310547 10.336582 1.1748047
vn 0.7579769 -0.5292654 0.38124686
v 1.3310547 10.336582 1.1279297
vn 0.88867843 -0.45853096 0
v -1.3310547 10.336582 1.1748047
vn -0.7579769 -0.5292654 0.38124686
vn -0.80122375 0.15472706 0.5780139
vn 0.80122375 0.15472706 0.5780139
v 0.7631836 10.329746 1.4760742
vn 0.26282513 -0.6750687 0.6893514
v 0.23632812 10.326817 1.550293
vn -0.63770765 -0.7702786 0
v 0.23632812 10.326817 1.5966797
vn -0.5121669 -0.5681384 0.6441303
vn -0.62125 0 0.78361243
vn 0.35090324 0.008545217 0.9363727
vn 0.62125 0 0.78361243
v -0.23632812 10.326817 1.5966797
vn 0.5121669 -0.5681384 0.6441303
v -0.7631836 10.329746 1.4760742
vn -0.26282513 -0.6750687 0.6893514
v -0.23632812 10.326817 1.550293
vn 0.63770765 -0.7702786 0
v -0.7631836 10.329746 1.4238281
vn -0.009643695 -0.9999535 0
v -1.3310547 10.336582 1.1279297
vn -0.88867843 -0.45853096 0
vn -0.35090324 0.008545217 0.9363727
o Joint_24_Object_11_SINGLE
g polygon_0
usemtl Material_28C38771
f 2838/1772/3087 2840/1771/3089 2839/1771/3088
f 2841/1771/3090 2775/1771/3091 2777/1771/3022
f 2767/1771/3092 2842/1772/3093 2839/1771/3088
f 2773/1771/2966 2767/1771/3092 2839/1771/3088
f 2773/1771/2966 2839/1771/3088 2840/1771/3089
f 2838/1772/3087 2839/1771/3088 2842/1772/3093
f 2843/1763/3094 2838/1772/3087 2842/1772/3093
f 2843/1763/3094 2842/1772/3093 2844/1763/3095
f 2800/1763/1253 2843/1763/3094 2844/1763/3095
f 2800/1763/1253 2844/1763/3095 2785/1763/3096
f 2785/1763/3096 2844/1763/3095 2842/1772/3093
f 2836/1772/3097 2785/1763/3096 2842/1772/3093
f 2836/1772/3097 2842/1772/3093 2767/1771/3092
f 2794/1763/3098 2846/1772/3100 2845/1763/3099
f 2754/1763/1258 2794/1763/3098 2845/1763/3099
f 2754/1763/1258 2845/1763/3099 2847/1763/3101
f 2847/1763/3101 2845/1763/3099 2846/1772/3100
f 2848/1772/3102 2847/1763/3101 2846/1772/3100
f 2848/1772/3102 2846/1772/3100 2841/1771/3090
f 2849/1771/3103 2848/1772/3102 2841/1771/3090
f 2849/1771/3103 2841/1771/3090 2777/1771/3022
f 2775/1771/3091 2841/1771/3090 2846/1772/3100
f 2837/1772/3104 2775/1771/3091 2846/1772/3100
f 2837/1772/3104 2846/1772/3100 2794/1763/3098
vn -0.6788954 0.5875784 0.44028705
vn -0.6280002 -0.36334777 0.68818176
vn -0.41957432 0.79868054 0.43135464
vn -0.15192258 -0.8946891 0.42006075
vn -0.15241611 0.92835265 0.33901444
vt 0.3334961 0.40270996
vn -0.34072375 -0.6512939 0.6780293
vn 0.10504532 -0.68636525 0.7196306
vn 0 -0.4262908 0.9045862
o Joint_24_Object_12_SINGLE
g polygon_0
usemtl Material_9F264283
f 2706/1615/2849 2701/1633/2844 2600/1651/2873
f 2606/1626/2745 2608/1656/2747 2607/1655/2883
f 2700/1624/2843 2699/1705/2902 2602/1653/3105
f 2680/1730/2821 2609/1642/3106 2681/1639/2881
f 2659/1694/2800 2660/1695/2880 2658/1693/2799
f 2634/1617/2775 2705/1616/2848 2610/1641/2749
f 2681/1639/2881 2682/1637/2882 2680/1730/2821
f 2657/1692/2798 2659/1694/2800 2658/1693/2799
f 2602/1653/3105 2604/1654/2877 2603/1635/2876
f 2606/1626/2745 2706/1615/2849 2608/1656/2747
f 2599/1650/2736 2601/1652/2874 2600/1651/2873
f 2620/1665/2761 2622/1662/3107 2621/1666/2762
f 2623/1667/2764 2620/1665/2761 2621/1666/2762
f 2623/1667/2764 2621/1666/2762 2624/1668/2765
f 2651/1621/2792 270/1643/2729 2650/1691/2791
f 2596/1647/2733 2651/1621/2792 2650/1691/2791
f 2596/1647/2733 2650/1691/2791 2598/1649/2735
f 2703/1634/2900 2678/1627/2819 2675/1619/2816
f 2702/1696/2845 2703/1634/2900 2675/1619/2816
f 2702/1696/2845 2675/1619/2816 2676/1659/2890
f 2596/1647/2733 2598/1649/2735 2722/1734/2899
f 2719/1731/3108 2596/1647/2733 2722/1734/2899
f 2719/1731/3108 2722/1734/2899 2721/1733/2898
f 2608/1656/2747 2706/1615/2849 2600/1651/2873
f 2607/1655/2883 2608/1656/2747 2600/1651/2873
f 2607/1655/2883 2600/1651/2873 2601/1652/2874
f 2593/1644/3109 2607/1655/2883 2601/1652/2874
f 2610/1641/2749 2705/1616/2848 2707/1669/2850
f 2609/1642/3106 2610/1641/2749 2707/1669/2850
f 2609/1642/3106 2707/1669/2850 2708/1670/2851
f 2681/1639/2881 2609/1642/3106 2708/1670/2851
f 2681/1639/2881 2708/1670/2851 2709/1671/2852
f 2682/1637/2882 2681/1639/2881 2709/1671/2852
f 2705/1616/2848 2613/1625/2878 2710/1698/2853
f 2707/1669/2850 2705/1616/2848 2710/1698/2853
f 2707/1669/2850 2710/1698/2853 2712/1697/2855
f 2676/1659/2890 2674/1618/2815 2612/1657/2752
f 2613/1625/2878 2676/1659/2890 2612/1657/2752
f 2613/1625/2878 2612/1657/2752 2614/1658/2754
f 2710/1698/2853 2613/1625/2878 2614/1658/2754
f 2710/1698/2853 2614/1658/2754 2711/1699/2854
f 2712/1697/2855 2710/1698/2853 2711/1699/2854
f 2674/1618/2815 2676/1659/2890 2675/1619/2816
f 2677/1620/2818 2674/1618/2815 2675/1619/2816
f 2677/1620/2818 2675/1619/2816 2678/1627/2819
f 2657/1692/2798 2658/1693/2799 2594/1645/2897
f 2595/1646/2732 2657/1692/2798 2594/1645/2897
f 2595/1646/2732 2594/1645/2897 2593/1644/3109
f 2611/1640/2750 2610/1641/2749 2609/1642/3106
f 2679/1791/2820 2611/1640/2750 2609/1642/3106
f 2679/1791/2820 2609/1642/3106 2680/1730/2821
f 2607/1655/2883 2593/1644/3109 2699/1705/2902
f 2606/1626/2745 2607/1655/2883 2699/1705/2902
f 2606/1626/2745 2699/1705/2902 2700/1624/2843
f 2720/1732/2895 2718/1739/3110 2633/1677/2891
f 2629/1673/2770 2720/1732/2895 2633/1677/2891
f 2629/1673/2770 2633/1677/2891 335/1622/2751
f 2723/1735/3111 2605/1628/2742 2718/1739/3110
f 2721/1733/2898 2723/1735/3111 2718/1739/3110
f 2721/1733/2898 2718/1739/3110 2720/1732/2895
f 2719/1731/3108 2721/1733/2898 2720/1732/2895
f 2719/1731/3108 2720/1732/2895 2629/1673/2770
f 2596/1647/2733 2719/1731/3108 2629/1673/2770
f 2596/1647/2733 2629/1673/2770 335/1622/2751
f 2651/1621/2792 2596/1647/2733 335/1622/2751
f 2651/1621/2792 335/1622/2751 336/1623/2825
f 270/1643/2729 2651/1621/2792 336/1623/2825
f 2552/1630/2903 2564/1632/2905 2605/1628/2742
f 2554/1629/3112 2552/1630/2903 2605/1628/2742
f 2554/1629/3112 2605/1628/2742 2723/1735/3111
f 2605/1628/2742 2564/1632/2905 2640/1631/2893
f 2718/1739/3110 2605/1628/2742 2640/1631/2893
f 2718/1739/3110 2640/1631/2893 2634/1617/2775
f 2633/1677/2891 2718/1739/3110 2634/1617/2775
f 2633/1677/2891 2634/1617/2775 2610/1641/2749
f 335/1622/2751 2633/1677/2891 2610/1641/2749
f 335/1622/2751 2610/1641/2749 2611/1640/2750
f 2640/1631/2893 2564/1632/2905 2701/1633/2844
f 2634/1617/2775 2640/1631/2893 2701/1633/2844
f 2634/1617/2775 2701/1633/2844 2706/1615/2849
f 2705/1616/2848 2634/1617/2775 2706/1615/2849
f 2705/1616/2848 2706/1615/2849 2606/1626/2745
f 2613/1625/2878 2705/1616/2848 2606/1626/2745
f 2613/1625/2878 2606/1626/2745 2700/1624/2843
f 2676/1659/2890 2613/1625/2878 2700/1624/2843
f 2676/1659/2890 2700/1624/2843 2602/1653/3105
f 2702/1696/2845 2676/1659/2890 2602/1653/3105
f 2702/1696/2845 2602/1653/3105 2603/1635/2876
f 2703/1634/2900 2702/1696/2845 2603/1635/2876
f 2703/1634/2900 2603/1635/2876 2704/1636/2847
f 2678/1627/2819 2703/1634/2900 2704/1636/2847
f 2701/1633/2844 2564/1632/2905 2622/1662/3107
f 2600/1651/2873 2701/1633/2844 2622/1662/3107
f 2600/1651/2873 2622/1662/3107 2620/1665/2761
f 2599/1650/2736 2600/1651/2873 2620/1665/2761
f 2599/1650/2736 2620/1665/2761 2623/1667/2764
f 2548/1661/2757 2621/1666/2762 2622/1662/3107
f 2550/1660/2829 2548/1661/2757 2622/1662/3107
f 2550/1660/2829 2622/1662/3107 2564/1632/2905
f 2699/1705/2902 2593/1644/3109 2594/1645/2897
f 2602/1653/3105 2699/1705/2902 2594/1645/2897
f 2602/1653/3105 2594/1645/2897 2658/1693/2799
f 2604/1654/2877 2602/1653/3105 2658/1693/2799
f 2604/1654/2877 2658/1693/2799 2660/1695/2880
vn 0.6788954 0.5875784 0.44028705
vn 0.41957432 0.79868054 0.43135464
vn 0.15241611 0.92835265 0.33901444
v 0.41357422 8.293125 1.5214844
vt 0.24316406 0.083984375
vn 0.21198213 -0.79323924 0.57081974
v 0.45996094 8.50211 1.784668
vt 0.3128662 0.048706055
vn 0.3175858 -0.6854067 0.6552534
v 0.6850586 8.524082 1.6474609
vt 0.31860352 0.09411621
vn 0.3652033 -0.66155326 0.65496093
vn 0.15192258 -0.8946891 0.42006075
v 0.60595703 8.643711 1.7993164
vt 0.3466797 0.08703613
vn 0.4721423 -0.539286 0.6973179
v 0.765625 9.044102 1.8417969
vn 0.6804989 0.20197067 0.7043643
vn 0.6280002 -0.36334777 0.68818176
vn 0.32630992 -0.39967778 0.85660934
vt 0.18322754 0.1138916
v 0.82177734 8.273594 1.3481445
vt 0.26037598 0.14526367
vn 0.20118013 -0.86301154 0.46339795
vt 0.19384766 0.18701172
v 0.7548828 8.335606 1.4584961
vt 0.2791748 0.11987305
vn 0.21101484 -0.7274732 0.65288246
vt 0.24865723 0.33691406
v 1.1630859 8.365879 1.1801758
vt 0.2861328 0.21179199
vn 0.54172635 -0.758539 0.3621479
v 1.2978516 8.580235 1.1987305
vt 0.33532715 0.22790527
vn 0.72441834 -0.391203 0.5676075
vt 0.15344238 0.28955078
v 1.0297852 8.279942 1.1928711
vt 0.26257324 0.1965332
vn 0.46974993 -0.83658946 0.28187436
v 0.9243164 8.259922 1.2612305
vt 0.2548828 0.17541504
vn 0.3011568 -0.87881136 0.37012863
vt 0.33666992 0.3902588
v 1.324707 8.830235 1.2114258
vt 0.38964844 0.23620605
vn 0.7711495 0.15589012 0.6172736
vt 0.428833 0.32202148
v 1.2666016 8.978672 1.1884766
vt 0.4267578 0.23632812
vn 0.7383061 0.38429028 0.5542789
v 0.96191406 8.731602 1.5703125
vt 0.36340332 0.15075684
vn 0.6612274 -0.29603553 0.689305
v 0.68115234 8.799473 1.8671875
vt 0.38183594 0.09020996
vn 0.58053035 -0.30555514 0.75473213
vt 0.4293213 0.09863281
vt 0.39855957 0.0012207031
v 1.1904297 8.865391 1.3701172
vt 0.39489746 0.203125
vn 0.7706864 0.1492419 0.6194912
vt 0.4609375 0.13452148
vt 0.46435547 0.26867676
o Joint_24_Object_13_SINGLE
g polygon_0
usemtl Material_9F264283
f 2574/1621/2707 2650/1691/2791 270/1643/2729
f 2662/1653/3113 2585/1635/2925 2663/1654/2924
f 2615/1659/2922 2662/1653/3113 2575/1624/2710
f 2548/1661/2757 2617/1662/3114 2621/1666/2762
f 2575/1624/2710 2662/1653/3113 2691/1705/2913
f 2624/1668/2765 2621/1666/2762 2672/1667/2813
f 2649/1647/2790 346/1622/2708 2667/1673/2808
f 2655/1657/2796 2576/1625/2917 2656/1658/2797
f 2692/1644/3115 2693/1645/2916 2696/1646/2839
f 2696/1646/2839 2693/1645/2916 2697/1692/2840
f 2850/1792/3116 2852/1794/3118 2851/1793/3117
f 2724/1731/3119 2649/1647/2790 2667/1673/2808
f 2852/1794/3118 2853/1795/3120 2851/1793/3117
f 2671/1665/2812 2621/1666/2762 2617/1662/3114
f 2687/1651/2912 2671/1665/2812 2617/1662/3114
f 2687/1651/2912 2617/1662/3114 2854/1633/3121
f 2591/1641/2727 346/1622/2708 2590/1640/2726
f 2592/1642/3122 2591/1641/2727 2590/1640/2726
f 2592/1642/3122 2590/1640/2726 2628/1738/2769
f 2573/1620/2706 2578/1627/2713 2572/1619/2705
f 2571/1618/2704 2573/1620/2706 2572/1619/2705
f 2571/1618/2704 2572/1619/2705 2615/1659/2922
f 2627/1671/2768 2626/1670/2767 2589/1639/2918
f 2587/1637/2919 2627/1671/2768 2589/1639/2918
f 2587/1637/2919 2589/1639/2918 2588/1737/2724
f 2697/1692/2840 2693/1645/2916 2694/1693/2837
f 2698/1694/2841 2697/1692/2840 2694/1693/2837
f 2698/1694/2841 2694/1693/2837 2695/1695/2928
f 2579/1628/3123 2554/1629/3112 2723/1735/3111
f 2851/1726/3117 2579/1628/3123 2723/1735/3111
f 2851/1726/3117 2723/1735/3111 2721/1733/2898
f 2582/1632/2911 2854/1633/3121 2617/1662/3114
f 2616/1660/2756 2582/1632/2911 2617/1662/3114
f 2616/1660/2756 2617/1662/3114 2548/1661/2757
f 2724/1796/3119 2667/1798/2808 2855/1797/3124
f 2850/1792/3116 2724/1796/3119 2855/1797/3124
f 2850/1792/3116 2855/1797/3124 2856/1799/3125
f 2852/1794/3118 2850/1792/3116 2856/1799/3125
f 2591/1800/2727 2858/1802/3127 2857/1801/3126
f 346/1803/2708 2591/1800/2727 2857/1801/3126
f 346/1803/2708 2857/1801/3126 2859/1804/3128
f 2667/1798/2808 346/1803/2708 2859/1804/3128
f 2667/1798/2808 2859/1804/3128 2860/1805/3129
f 2855/1797/3124 2667/1798/2808 2860/1805/3129
f 2858/1802/3127 2591/1800/2727 2569/1806/2702
f 2861/1807/3130 2858/1802/3127 2569/1806/2702
f 2861/1807/3130 2569/1806/2702 2577/1808/2712
f 2862/1809/3131 2861/1807/3130 2577/1808/2712
f 2863/1810/3132 2854/1812/3121 2864/1811/3133
f 2853/1795/3120 2863/1810/3132 2864/1811/3133
f 2853/1795/3120 2864/1811/3133 2579/1813/3123
f 2851/1793/3117 2853/1795/3120 2579/1813/3123
f 2854/1812/3121 2863/1810/3132 2865/1814/3134
f 2687/1815/2912 2854/1812/3121 2865/1814/3134
f 2687/1815/2912 2865/1814/3134 2862/1809/3131
f 2690/1816/2938 2687/1815/2912 2862/1809/3131
f 2690/1816/2938 2862/1809/3131 2577/1808/2712
f 2864/1631/3133 2854/1633/3121 2582/1632/2911
f 2579/1628/3123 2864/1631/3133 2582/1632/2911
f 2579/1628/3123 2582/1632/2911 2580/1630/2910
f 2554/1629/3112 2579/1628/3123 2580/1630/2910
f 2589/1639/2918 2626/1670/2767 2592/1642/3122
f 2588/1737/2724 2589/1639/2918 2592/1642/3122
f 2588/1737/2724 2592/1642/3122 2628/1738/2769
f 2722/1734/2899 2649/1647/2790 2724/1731/3119
f 2721/1733/2898 2722/1734/2899 2724/1731/3119
f 2721/1733/2898 2724/1731/3119 2850/1732/3116
f 2851/1726/3117 2721/1733/2898 2850/1732/3116
f 2650/1691/2791 2574/1621/2707 2649/1647/2790
f 2598/1649/2735 2650/1691/2791 2649/1647/2790
f 2598/1649/2735 2649/1647/2790 2722/1734/2899
f 346/1622/2708 2649/1647/2790 2574/1621/2707
f 271/1623/2709 346/1622/2708 2574/1621/2707
f 271/1623/2709 2574/1621/2707 270/1643/2729
f 2662/1653/3113 2615/1659/2922 2661/1696/2802
f 2585/1635/2925 2662/1653/3113 2661/1696/2802
f 2585/1635/2925 2661/1696/2802 2584/1634/2932
f 2586/1636/2722 2585/1635/2925 2584/1634/2932
f 2661/1696/2802 2615/1659/2922 2572/1619/2705
f 2584/1634/2932 2661/1696/2802 2572/1619/2705
f 2584/1634/2932 2572/1619/2705 2578/1627/2713
f 2586/1636/2722 2584/1634/2932 2578/1627/2713
f 2656/1658/2797 2576/1625/2917 2665/1698/2806
f 2666/1699/2807 2656/1658/2797 2665/1698/2806
f 2666/1699/2807 2665/1698/2806 2664/1697/2805
f 2576/1625/2917 2577/1626/2712 2569/1616/2702
f 2665/1698/2806 2576/1625/2917 2569/1616/2702
f 2665/1698/2806 2569/1616/2702 2625/1669/2766
f 2664/1697/2805 2665/1698/2806 2625/1669/2766
f 2691/1705/2913 2690/1655/2938 2577/1626/2712
f 2575/1624/2710 2691/1705/2913 2577/1626/2712
f 2575/1624/2710 2577/1626/2712 2576/1625/2917
f 2615/1659/2922 2575/1624/2710 2576/1625/2917
f 2615/1659/2922 2576/1625/2917 2655/1657/2796
f 2571/1618/2704 2615/1659/2922 2655/1657/2796
f 2672/1667/2813 2621/1666/2762 2671/1665/2812
f 2673/1650/2814 2672/1667/2813 2671/1665/2812
f 2673/1650/2814 2671/1665/2812 2687/1651/2912
f 2688/1652/2939 2673/1650/2814 2687/1651/2912
f 2688/1652/2939 2687/1651/2912 2690/1655/2938
f 2692/1644/3115 2688/1652/2939 2690/1655/2938
f 2692/1644/3115 2690/1655/2938 2691/1705/2913
f 2693/1645/2916 2692/1644/3115 2691/1705/2913
f 2693/1645/2916 2691/1705/2913 2662/1653/3113
f 2694/1693/2837 2693/1645/2916 2662/1653/3113
f 2694/1693/2837 2662/1653/3113 2663/1654/2924
f 2695/1695/2928 2694/1693/2837 2663/1654/2924
f 2592/1642/3122 2626/1670/2767 2625/1669/2766
f 2591/1641/2727 2592/1642/3122 2625/1669/2766
f 2591/1641/2727 2625/1669/2766 2569/1616/2702
vn 0.647377 0.6896768 -0.32442096
vn 0.6454022 -0.73714036 -0.20020041
v 0.47705078 8.626133 1.4487305
vn 0.91780263 0.3924023 0.06048696
vn 0.5156326 0.01983672 0.8565801
vn 0.5438576 -0.44656143 0.7104941
vn 0.51926315 -0.5248177 0.6744866
v 0.76123047 8.696445 1.2651367
vn 0.66927195 -0.6152541 0.4165783
vn 0.771012 0.26807195 0.57764864
vn 0.30946454 -0.94627786 -0.09375493
vn 0.5101598 -0.8509377 -0.12506789
v 1.1303711 8.893711 0.85009766
vn -0.2936526 -0.20929842 0.93271774
vn -0.14257962 -0.9449562 0.29449773
vn -0.88387305 -0.103518315 0.45612758
vn -0.7872017 0.22107813 0.5757065
vn -0.47016916 0.44709712 0.76095015
o Joint_24_Object_14_SINGLE
g polygon_0
usemtl Material_245F8EE9
f 2852/1740/3135 2866/1741/3137 2853/1742/3136
f 2859/1745/3138 2855/1746/3140 2860/1747/3139
f 2867/1744/3141 2853/1742/3136 2866/1741/3137
f 2856/1743/3142 2867/1744/3141 2866/1741/3137
f 2856/1743/3142 2866/1741/3137 2852/1740/3135
f 2863/1752/3143 2853/1742/3136 2867/1744/3141
f 2865/1751/3144 2863/1752/3143 2867/1744/3141
f 2865/1751/3144 2867/1744/3141 2868/1748/3145
f 2862/1754/3146 2865/1751/3144 2868/1748/3145
f 2862/1754/3146 2868/1748/3145 2861/1753/3147
f 2858/1750/3148 2861/1753/3147 2868/1748/3145
f 2857/1749/3149 2858/1750/3148 2868/1748/3145
f 2857/1749/3149 2868/1748/3145 2859/1745/3138
f 2856/1743/3142 2855/1746/3140 2859/1745/3138
f 2867/1744/3141 2856/1743/3142 2859/1745/3138
f 2867/1744/3141 2859/1745/3138 2868/1748/3145
vt 0.10461426 0.36169434
vt 0.04260254 0.34753418
vt 0.15075684 0.17663574
vn 0.34072375 -0.6512939 0.6780293
vt 0.095581055 0.16516113
vt 0.17980957 0.030029297
vt 0.115478516 0.032104492
vn 0.33600986 -0.40608057 0.8498211
vt 0.01550293 0.10864258
vt 0.0059814453 0.0020751953
o Joint_24_Object_15_SINGLE
g polygon_0
usemtl Material_9F264283
f 2617/1662/3114 2582/1632/2911 2583/1633/2719
f 2615/1659/2922 2662/1653/3113 2575/1624/2710
f 2662/1653/3113 2585/1635/2925 2663/1654/2924
f 2568/1817/2701 2583/1819/2719 2570/1818/2703
f 2649/1647/2790 2722/1734/2899 2598/1649/2735
f 2574/1621/2707 2650/1691/2791 270/1643/2729
f 2689/1656/2832 2687/1651/2912 2568/1615/2701
f 2650/1691/2791 2649/1647/2790 2598/1649/2735
f 2575/1624/2710 2662/1653/3113 2691/1705/2913
f 270/1643/2729 271/1623/2709 2574/1621/2707
f 2590/1640/2726 2591/1641/2727 346/1622/2708
f 2655/1657/2796 2576/1625/2917 2656/1658/2797
f 2569/1616/2702 2591/1641/2727 2625/1669/2766
f 2725/1726/3150 2652/1677/2793 2570/1617/2703
f 2589/1639/2918 2588/1737/2724 2587/1637/2919
f 2698/1694/2841 2694/1693/2837 2695/1695/2928
f 2624/1668/2765 2621/1666/2762 2672/1667/2813
f 2583/1819/2719 2582/1821/2911 2581/1820/2717
f 2592/1642/3122 2591/1641/2727 2590/1640/2726
f 2581/1820/2717 2582/1821/2911 2579/1822/3123
f 2671/1665/2812 2621/1666/2762 2617/1662/3114
f 2687/1651/2912 2671/1665/2812 2617/1662/3114
f 2687/1651/2912 2617/1662/3114 2583/1633/2719
f 2568/1615/2701 2687/1651/2912 2583/1633/2719
f 2554/1629/3112 2723/1735/3111 2579/1628/3151
f 2580/1630/2910 2554/1629/3112 2579/1628/3151
f 2580/1630/2910 2579/1628/3151 2582/1632/2911
f 2694/1693/2837 2698/1694/2841 2697/1692/2840
f 2693/1645/2916 2694/1693/2837 2697/1692/2840
f 2693/1645/2916 2697/1692/2840 2696/1646/2839
f 2692/1644/3115 2693/1645/2916 2696/1646/2839
f 2616/1660/2756 2582/1632/2911 2617/1662/3114
f 2548/1661/2757 2616/1660/2756 2617/1662/3114
f 2548/1661/2757 2617/1662/3114 2621/1666/2762
f 2570/1818/2703 2583/1819/2719 2581/1820/2717
f 2725/1823/3150 2570/1818/2703 2581/1820/2717
f 2725/1823/3150 2581/1820/2717 2579/1822/3123
f 2723/1824/3111 2725/1823/3150 2579/1822/3123
f 2573/1620/2706 2578/1627/3124 2572/1619/2705
f 2571/1618/2704 2573/1620/2706 2572/1619/2705
f 2571/1618/2704 2572/1619/2705 2615/1659/2922
f 2661/1696/2802 2615/1659/2922 2572/1619/2705
f 2584/1634/2932 2661/1696/2802 2572/1619/2705
f 2584/1634/2932 2572/1619/2705 2578/1627/3124
f 2662/1653/3113 2615/1659/2922 2661/1696/2802
f 2585/1635/2925 2662/1653/3113 2661/1696/2802
f 2585/1635/2925 2661/1696/2802 2584/1634/2932
f 2586/1636/2722 2585/1635/2925 2584/1634/2932
f 2586/1636/2722 2584/1634/2932 2578/1627/3124
f 2588/1737/2724 2589/1639/2918 2592/1642/3122
f 2628/1738/2769 2588/1737/2724 2592/1642/3122
f 2628/1738/2769 2592/1642/3122 2590/1640/2726
f 2649/1647/2790 2650/1691/2791 2574/1621/2707
f 346/1622/2708 2649/1647/2790 2574/1621/2707
f 346/1622/2708 2574/1621/2707 271/1623/2709
f 2667/1673/2808 2652/1677/2793 2726/1732/2936
f 2724/1731/3119 2667/1673/2808 2726/1732/2936
f 2724/1731/3119 2726/1732/2936 2721/1733/2898
f 2726/1732/2936 2652/1677/2793 2725/1726/3150
f 2721/1733/2898 2726/1732/2936 2725/1726/3150
f 2721/1733/2898 2725/1726/3150 2723/1735/3111
f 2656/1658/2797 2576/1625/2917 2665/1698/2806
f 2666/1699/2807 2656/1658/2797 2665/1698/2806
f 2666/1699/2807 2665/1698/2806 2664/1697/2805
f 2576/1625/2917 2577/1626/2712 2569/1616/2702
f 2665/1698/2806 2576/1625/2917 2569/1616/2702
f 2665/1698/2806 2569/1616/2702 2625/1669/2766
f 2664/1697/2805 2665/1698/2806 2625/1669/2766
f 2691/1705/2913 2690/1655/2938 2577/1626/2712
f 2575/1624/2710 2691/1705/2913 2577/1626/2712
f 2575/1624/2710 2577/1626/2712 2576/1625/2917
f 2615/1659/2922 2575/1624/2710 2576/1625/2917
f 2615/1659/2922 2576/1625/2917 2655/1657/2796
f 2571/1618/2704 2615/1659/2922 2655/1657/2796
f 2690/1655/2938 2687/1651/2912 2689/1656/2832
f 2577/1626/2712 2690/1655/2938 2689/1656/2832
f 2577/1626/2712 2689/1656/2832 2568/1615/2701
f 2569/1616/2702 2577/1626/2712 2568/1615/2701
f 2569/1616/2702 2568/1615/2701 2570/1617/2703
f 2591/1641/2727 2569/1616/2702 2570/1617/2703
f 2591/1641/2727 2570/1617/2703 2652/1677/2793
f 346/1622/2708 2591/1641/2727 2652/1677/2793
f 346/1622/2708 2652/1677/2793 2667/1673/2808
f 2649/1647/2790 346/1622/2708 2667/1673/2808
f 2649/1647/2790 2667/1673/2808 2724/1731/3119
f 2722/1734/2899 2649/1647/2790 2724/1731/3119
f 2722/1734/2899 2724/1731/3119 2721/1733/2898
f 2672/1667/2813 2621/1666/2762 2671/1665/2812
f 2673/1650/2814 2672/1667/2813 2671/1665/2812
f 2673/1650/2814 2671/1665/2812 2687/1651/2912
f 2688/1652/2939 2673/1650/2814 2687/1651/2912
f 2688/1652/2939 2687/1651/2912 2690/1655/2938
f 2692/1644/3115 2688/1652/2939 2690/1655/2938
f 2692/1644/3115 2690/1655/2938 2691/1705/2913
f 2693/1645/2916 2692/1644/3115 2691/1705/2913
f 2693/1645/2916 2691/1705/2913 2662/1653/3113
f 2694/1693/2837 2693/1645/2916 2662/1653/3113
f 2694/1693/2837 2662/1653/3113 2663/1654/2924
f 2695/1695/2928 2694/1693/2837 2663/1654/2924
f 2625/1669/2766 2591/1641/2727 2592/1642/3122
f 2626/1670/2767 2625/1669/2766 2592/1642/3122
f 2626/1670/2767 2592/1642/3122 2589/1639/2918
f 2627/1671/2768 2626/1670/2767 2589/1639/2918
f 2627/1671/2768 2589/1639/2918 2587/1637/2919
v -2.53125 13.124668 -0.17675781
vt 0.51257324 0.8157959
vn -0.42390084 -0.038941503 0.9048711
v -1.1210938 12.336094 -0.14355469
vt 0.31750488 0.2607422
vn -0.068423495 0.75638175 0.650542
v -1.8320312 11.730625 -0.16455078
vt 0.63171387 0.22973633
vn -0.375567 0.24293135 0.8943902
v -2.8364258 12.559727 -1.1396484
vt 1.0025635 0.57385254
vn -0.92881113 -0.20270629 0.31019375
v -2.5581055 12.154942 -0.1772461
vt 0.7705078 0.48266602
vn -0.61819077 -0.07434403 0.7825045
v -2.7470703 13.557774 -0.23388672
vt 0.55163574 1.1669922
vn -0.12555382 0.57997686 0.80489945
v -1.1210938 12.336582 -0.14355469
v -1.2861328 12.868809 -0.87353516
vt 0.1673584 0.6654053
vn 0.2998267 0.9345169 -0.19178656
v 0 12.483555 -1.0981445
vt -0.4248047 -0.13781738
vn -0.0036012114 0.9341176 -0.35694718
v -2.1411133 10.726231 -0.15185547
vt 0.8691406 0.18127441
vn -0.97237116 -0.1846962 0.14276418
v 2.6777344 13.57291 -0.23388672
vt 0.5543213 1.1707764
vn 0.27309096 0.5256726 0.805661
v 2.6245117 12.198399 -0.1772461
vt 0.80029297 0.48706055
vn 0.57734346 -0.08178879 0.8123947
v 2.475586 13.135899 -0.17578125
vt 0.5131836 0.8129883
vn 0.04528995 0.048769094 0.9977827
v 2.7197266 12.448399 -1.0541992
vt 1.0013428 0.57128906
vn 0.7184625 0.20905055 -0.66340744
v 2.1513672 10.691563 -0.18164062
vt 1.0917969 -0.012573242
vn 0.97126484 -0.18280262 0.15240672
v 1.8320312 11.730625 -0.16455078
vt 0.6401367 0.23144531
vn 0.42953435 0.2634461 0.86376876
v 1.1210938 12.336094 -0.14355469
vt 0.3265381 0.26184082
vn 0.11505595 0.77316374 0.62368256
vt 0.87683105 0.18322754
v 1.1499023 12.862949 -0.9609375
vt 0.16833496 0.6656494
vn -0.20411414 0.903376 -0.37715948
v 1.1210938 12.336582 -0.14355469
vt 0.32641602 0.26184082
o Joint_24_Object_16_SINGLE
g polygon_0
usemtl Material_A5ADC989
f 2869/1825/3152 2871/1827/3154 2870/1826/3153
f 2872/1828/3155 2873/1829/3156 2869/1825/3152
f 2874/1830/3157 2872/1828/3155 2869/1825/3152
f 2874/1830/3157 2869/1825/3152 2875/1826/3153
f 2876/1831/3158 2874/1830/3157 2875/1826/3153
f 2876/1831/3158 2875/1826/3153 2877/1832/3159
f 2871/1827/3154 2869/1825/3152 2873/1829/3156
f 2878/1833/3160 2871/1827/3154 2873/1829/3156
f 2878/1833/3160 2873/1829/3156 2872/1828/3155
f 2879/1834/3161 2881/1836/3163 2880/1835/3162
f 2882/1837/3164 2879/1834/3161 2880/1835/3162
f 2882/1837/3164 2880/1835/3162 2883/1838/3165
f 2881/1836/3163 2885/1840/3167 2884/1839/3166
f 2880/1835/3162 2881/1836/3163 2884/1839/3166
f 2880/1835/3162 2884/1839/3166 2883/1841/3165
f 2886/1842/3168 2877/1832/3159 2887/1843/3167
f 2879/1834/3161 2886/1842/3168 2887/1843/3167
f 2879/1834/3161 2887/1843/3167 2881/1836/3163
v -0.8676758 12.620274 2.6499023
vt 0.6397705 0.6097412
vn -0.4426369 0.8604319 -0.25244707
v -1.3745117 12.11832 3.838379
vt 0.6229248 0.98376465
vn -0.6602707 -0.71178854 0.23958236
v -0.9472656 12.327305 2.6401367
vt 1.0019531 0.6135254
vn -0.6039128 -0.79410803 -0.06842391
v -0.68652344 12.32877 2.7011719
vt 0.025634766 0.5897217
vn 0.9075717 -0.11505633 0.40382636
v -0.087402344 11.804844 1.355957
vt 0.56311035 0.014038086
vn 0.43222502 -0.75054914 0.49985746
v -0.41552734 11.776035 1.2978516
vt 0.99890137 0.013916016
vn -0.92205113 -0.1577241 -0.35347533
v -0.18115234 12.025547 1.1850586
vt 0.010375977 0.013671875
vn 0.4914012 0.86457556 -0.10504303
v -0.23291016 12.032871 1.019043
vt 1.001831 0.018188477
vn 0.5791896 0.57210916 -0.58071554
v -0.19628906 12.652988 1.9614258
vt 0.9873047 0.5859375
vn 0.9548014 -0.094180055 0.2819298
v -0.36035156 12.876133 1.7207031
vt 0.015136719 0.59106445
vn -0.37581378 0.70194227 -0.6050132
v -0.107421875 11.890781 1.2851562
vt 0.19433594 0.024291992
vn 0.43317997 -0.5695978 0.6985081
v -0.5004883 12.626621 1.9077148
vt 0.6693115 0.6138916
vn -0.6794303 -0.5323252 0.5049795
v -0.40527344 11.8336525 1.2036133
vt 0.0078125 0.01940918
vn -0.9927756 -0.10333656 -0.060976505
v -0.47265625 13.289707 2.7460938
vt 0.6291504 0.97473145
vn -0.3308857 0.2064297 0.92081565
v -1.1347656 11.544102 2.2895508
vt 0.6895752 0.6213379
vn -0.51260185 -0.7057889 -0.4889799
v -1.5810547 10.803867 3.1625977
vt 0.70336914 0.9892578
vn -0.08630592 -0.7434272 0.663225
v -0.83740234 11.569981 2.3422852
vt 0.111572266 0.6097412
vn 0.8285199 -0.45649773 0.32429102
v -0.9375 11.879063 2.3789062
vt 1.019165 0.6209717
vn -0.333574 0.9022673 0.27320716
v -0.5942383 11.707188 1.2817383
vt 1.0493164 0.020141602
vn -0.8481481 0.18043366 -0.4980848
vt 1.0192871 0.6126709
vt 0.68518066 0.62023926
v -0.24267578 11.96207 1.2045898
vt 0.061279297 0.018676758
vn 0.6762617 0.57621723 0.4589595
vt 0.10888672 0.61242676
v -0.30029297 11.744785 1.3515625
vt 0.6717529 0.021850586
vn 0.4816557 -0.8712652 0.09436569
o Joint_24_Object_17_SINGLE
g polygon_0
usemtl Material_872C5853
f 2888/1844/3169 2890/1846/3171 2889/1845/3170
f 2891/1847/3172 2888/1844/3169 2889/1845/3170
f 2891/1847/3172 2889/1845/3170 2890/1846/3171
f 2892/1848/3173 2891/1847/3172 2890/1846/3171
f 2892/1848/3173 2890/1846/3171 2893/1849/3174
f 2893/1849/3174 2890/1846/3171 2888/1844/3169
f 2894/1850/3175 2893/1849/3174 2888/1844/3169
f 2894/1850/3175 2888/1844/3169 2891/1847/3172
f 2892/1848/3173 2894/1850/3175 2891/1847/3172
f 2895/1851/3176 2897/1853/3178 2896/1852/3177
f 2898/1854/3179 2895/1851/3176 2896/1852/3177
f 2898/1854/3179 2896/1852/3177 2899/1855/3180
f 2900/1856/3181 2898/1854/3179 2899/1855/3180
f 2900/1856/3181 2899/1855/3180 2897/1853/3178
f 2895/1851/3176 2900/1856/3181 2897/1853/3178
f 2896/1852/3177 2897/1853/3178 2901/1857/3182
f 2899/1855/3180 2896/1852/3177 2901/1857/3182
f 2899/1855/3180 2901/1857/3182 2897/1853/3178
f 2902/1858/3183 2904/1860/3185 2903/1859/3184
f 2905/1861/3186 2902/1858/3183 2903/1859/3184
f 2905/1861/3186 2903/1859/3184 2904/1860/3185
f 2906/1862/3187 2902/1864/3183 2905/1863/3186
f 2907/1865/3188 2906/1862/3187 2905/1863/3186
f 2907/1865/3188 2905/1863/3186 2904/1866/3185
f 2908/1867/3189 2907/1865/3188 2904/1866/3185
f 2908/1867/3189 2904/1866/3185 2902/1864/3183
f 2906/1862/3187 2908/1867/3189 2902/1864/3183
v 0.26904297 8.980625 2.2045898
vt 0.14746094 0.22241211
vn 0.5010515 -0.07232867 0.8623897
v 0 9.287754 2.5600586
vt 0.48815918 0.65283203
vn 0.00048829865 0.5740561 0.8188158
v 0.15771484 9.246738 2.197754
vt 0.041748047 0.71813965
vn 0.3250204 0.8561617 0.4016825
v 0 8.892246 2.291504
vt 0.5001221 0.057495117
vn 0.0002441585 -0.4456503 0.8952071
v -0.26904297 8.980625 2.2045898
vt 0.852417 0.22375488
vn -0.4980843 -0.07410225 0.8639565
v -0.15771484 9.246738 2.197754
vt 0.9621582 0.7437744
vn -0.32314268 0.8567493 0.40194458
v 0.013183594 9.279453 2.121582
vt 0.4744873 0.87524414
vn 0 0.97869205 0.20533367
o Joint_24_Object_18_SINGLE
g polygon_0
usemtl Material_28C38771
f 2909/1868/3190 2911/1870/3192 2910/1869/3191
f 2912/1871/3193 2909/1868/3190 2910/1869/3191
f 2912/1871/3193 2910/1869/3191 2913/1872/3194
f 2914/1873/3195 2913/1872/3194 2910/1869/3191
f 2915/1874/3196 2914/1873/3195 2910/1869/3191
f 2915/1874/3196 2910/1869/3191 2911/1870/3192
v -1.5400391 11.179844 -2
vt 0.4020996 0.81518555
vn -0.4896392 -0.085085645 -0.8677637
v -2.5878906 12.32584 -1.3833008
vt 0.2475586 0.7402344
vn -0.20362638 0.456084 -0.8663277
vt 0.29431152 0.9593506
vt 0.06689453 0.60827637
vt 0.3343506 0.6140137
vt 0.08618164 0.74780273
v -1.7749023 8.285801 -0.17333984
vt 0.17468262 0.009765625
vn 0.12207337 -0.6060943 -0.7859694
v -1.8510742 9.518223 -0.28222656
vt 0.3935547 0.23913574
vn -0.8076644 -0.33247793 -0.4869669
v -1.8198242 9.014317 -0.23779297
vt 0.28723145 0.059692383
vn 0.9971539 0.057496417 -0.048768193
vt 0.4486084 0.83483887
v -1.4814453 11.653477 0.6245117
vt 0.5064697 0.6760254
vn -0.6816124 0.49569035 0.5382339
vt 0.40112305 0.6779785
v -1.4804688 9.214024 0.63427734
vt 0.55651855 0.19604492
vn -0.84812427 -0.34315613 0.4036449
vt 0.26611328 0.43151855
v -1.7983398 10.323399 0.70654297
vt 0.4605713 0.49743652
vn -0.8211388 -0.0055544213 0.57070154
v -0.27539062 10.73502 1.5825195
vt 0.9180908 0.55700684
vn -0.03674367 0.03259322 0.99879307
v 0 10.889317 1.5874023
vt 0.9925537 0.6062012
vn -0.014892815 0.09423978 0.99543816
v -0.2163086 9.828281 1.5952148
vt 0.93652344 0.41625977
vn -0.11126833 -0.041321263 0.992931
v -0.43310547 11.160313 1.5522461
vt 0.8708496 0.60791016
vn -0.12805912 0.1865952 0.974055
v 0 11.921055 1.3339844
vt 0.91308594 0.8095703
vn -0.0045167063 0.6350245 0.7724788
vt 0.32531738 0.6159668
vt 0.0690918 0.6086426
vt 0.10461426 0.74108887
vt 0.34448242 0.5860596
v 1.0751953 11.786289 -1.8295898
vt 0.45141602 0.66967773
vn 0.07397799 0.53444827 -0.84195745
vt 0.5284424 0.5983887
v 0.9609375 11.636875 1.1953125
vt 0.5671387 0.7558594
vn 0.5154865 0.44174963 0.7342554
v 1.8212891 10.394688 0.6015625
vt 0.52856445 0.4099121
vn 0.842149 -0.031923167 0.5382991
v 0.9868164 10.976719 1.3447266
vt 0.7227783 0.52124023
vn 0.62955695 0.17780681 0.75633514
v 1.3959961 10.205723 -1.6938477
vt 0.21643066 0.43652344
vn 0.60256237 -0.2829089 -0.74624467
v 0 10.177891 -2.2041016
vt 0.02331543 0.42626953
vn -0.09607285 -0.24060939 -0.96585566
v 0 9.098789 -1.8793945
vt 0.12841797 0.118896484
vn 6.103641E-05 -0.4942118 -0.86934155
v 1.8051758 11.523594 0.44873047
vt 0.4888916 0.6640625
vn 0.7942289 0.4221401 0.4370334
vt 0.4437256 0.71191406
vt 0.44018555 0.62268066
vt 0.40454102 0.6105957
v 1.6201172 11.114414 -1.9467773
vt 0.18188477 0.6347656
vn 0.4839612 0.0026856214 -0.87508535
v 0.27539062 10.734531 1.5825195
vt 0.91967773 0.5567627
vn 0.0657355 0.030029587 0.99738514
v 0.4326172 11.159824 1.5522461
vn 0.08178985 0.23554257 0.9684163
v 0 9.835117 1.6196289
vt 0.99780273 0.4173584
vn 0.028321344 -0.02887068 0.9991819
v 0.3178711 9.3805275 1.5419922
vt 0.9277344 0.20776367
vn 0.12280964 -0.08307352 0.9889473
v 0 9.532383 1.597168
vt 0.99780273 0.2084961
vn -0.05627623 -0.094546504 0.99392855
v 1.8510742 9.517735 -0.28222656
vt 0.5012207 0.25012207
vn 0.94218343 -0.23670559 -0.23719388
v 1.5151367 9.235996 0.62158203
vt 0.56555176 0.18725586
vn 0.83096975 -0.34181216 0.43892342
v 0.6347656 11.245274 1.453125
vt 0.8000488 0.6010742
vn 0.31459147 0.33607695 0.88774127
v 1.3554688 10.114414 1.1303711
vt 0.63342285 0.28381348
vn 0.7324513 0.061159685 0.6780668
vt 0.0026855469 0.40429688
v -1.3959961 10.205723 -1.6938477
vt 0.114746094 0.46740723
vn -0.6689652 -0.32374012 -0.66908735
v -1.1196289 9.123203 -1.4228516
vt 0.123046875 0.30480957
vn -0.6417642 -0.38991722 -0.66038114
vt 0.39794922 0.81018066
v 1.3852539 9.605137 1.0898438
vt 0.6503906 0.23059082
vn 0.7742079 -0.26337963 0.57552874
vt 0.64904785 0.14685059
v 1.0610352 9.188633 1.0522461
vt 0.7038574 0.1282959
vn 0.6116118 -0.5298804 0.58750135
v -1.0751953 11.786289 -1.8295898
vt 0.4633789 0.66516113
vn -0.07184165 0.55239326 -0.8304821
v -1.3588867 10.111485 1.1303711
vt 0.635376 0.28564453
vn -0.6832073 0.041445345 0.7290474
v -0.9873047 10.966465 1.3320312
vn -0.6182447 0.16364044 0.7687622
v -1.3793945 9.62418 1.0898438
vt 0.6530762 0.22875977
vn -0.74226165 -0.2868703 0.6056015
v -1.0361328 9.215 1.0698242
vt 0.7030029 0.12756348
vn -0.59397745 -0.52805454 0.60691786
v 1.7749023 8.285801 -0.17333984
vt 0.3708496 0.24890137
vn 0.5638666 -0.5982919 -0.569299
v 1.2700195 8.503086 -0.90185547
vt 0.3005371 0.30541992
vn 0.5837089 -0.5367094 -0.6092839
v 0 7.976719 -0.14501953
vt 0.24963379 0.041992188
vn -0.009521846 -0.91806465 -0.39631632
v 1.8227539 9.05582 -0.24121094
vt 0.4300537 0.25305176
vn 0.80312705 -0.10174896 -0.5870555
vt 0.25219727 0.7393799
vt 0.38891602 0.8474121
vt 0.28344727 0.96435547
vt 0.99780273 0.41723633
v -0.32617188 9.404942 1.5151367
vt 0.9301758 0.21569824
vn -0.19263043 -0.1336694 0.9721245
vt 0.14770508 0.6031494
v 0 11.09586 -2.2958984
vt 0.02355957 0.67456055
vn 0.059388455 0.15973237 -0.9853723
vt 0.14709473 0.72424316
v 0 11.820469 -1.8666992
vt 0.0357666 0.84106445
vn 0.035340887 0.5638672 -0.825109
vt 0.051879883 0.9539795
vt 0.00793457 0.15625
v -0.9863281 8.503086 -0.90185547
vt 0.14135742 0.16003418
vn -0.44508794 -0.6616502 -0.6034201
v 0 8.478672 -1.3496094
vt 0.00390625 0.03491211
vn 0.044434052 -0.7733234 -0.6324528
vt 0.09423828 0.02355957
vt 0.25024414 0.8076172
vt 0.052001953 0.9539795
v 0.21777344 9.827305 1.5952148
vt 0.93603516 0.41479492
vn 0.111273505 -0.043093305 0.9928551
v -0.7636719 11.581699 1.3579102
vt 0.7426758 0.66064453
vn -0.42390153 0.34455353 0.8376099
v -0.6352539 11.245274 1.453125
vn -0.40022802 0.10388716 0.9105081
v 1.1196289 9.123203 -1.4228516
vt 0.25024414 0.35473633
vn 0.56699 -0.4333149 -0.70054305
vt 0.78015137 0.8922119
v 0 12.550449 0.16259766
vt 0.45239258 0.97875977
vn 0 0.9767013 0.21460329
vt 0.25012207 0.35473633
vt 0.19311523 0.07165527
o Joint_24_Object_19_SINGLE
g polygon_0
usemtl Material_A01F83AA
f 2916/1875/3197 2878/1877/3160 2917/1876/3198
f 2879/1878/3161 2882/1880/3164 2886/1879/3168
f 2918/1881/3199 2920/1883/3201 2919/1882/3200
f 2875/1884/3153 2871/1886/3154 2921/1885/3202
f 2922/1887/3203 2923/1889/3204 2878/1888/3160
f 2924/1890/3205 2926/1892/3207 2925/1891/3206
f 2924/1890/3205 2925/1891/3206 2927/1893/3208
f 2927/1893/3208 2925/1891/3206 2928/1894/3209
f 2876/1895/3158 2917/1897/3198 2874/1896/3157
f 2921/1885/3202 2871/1886/3154 2878/1898/3160
f 2929/1899/3210 2877/1900/3159 2886/1879/3168
f 2930/1901/3211 2932/1903/3213 2931/1902/3212
f 2933/1904/3214 2935/1906/3216 2934/1905/3215
f 2936/1907/3217 2883/1909/3165 2884/1908/3166
f 2931/1902/3212 2883/1909/3165 2936/1907/3217
f 2883/1910/3165 2933/1904/3214 2937/1911/3218
f 2938/1912/3219 2939/1893/3220 2925/1891/3206
f 2940/1913/3221 2942/1915/3223 2941/1914/3222
f 2931/1902/3212 2943/1916/3224 2883/1910/3165
f 2944/1917/3225 2943/1916/3224 2931/1902/3212
f 2922/1887/3203 2878/1888/3160 2919/1882/3200
f 2930/1901/3211 2945/1918/3226 2932/1903/3213
f 2932/1903/3213 2946/1919/3227 2931/1902/3212
f 2934/1920/3215 2948/1922/3229 2947/1921/3228
f 2930/1901/3211 2931/1902/3212 2936/1907/3217
f 2887/1923/3167 2930/1901/3211 2936/1907/3217
f 2887/1923/3167 2936/1907/3217 2884/1908/3166
f 2931/1902/3212 2946/1919/3227 2949/1924/3230
f 2944/1925/3225 2931/1902/3212 2949/1924/3230
f 2944/1925/3225 2949/1924/3230 2950/1926/3231
f 2951/1927/3232 2916/1875/3197 2917/1876/3198
f 2877/1900/3159 2951/1927/3232 2917/1876/3198
f 2877/1900/3159 2917/1876/3198 2876/1895/3158
f 2952/1928/3233 2953/1903/3234 2923/1889/3204
f 2954/1929/3235 2952/1928/3233 2923/1889/3204
f 2954/1929/3235 2923/1889/3204 2922/1887/3203
f 2955/1930/3236 2954/1929/3235 2922/1887/3203
f 2956/1931/3237 2958/1933/3239 2957/1932/3238
f 2959/1934/3240 2956/1931/3237 2957/1932/3238
f 2959/1934/3240 2957/1932/3238 2943/1916/3224
f 2929/1899/3210 2886/1879/3168 2882/1935/3164
f 2937/1936/3218 2929/1899/3210 2882/1935/3164
f 2937/1936/3218 2882/1935/3164 2883/1937/3165
f 2940/1938/3221 2925/1891/3206 2926/1892/3207
f 2942/1915/3223 2940/1938/3221 2926/1892/3207
f 2942/1915/3223 2926/1892/3207 2960/1939/3241
f 2934/1920/3215 2947/1921/3228 2916/1940/3197
f 2961/1941/3242 2934/1920/3215 2916/1940/3197
f 2961/1941/3242 2916/1940/3197 2951/1942/3232
f 2962/1943/3243 2961/1941/3242 2951/1942/3232
f 2962/1943/3243 2951/1942/3232 2877/1944/3159
f 2948/1922/3229 2934/1920/3215 2935/1945/3216
f 2963/1946/3244 2948/1922/3229 2935/1945/3216
f 2963/1946/3244 2935/1945/3216 2964/1947/3245
f 2958/1948/3239 2963/1946/3244 2964/1947/3245
f 2933/1904/3214 2934/1905/3215 2961/1941/3242
f 2937/1911/3218 2933/1904/3214 2961/1941/3242
f 2937/1911/3218 2961/1941/3242 2962/1943/3243
f 2929/1949/3210 2937/1911/3218 2962/1943/3243
f 2929/1949/3210 2962/1943/3243 2877/1950/3159
f 2938/1912/3219 2925/1891/3206 2940/1913/3221
f 2965/1951/3246 2938/1912/3219 2940/1913/3221
f 2965/1951/3246 2940/1913/3221 2941/1914/3222
f 2927/1893/3208 2928/1894/3209 2966/1952/3247
f 2967/1918/3248 2927/1893/3208 2966/1952/3247
f 2967/1918/3248 2966/1952/3247 2953/1903/3234
f 2945/1918/3226 2930/1901/3211 2928/1894/3209
f 2939/1893/3220 2945/1918/3226 2928/1894/3209
f 2939/1893/3220 2928/1894/3209 2925/1891/3206
f 2933/1904/3214 2883/1910/3165 2943/1916/3224
f 2968/1953/3249 2933/1904/3214 2943/1916/3224
f 2968/1953/3249 2943/1916/3224 2957/1932/3238
f 2921/1885/3202 2966/1952/3247 2928/1954/3209
f 2875/1884/3153 2921/1885/3202 2928/1954/3209
f 2875/1884/3153 2928/1954/3209 2969/1955/3250
f 2877/1944/3159 2875/1884/3153 2969/1955/3250
f 2953/1903/3234 2966/1952/3247 2921/1885/3202
f 2923/1889/3204 2953/1903/3234 2921/1885/3202
f 2923/1889/3204 2921/1885/3202 2878/1898/3160
f 2919/1882/3200 2948/1922/3229 2963/1946/3244
f 2918/1881/3199 2919/1882/3200 2963/1946/3244
f 2918/1881/3199 2963/1946/3244 2958/1948/3239
f 2948/1922/3229 2919/1882/3200 2878/1888/3160
f 2947/1921/3228 2948/1922/3229 2878/1888/3160
f 2947/1921/3228 2878/1888/3160 2916/1940/3197
f 2928/1954/3209 2930/1901/3211 2887/1923/3167
f 2969/1955/3250 2928/1954/3209 2887/1923/3167
f 2969/1955/3250 2887/1923/3167 2877/1950/3159
f 2935/1906/3216 2933/1904/3214 2968/1956/3249
f 2964/1957/3245 2935/1906/3216 2968/1956/3249
f 2964/1957/3245 2968/1956/3249 2957/1932/3238
f 2958/1933/3239 2964/1957/3245 2957/1932/3238
v -2.8398438 8.509922 -0.99658203
vt 0.026611328 0.611084
vn -0.6786797 0.15540233 0.71780497
v -1.7568359 9.38834 -0.16259766
vt 0.27697754 0.79711914
v -1.8588867 8.586582 -0.0859375
vt 0.26843262 0.6158447
v -2.6254883 9.535801 -0.78222656
vt 0.09777832 0.92626953
vn -0.61744595 0.02313286 0.7862731
v -1.7651367 9.5524025 -0.106933594
vt 0.44140625 0.88061523
v -1.8525391 8.948399 -0.15771484
vt 0.36853027 0.7487793
v 1.0766602 8.125156 0.3330078
vt 0.4136963 0.4272461
vn 0.5169911 -0.24647108 0.81973916
v 1.8110352 8.629063 0.021484375
vt 0.30908203 0.5095215
v 2.371582 7.5123634 -0.66748047
vt 0.17858887 0.30371094
v 1.5410156 8.227207 -0.020996094
vt 0.4248047 0.53723145
vn 0.52527905 -0.23840807 0.8168498
v 1.9746094 8.820957 -0.12597656
vt 0.28479004 0.6555176
v 2.7578125 8.019199 -0.8642578
vt 0.10571289 0.41394043
v 1.8232422 8.591953 -0.0859375
vt 0.26831055 0.6158447
vn 0.68117905 0.091251135 0.7264078
v 1.8383789 9.393711 -0.2006836
v 2.8041992 8.518223 -0.99658203
v 1.8154297 8.953281 -0.15771484
vt 0.3684082 0.7487793
vn 0.61738193 0.0249028 0.7862693
v 1.7265625 9.557774 -0.106933594
v 2.586914 9.543125 -0.78222656
v -1.1176758 8.383945 1.246582
vt 0.7246094 0.5638428
vn -0.43868557 -0.7051197 0.5571008
v -1.4189453 8.211582 0.67578125
vt 0.67663574 0.5305176
vn -0.46589327 -0.8388276 0.28162342
v -1.6123047 8.788242 0.9213867
vt 0.5761719 0.67089844
vn -0.8024778 -0.18494773 0.5672951
v 1.1689453 8.799961 1.4472656
vt 0.6810303 0.7067871
vn 0.73855203 -0.105716705 0.66585654
v 0.63427734 9.025059 1.9604492
vt 0.79785156 0.7269287
vn 0.6233116 0.06579807 0.7792005
v 0.8510742 9.16666 1.6811523
vt 0.7774658 0.8099365
vn 0.45474336 0.7984561 0.39455852
v 0.6328125 8.582188 1.7851562
vt 0.8687744 0.61499023
vn 0.41934282 -0.5666316 0.70928144
v 1.5151367 9.235996 0.62109375
vt 0.5317383 0.83044434
vn 0.7401324 0.50746006 0.44123513
v 1.8227539 9.056309 -0.24121094
vt 0.42785645 0.6480713
vn 0.97587633 0.20942155 0.061709467
v 2.0024414 8.744297 0.43164062
vt 0.48583984 0.6401367
vn 0.9616514 0.08942045 0.2592888
v -1.4799805 9.214512 0.63378906
vt 0.53186035 0.83044434
vn -0.6977356 0.61008376 0.37545025
v -1.8203125 9.015293 -0.23779297
vt 0.42785645 0.6479492
vn -0.96325284 0.2663732 -0.034486905
vt 0.33789062 0.9102783
vn -0.9293989 -0.024963824 0.36823165
v -2.7924805 8.010899 -0.8642578
vt 0.10559082 0.41394043
vn -0.5245568 -0.23993866 0.81686574
v -2.0112305 8.815098 -0.12597656
v -1.5756836 8.222324 -0.020996094
vt 0.42492676 0.53723145
vn 0.93983215 -0.028078377 0.34048086
v 0 8.041172 1.0629883
vt 0.99645996 0.3265381
vn 0.00024415625 -0.9535522 0.30122775
v -0.85253906 9.16666 1.6811523
vn -0.47359 0.7839047 0.4015047
vt 0.65270996 0.84765625
vn -0.23682804 0.96031326 0.14734611
vt 0.85217285 0.91711426
vn -0.35932687 0.879243 0.31275538
vt 0.9958496 0.6654053
vn -0.0006714146 -0.6084237 0.79361206
v -0.62646484 8.582188 1.7851562
vn -0.43433598 -0.54554456 0.71675205
vt 0.9371338 0.7236328
vn -0.47224215 -0.23541915 0.84944993
v 0 8.498692 1.909668
vt 0.9962158 0.53063965
vn -0.046939228 -0.79235125 0.6082567
v 0 8.315586 1.6220703
vt 0.9963379 0.4395752
vn 0.04138394 -0.8667433 0.49703458
v -2.4042969 7.5055275 -0.66748047
vt 0.1784668 0.30371094
vn -0.5163118 -0.24793221 0.81972665
v -1.847168 8.62418 0.021484375
v -1.1113281 8.122227 0.3330078
vt 0.41381836 0.4272461
v -0.6381836 8.96793 1.9907227
vn -0.61337405 0.022584178 0.7894696
v -1.2495117 8.825352 1.362793
vn -0.7481959 0.018067056 0.6632319
vt 0.94763184 0.81359863
vn -0.46663967 0.64145404 0.6089205
vt 0.9986572 0.83813477
vn 0.0070801484 0.959177 0.28271765
vt 0.9971924 0.96691895
vn 0.01800643 0.9005045 0.43447375
vn 0.36023557 0.89002967 0.27942365
vn 0.47572368 0.6429045 0.60030055
vn 0.5179228 -0.18598832 0.8349637
v -2.1137695 8.744297 0.2993164
vn -0.9694971 0.16992445 0.17663841
vt 0.49987793 0.48840332
vn -0.7130364 -0.69802123 0.06592016
v 1.0610352 9.189121 1.0522461
vn 0.12073466 0.9898045 0.07556598
v 1.6342773 8.673496 0.88183594
vn 0.81356806 -0.11139333 0.57070005
v 1.4189453 8.211582 0.67578125
vn 0.49018902 -0.79964715 0.34681284
vn 0.72946644 -0.6769737 0.09790513
vt 0.99658203 0.23339844
vn 0 -0.99981046 0.019471278
v 1.0317383 8.413242 1.3461914
vn 0.4177424 -0.72335845 0.5497671
o Joint_24_Object_20_SINGLE
g polygon_0
usemtl Material_9F264283
f 2970/1958/3251 2972/1960/3251 2971/1959/3251
f 2973/1961/3252 2975/1963/3252 2974/1962/3252
f 2976/1964/3253 2978/1966/3253 2977/1965/3253
f 2979/1967/3254 2981/1969/3254 2980/1968/3254
f 2982/1970/3255 2984/1958/3255 2983/1959/3255
f 2985/1971/3256 2987/1961/3256 2986/1962/3256
f 2988/1972/3257 2990/1974/3259 2989/1973/3258
f 2991/1975/3260 2993/1977/3262 2992/1976/3261
f 2994/1978/3263 2991/1975/3260 2992/1976/3261
f 2995/1979/3264 2997/1981/3266 2996/1980/3265
f 2998/1982/3267 2919/1984/3269 2999/1983/3268
f 3000/1985/3270 3002/1986/3270 3001/1968/3270
f 2996/1980/3265 2943/1984/3271 2995/1979/3264
f 2988/1972/3257 2989/1973/3258 3003/1987/3272
f 3004/1977/3273 2960/1989/3275 2955/1988/3274
f 2912/1990/3276 2913/1991/3278 3005/1978/3277
f 3006/1992/3279 3007/1993/3280 2994/1978/3263
f 3008/1994/3281 3010/1995/3281 3009/1965/3281
f 3005/1978/3277 2913/1991/3278 3011/1976/3282
f 3012/1975/3283 3005/1978/3277 3011/1976/3282
f 3012/1975/3283 3011/1976/3282 3004/1977/3273
f 2998/1982/3267 3012/1975/3283 3004/1977/3273
f 2998/1982/3267 3004/1977/3273 2955/1988/3274
f 3011/1976/3282 2913/1991/3278 2914/1996/3284
f 3004/1977/3273 3011/1976/3282 2914/1996/3284
f 3004/1977/3273 2914/1996/3284 2915/1997/3285
f 2960/1989/3275 3004/1977/3273 2915/1997/3285
f 2960/1989/3275 2915/1997/3285 2942/1998/3286
f 2941/1989/3287 2942/1998/3286 2915/1997/3285
f 2993/1977/3262 2941/1989/3287 2915/1997/3285
f 2993/1977/3262 2915/1997/3285 2911/1996/3288
f 2992/1976/3261 2993/1977/3262 2911/1996/3288
f 2992/1976/3261 2911/1996/3288 2909/1991/3289
f 2994/1978/3263 2992/1976/3261 2909/1991/3289
f 2994/1978/3263 2909/1991/3289 2912/1990/3276
f 3006/1992/3279 2994/1978/3263 2912/1990/3276
f 3006/1992/3279 2912/1990/3276 3005/1978/3277
f 2988/1972/3257 3006/1992/3279 3005/1978/3277
f 2988/1972/3257 3005/1978/3277 3012/1975/3283
f 2990/1974/3259 2988/1972/3257 3012/1975/3283
f 2990/1974/3259 3012/1975/3283 2998/1982/3267
f 3013/1981/3290 2990/1974/3259 2998/1982/3267
f 3013/1981/3290 2998/1982/3267 2999/1983/3268
f 2918/1999/3291 3013/1981/3290 2999/1983/3268
f 3014/1988/3292 2941/1989/3287 2993/1977/3262
f 2944/1979/3264 3014/1988/3292 2993/1977/3262
f 2944/1979/3264 2993/1977/3262 2991/1975/3260
f 3015/1974/3293 2944/1979/3264 2991/1975/3260
f 3015/1974/3293 2991/1975/3260 3016/1973/3294
f 2956/1999/3295 3015/1974/3293 3016/1973/3294
f 2956/1999/3295 3016/1973/3294 2958/2000/3296
f 2995/1979/3264 2944/1979/3264 3015/1974/3293
f 2997/1981/3266 2995/1979/3264 3015/1974/3293
f 2997/1981/3266 3015/1974/3293 2956/1999/3295
f 2996/1980/3265 2997/1981/3266 2956/1999/3295
f 2994/1978/3263 3007/1993/3280 3017/1972/3297
f 2991/1975/3260 2994/1978/3263 3017/1972/3297
f 2991/1975/3260 3017/1972/3297 3016/1973/3294
f 3003/1987/3272 3017/1972/3297 3007/1993/3280
f 2988/1972/3257 3003/1987/3272 3007/1993/3280
f 2988/1972/3257 3007/1993/3280 3006/1992/3279
f 3016/1973/3294 3017/1972/3297 3003/1987/3272
f 2958/2000/3296 3016/1973/3294 3003/1987/3272
f 2958/2000/3296 3003/1987/3272 2989/1973/3258
f 2918/1999/3291 2958/2000/3296 2989/1973/3258
f 2918/1999/3291 2989/1973/3258 2990/1974/3259
f 3013/1981/3290 2918/1999/3291 2990/1974/3259
vt 0.31188965 0.9407959
vn 0.2899996 0.07306452 0.95423365
vt 0.41931152 0.98046875
vn 0.39924648 0.22394669 0.88907266
v 0.68603516 11.039707 1.4814453
vt 0.44641113 0.8847656
vn 0.37635562 0.1276899 0.91763383
vt 0.6237793 0.82714844
vn 0.44392216 0.08337656 0.89217794
v 1.0605469 9.184238 1.0576172
vt 0.6437988 0.019897461
vn 0.39986902 -0.25673166 0.87988275
vt 0.24963379 0.111694336
vn 0.41396004 -0.125128 0.90165406
v 0.80859375 9.952793 1.3964844
vt 0.5106201 0.37817383
vn 0.37085906 -0.102663755 0.9229972
v 0.7246094 10.771641 1.4755859
vt 0.4666748 0.7597656
vn 0.3475476 -0.015381454 0.93753624
vt 0.80114746 0.45300293
vn 0.45174426 -0.03643985 0.89140296
vt 0.22802734 0.7426758
vn 0.2630142 -0.031312667 0.9642837
vt 0.19665527 0.32006836
vn 0.32294807 -0.022950005 0.9461384
vt 0.8166504 0.21582031
vn 0.37770438 -0.17475235 0.909286
o Joint_24_Object_21_SINGLE
g polygon_0
usemtl Material_347D0DAB
f 2939/2001/3298 3018/2003/3300 2945/2002/3299
f 2945/2002/3299 3018/2003/3300 2932/2004/3301
f 3019/2005/3302 3020/2007/3304 2941/2006/3303
f 3018/2003/3300 2939/2001/3298 3021/2008/3305
f 2932/2004/3301 3018/2003/3300 3021/2008/3305
f 2932/2004/3301 3021/2008/3305 2946/2009/3306
f 3021/2008/3305 2939/2001/3298 2938/2010/3307
f 3020/2007/3304 3021/2008/3305 2938/2010/3307
f 3020/2007/3304 2938/2010/3307 2965/2011/3308
f 2941/2006/3303 3020/2007/3304 2965/2011/3308
f 2946/2009/3306 3021/2008/3305 3020/2007/3304
f 2949/2012/3309 2946/2009/3306 3020/2007/3304
f 2949/2012/3309 3020/2007/3304 3019/2005/3302
v -0.6870117 11.040195 1.4814453
vn -0.3947928 0.13043788 0.90946394
v -0.6357422 11.245274 1.453125
vn -0.41834962 0.22785223 0.87924224
vn -0.28969145 0.07281961 0.95434594
vt 0.63842773 0.8312988
vn -0.47382182 0.09539914 0.87543815
v -0.72509766 10.771641 1.4755859
vn -0.35610026 -0.011109059 0.9343817
vn -0.26306698 -0.031799976 0.9642534
v -0.80615234 9.952793 1.3964844
vn -0.36927682 -0.11517775 0.9221544
vn -0.32796437 -0.048892513 0.94342405
vn -0.40596664 -0.1607142 0.8996455
vn -0.45655045 -0.03222709 0.8891137
vt 0.6385498 0.8312988
vn -0.3921241 -0.26735732 0.8802038
vn -0.38105384 -0.1810967 0.9066432
o Joint_24_Object_22_SINGLE
g polygon_0
usemtl Material_347D0DAB
f 3022/2003/3310 2927/2001/3312 3023/2002/3311
f 3022/2003/3310 3023/2002/3311 2953/2013/3313
f 2927/2001/3312 3022/2003/3310 3024/2008/3314
f 2924/2010/3315 2927/2001/3312 3024/2008/3314
f 2924/2010/3315 3024/2008/3314 3025/2007/3316
f 2926/2011/3317 2924/2010/3315 3025/2007/3316
f 2926/2011/3317 3025/2007/3316 2960/2006/3318
f 2952/2009/3319 3025/2007/3316 3024/2008/3314
f 2953/2014/3313 2952/2009/3319 3024/2008/3314
f 2953/2014/3313 3024/2008/3314 3022/2003/3310
f 2955/2005/3320 2960/2006/3318 3025/2007/3316
f 2954/2012/3321 2955/2005/3320 3025/2007/3316
f 2954/2012/3321 3025/2007/3316 2952/2009/3319
vt 0.8375244 0.049072266
vn -0.8071107 0.010742758 -0.59030235
vt 0.85424805 0.010986328
vn -0.75998867 0.14649206 -0.633212
vt 0.87280273 0.068359375
vn -0.64267045 0.2543459 -0.7226914
vt 0.9974365 0.067871094
vn -0.0828871 -0.2925463 -0.95265234
vt 0.9127197 0.08935547
vn -0.35695267 -0.20026706 -0.9124023
vt 0.9333496 0.018554688
vn -0.29846615 -0.22632156 -0.92719823
vt 0.9075928 0.013549805
vn 0.6357767 -0.02508681 -0.77146524
vt 0.9082031 0.09313965
vn 0.40951222 -0.06769251 -0.9097898
vt 0.94299316 0.0234375
vn 0.35695267 -0.20026706 -0.9124023
vt 0.99768066 0.08178711
vn 0.0828871 -0.2925463 -0.95265234
vn -0.40951222 -0.06769251 -0.9097898
vt 0.90893555 0.09240723
vn 0.4189655 -0.027833372 -0.9075754
vt 0.9946289 0.08312988
vt 0.93481445 0.01965332
vt 0.99731445 0.08129883
vn -0.40394217 -0.499587 -0.7663182
vt 0.90734863 0.09423828
vn -0.39791706 -0.26826897 -0.87732196
vt 0.93688965 0.026123047
vt 0.7531738 0.02709961
vn -0.837128 0.0714748 -0.54231733
vt 0.8718262 0.07067871
vn 0.71135503 0.033876956 -0.70201594
vt 0.85632324 0.008666992
vn 0.7497189 0.067690164 -0.6582853
vt 0.83740234 0.048950195
vn 0.77645624 0.08764964 -0.62404597
vt 0.755249 0.028686523
vn 0.83849573 0.12885378 -0.5294542
vn 0.39791706 -0.26826897 -0.87732196
vn 0.40394217 -0.499587 -0.7663182
vt 0.8927002 0.020141602
vn 0.64267045 0.2543459 -0.7226914
vn 0.29846615 -0.22632156 -0.92719823
vt 0.852417 0.009033203
vn 0.65970814 -0.3130684 -0.6832081
vt 0.8397217 0.047973633
vn 0.7179944 -0.24769372 -0.65048593
vt 0.7515869 0.025756836
vn 0.6878276 -0.23938768 -0.685264
vn -0.65970814 -0.3130684 -0.6832081
vn -0.7179944 -0.24769372 -0.65048593
vn -0.6878276 -0.23938768 -0.685264
vt 0.8614502 0.008544922
vn -0.73912174 0.12152873 -0.6625178
vt 0.8408203 0.04699707
vn -0.71907705 0.09070101 -0.6889858
vt 0.7531738 0.02734375
vn -0.8374018 0.16206005 -0.5220104
vn -0.4189655 -0.027833372 -0.9075754
vt 0.8763428 0.013305664
vn -0.61728007 0.37611786 -0.6910143
vn 0.61728007 0.37611786 -0.6910143
vn 0.75998867 0.14649206 -0.633212
vn 0.8071107 0.010742758 -0.59030235
vn 0.837128 0.0714748 -0.54231733
vn -0.6357767 -0.02508681 -0.77146524
vn -0.71135503 0.033876956 -0.70201594
vn -0.7497189 0.067690164 -0.6582853
vn -0.77645624 0.08764964 -0.62404597
vn -0.83849573 0.12885378 -0.5294542
vn 0.71907705 0.09070101 -0.6889858
vn 0.73912174 0.12152873 -0.6625178
vn 0.8374018 0.16206005 -0.5220104
o Joint_24_Object_23_SINGLE
g polygon_0
usemtl Material_9F264283
f 2588/2015/3322 2628/2017/3324 2627/2016/3323
f 233/2018/3325 2696/2020/3327 2663/2019/3326
f 2603/2021/3328 2604/2023/3330 2612/2022/3329
f 333/2024/3331 2612/2022/3329 2604/2023/3330
f 2663/2023/3326 2655/2022/3332 233/2024/3325
f 2707/2025/3333 2612/2027/3329 333/2026/3331
f 346/2028/3334 233/2030/3325 2590/2029/3335
f 2587/2031/3336 2588/2015/3322 2627/2016/3323
f 2603/2021/3328 2612/2022/3329 2674/2032/3337
f 2704/2033/3338 2603/2021/3328 2674/2032/3337
f 2704/2033/3338 2674/2032/3337 2677/2034/3339
f 2678/2035/3340 2704/2033/3338 2677/2034/3339
f 333/2030/3331 335/2028/3342 2611/2029/3341
f 2707/2036/3333 333/2030/3331 2611/2029/3341
f 2707/2036/3333 2611/2029/3341 2679/2017/3343
f 2595/2020/3344 333/2018/3331 2604/2019/3330
f 2657/2037/3345 2595/2020/3344 2604/2019/3330
f 2657/2037/3345 2604/2019/3330 2660/2038/3346
f 2659/2039/3347 2657/2037/3345 2660/2038/3346
f 2663/2019/3326 2696/2020/3327 2697/2037/3348
f 2695/2038/3349 2663/2019/3326 2697/2037/3348
f 2695/2038/3349 2697/2037/3348 2698/2039/3350
f 2656/2040/3351 2666/2042/3353 2664/2041/3352
f 2655/2027/3332 2656/2040/3351 2664/2041/3352
f 2655/2027/3332 2664/2041/3352 2625/2025/3354
f 233/2026/3325 2655/2027/3332 2625/2025/3354
f 2590/2029/3335 233/2030/3325 2625/2036/3354
f 2628/2017/3324 2590/2029/3335 2625/2036/3354
f 2628/2017/3324 2625/2036/3354 2626/2043/3355
f 2627/2016/3323 2628/2017/3324 2626/2043/3355
f 2708/2043/3356 2707/2036/3333 2679/2017/3343
f 2709/2016/3357 2708/2043/3356 2679/2017/3343
f 2709/2016/3357 2679/2017/3343 2680/2015/3358
f 2682/2031/3359 2709/2016/3357 2680/2015/3358
f 2655/2022/3332 2663/2023/3326 2585/2021/3360
f 2571/2032/3361 2655/2022/3332 2585/2021/3360
f 2571/2032/3361 2585/2021/3360 2586/2033/3362
f 2573/2034/3363 2571/2032/3361 2586/2033/3362
f 2573/2034/3363 2586/2033/3362 2578/2035/3364
f 2612/2027/3329 2707/2025/3333 2712/2041/3365
f 2614/2040/3366 2612/2027/3329 2712/2041/3365
f 2614/2040/3366 2712/2041/3365 2711/2042/3367
v -0.765625 9.044102 1.8417969
vn -0.6804989 0.20197067 0.7043643
vn -0.46974182 -0.83657503 0.28193054
vn -0.5417013 -0.75856495 0.36213115
vn -0.72441834 -0.391203 0.5676075
vn -0.7711495 0.15589012 0.6172736
vn -0.7383061 0.38429028 0.5542789
v -0.45996094 8.50211 1.784668
vn -0.3175858 -0.6854067 0.6552534
vn -0.3652033 -0.66155326 0.65496093
vn -0.4721423 -0.539286 0.6973179
v -0.41357422 8.293125 1.5214844
vn -0.21198952 -0.79326683 0.57077855
vn -0.21101484 -0.7274732 0.65288246
vn -0.20118013 -0.86301154 0.46339795
v -0.68115234 8.799473 1.8671875
vn -0.58053035 -0.30555514 0.75473213
vn -0.6612274 -0.29603553 0.689305
vn -0.7706864 0.1492419 0.6194912
vn -0.3011568 -0.87881136 0.37012863
o Joint_24_Object_24_SINGLE
g polygon_0
usemtl Material_9F264283
f 335/1622/2751 2610/1641/2749 2611/1640/2750
f 2598/1649/2735 2596/1647/2733 2650/1691/2791
f 2604/1654/2877 2603/1635/2876 2602/1653/2875
f 3026/1633/3368 2564/1632/2905 2622/1662/2887
f 2598/1649/2735 2722/1734/2899 2596/1647/2733
f 2651/1621/2792 335/1622/2751 336/1623/2896
f 2660/1695/2880 2658/1693/2799 2659/1694/2800
f 2699/1705/2902 2594/1645/2897 2602/1653/2875
f 2709/1671/2852 2681/1639/2881 2708/1670/2851
f 2659/1694/2800 2658/1693/2799 2657/1692/2798
f 2651/1621/2792 336/1623/2896 270/1643/2729
f 2699/1705/2902 2593/1644/2884 2594/1645/2897
f 2622/1662/2887 2600/1651/2873 3026/1633/3368
f 335/1803/2751 2629/1798/2770 2732/1804/3369
f 2622/1662/2887 2621/1666/2762 2620/1665/2886
f 2600/1651/2873 2622/1662/2887 2620/1665/2886
f 2600/1651/2873 2620/1665/2886 2599/1650/2736
f 2601/1652/2874 2600/1651/2873 2599/1650/2736
f 2621/1666/2762 2624/1668/2765 2623/1667/2888
f 2620/1665/2886 2621/1666/2762 2623/1667/2888
f 2620/1665/2886 2623/1667/2888 2599/1650/2736
f 2674/1618/2889 2676/1659/2890 2675/1619/2816
f 2677/1620/2818 2674/1618/2889 2675/1619/2816
f 2677/1620/2818 2675/1619/2816 2678/1627/2819
f 2702/1696/2845 2602/1653/2875 2603/1635/2876
f 2703/1634/2900 2702/1696/2845 2603/1635/2876
f 2703/1634/2900 2603/1635/2876 2704/1636/2901
f 335/1803/2751 2732/1804/3369 2736/1801/3370
f 2610/1800/2749 335/1803/2751 2736/1801/3370
f 2610/1800/2749 2736/1801/3370 2737/1802/3371
f 2705/1806/2848 2610/1800/2749 2737/1802/3371
f 2705/1806/2848 2737/1802/3371 2740/1807/3372
f 2606/1808/2879 2705/1806/2848 2740/1807/3372
f 2606/1808/2879 2740/1807/3372 2741/1809/3373
f 2611/1640/2750 2610/1641/2749 2609/1642/2885
f 2679/1738/2908 2611/1640/2750 2609/1642/2885
f 2679/1738/2908 2609/1642/2885 2680/1737/2821
f 3027/1793/3374 2729/1795/3376 2727/1794/3375
f 3028/1792/3377 3027/1793/3374 2727/1794/3375
f 3028/1792/3377 2727/1794/3375 2730/1799/3378
f 2733/1797/3379 3028/1792/3377 2730/1799/3378
f 3029/1811/3380 2739/1810/3381 2729/1795/3376
f 2605/1813/2904 3029/1811/3380 2729/1795/3376
f 2605/1813/2904 2729/1795/3376 3027/1793/3374
f 2739/1810/3381 3029/1811/3380 3026/1812/3368
f 2738/1814/3382 2739/1810/3381 3026/1812/3368
f 2738/1814/3382 3026/1812/3368 2600/1815/2873
f 2741/1809/3373 2738/1814/3382 2600/1815/2873
f 2741/1809/3373 2600/1815/2873 2607/1816/2883
f 2606/1808/2879 2741/1809/3373 2607/1816/2883
f 2680/1737/2821 2609/1642/2885 2681/1639/2881
f 2682/1637/2882 2680/1737/2821 2681/1639/2881
f 2682/1637/2882 2681/1639/2881 2709/1671/2852
f 2708/1670/2851 2681/1639/2881 2609/1642/2885
f 2707/1669/2850 2708/1670/2851 2609/1642/2885
f 2707/1669/2850 2609/1642/2885 2610/1641/2749
f 2705/1616/2848 2707/1669/2850 2610/1641/2749
f 2605/1628/2904 2552/1630/2903 2564/1632/2905
f 3029/1631/3380 2605/1628/2904 2564/1632/2905
f 3029/1631/3380 2564/1632/2905 3026/1633/3368
f 2719/1796/2894 3028/1792/3377 2733/1797/3379
f 2629/1798/2770 2719/1796/2894 2733/1797/3379
f 2629/1798/2770 2733/1797/3379 2734/1805/3383
f 2732/1804/3369 2629/1798/2770 2734/1805/3383
f 2629/1673/2770 335/1622/2751 2596/1647/2733
f 2719/1731/2894 2629/1673/2770 2596/1647/2733
f 2719/1731/2894 2596/1647/2733 2722/1734/2899
f 2721/1733/2898 2719/1731/2894 2722/1734/2899
f 3028/1732/3377 2719/1731/2894 2721/1733/2898
f 3027/1726/3374 3028/1732/3377 2721/1733/2898
f 3027/1726/3374 2721/1733/2898 2723/1735/2907
f 2605/1628/2904 3027/1726/3374 2723/1735/2907
f 2605/1628/2904 2723/1735/2907 2554/1629/2906
f 2552/1630/2903 2605/1628/2904 2554/1629/2906
f 2548/1661/2757 2621/1666/2762 2622/1662/2887
f 2550/1660/2829 2548/1661/2757 2622/1662/2887
f 2550/1660/2829 2622/1662/2887 2564/1632/2905
f 2593/1644/2884 2699/1705/2902 2607/1655/2883
f 2601/1652/2874 2593/1644/2884 2607/1655/2883
f 2601/1652/2874 2607/1655/2883 2600/1651/2873
f 2606/1626/2879 2700/1624/2843 2613/1625/2878
f 2705/1616/2848 2606/1626/2879 2613/1625/2878
f 2705/1616/2848 2613/1625/2878 2710/1698/2853
f 2707/1669/2850 2705/1616/2848 2710/1698/2853
f 2707/1669/2850 2710/1698/2853 2712/1697/2855
f 2613/1625/2878 2700/1624/2843 2676/1659/2890
f 2612/1657/2752 2613/1625/2878 2676/1659/2890
f 2612/1657/2752 2676/1659/2890 2674/1618/2889
f 2606/1626/2879 2607/1655/2883 2699/1705/2902
f 2700/1624/2843 2606/1626/2879 2699/1705/2902
f 2700/1624/2843 2699/1705/2902 2602/1653/2875
f 2676/1659/2890 2700/1624/2843 2602/1653/2875
f 2676/1659/2890 2602/1653/2875 2702/1696/2845
f 2675/1619/2816 2676/1659/2890 2702/1696/2845
f 2675/1619/2816 2702/1696/2845 2703/1634/2900
f 2678/1627/2819 2675/1619/2816 2703/1634/2900
f 2678/1627/2819 2703/1634/2900 2704/1636/2901
f 2613/1625/2878 2612/1657/2752 2614/1658/2754
f 2710/1698/2853 2613/1625/2878 2614/1658/2754
f 2710/1698/2853 2614/1658/2754 2711/1699/2854
f 2712/1697/2855 2710/1698/2853 2711/1699/2854
f 2602/1653/2875 2594/1645/2897 2658/1693/2799
f 2604/1654/2877 2602/1653/2875 2658/1693/2799
f 2604/1654/2877 2658/1693/2799 2660/1695/2880
f 2657/1692/2798 2658/1693/2799 2594/1645/2897
f 2595/1646/2732 2657/1692/2798 2594/1645/2897
f 2595/1646/2732 2594/1645/2897 2593/1644/2884
f 2596/1647/2733 335/1622/2751 2651/1621/2792
f 2650/1691/2791 2596/1647/2733 2651/1621/2792
f 2650/1691/2791 2651/1621/2792 270/1643/2729
o Joint_24_Object_25_SINGLE
g polygon_0
usemtl Material_9F264283
f 2586/1636/2722 2585/1635/2925 2584/1634/2932
f 2590/1640/2726 2628/1736/2769 2592/1642/3122
f 2663/1654/2924 2662/1653/3113 2585/1635/2925
f 2575/1624/2710 2615/1659/2922 2662/1653/3113
f 2568/1615/2701 2689/1656/2832 2687/1651/2912
f 2691/1705/2913 2575/1624/2710 2662/1653/3113
f 2628/1736/2769 2588/1730/2724 2592/1642/3122
f 2656/1658/2797 2655/1657/2796 2576/1625/2917
f 2627/1671/2768 2626/1670/2767 2589/1639/2918
f 2569/1616/2702 2570/1617/2703 2591/1641/2727
f 2570/1617/2703 2725/1726/3150 2652/1677/2793
f 2587/1637/2919 2627/1671/2768 2589/1639/2918
f 2696/1646/2839 2692/1644/3115 2693/1645/2916
f 2697/1692/2840 2696/1646/2839 2693/1645/2916
f 2672/1667/2813 2624/1668/2765 2621/1666/2762
f 2586/1636/2722 2584/1634/2932 2578/1627/3379
f 2625/1669/2766 2569/1616/2702 2591/1641/2727
f 2725/1729/3150 2570/1723/2703 2581/1728/2717
f 2671/1665/2812 2621/1666/2762 2617/1662/3114
f 2687/1651/2912 2671/1665/2812 2617/1662/3114
f 2687/1651/2912 2617/1662/3114 2583/1633/2719
f 2568/1615/2701 2687/1651/2912 2583/1633/2719
f 2616/1660/2756 2582/1632/2911 2617/1662/3114
f 2548/1661/2757 2616/1660/2756 2617/1662/3114
f 2548/1661/2757 2617/1662/3114 2621/1666/2762
f 2583/1727/2719 2581/1728/2717 2570/1723/2703
f 2568/1725/2701 2583/1727/2719 2570/1723/2703
f 2568/1725/2701 2570/1723/2703 2569/1724/2702
f 271/1623/2709 346/1622/2708 2574/1621/2707
f 270/1643/2729 271/1623/2709 2574/1621/2707
f 270/1643/2729 2574/1621/2707 2650/1691/2791
f 2574/1621/2707 346/1622/2708 2649/1647/2790
f 2650/1691/2791 2574/1621/2707 2649/1647/2790
f 2650/1691/2791 2649/1647/2790 2598/1649/2735
f 2591/1641/2727 2570/1617/2703 2652/1677/2793
f 346/1622/2708 2591/1641/2727 2652/1677/2793
f 346/1622/2708 2652/1677/2793 2667/1673/2808
f 2649/1647/2790 346/1622/2708 2667/1673/2808
f 2585/1635/2925 2662/1653/3113 2661/1696/2802
f 2584/1634/2932 2585/1635/2925 2661/1696/2802
f 2584/1634/2932 2661/1696/2802 2572/1619/2705
f 2578/1627/3379 2584/1634/2932 2572/1619/2705
f 2578/1627/3379 2572/1619/2705 2573/1620/2706
f 2661/1696/2802 2662/1653/3113 2615/1659/2922
f 2572/1619/2705 2661/1696/2802 2615/1659/2922
f 2572/1619/2705 2615/1659/2922 2571/1618/2704
f 2573/1620/2706 2572/1619/2705 2571/1618/2704
f 2626/1670/2767 2625/1669/2766 2592/1642/3122
f 2589/1639/2918 2626/1670/2767 2592/1642/3122
f 2589/1639/2918 2592/1642/3122 2588/1730/2724
f 2587/1637/2919 2589/1639/2918 2588/1730/2724
f 2592/1642/3122 2625/1669/2766 2591/1641/2727
f 2590/1640/2726 2592/1642/3122 2591/1641/2727
f 2590/1640/2726 2591/1641/2727 346/1622/2708
f 2697/1692/2840 2693/1645/2916 2694/1693/2837
f 2698/1694/2841 2697/1692/2840 2694/1693/2837
f 2698/1694/2841 2694/1693/2837 2695/1695/2928
f 2723/1735/3111 2721/1733/2898 2725/1726/3150
f 2579/1628/3123 2723/1735/3111 2725/1726/3150
f 2579/1628/3123 2725/1726/3150 2581/1631/2717
f 2582/1632/2911 2579/1628/3123 2581/1631/2717
f 2582/1632/2911 2581/1631/2717 2583/1633/2719
f 2617/1662/3114 2582/1632/2911 2583/1633/2719
f 2554/1629/3112 2723/1735/3111 2579/1628/3123
f 2580/1630/2910 2554/1629/3112 2579/1628/3123
f 2580/1630/2910 2579/1628/3123 2582/1632/2911
f 2690/1655/2938 2687/1651/2912 2689/1656/2832
f 2577/1626/2712 2690/1655/2938 2689/1656/2832
f 2577/1626/2712 2689/1656/2832 2568/1615/2701
f 2569/1616/2702 2577/1626/2712 2568/1615/2701
f 2691/1705/2913 2690/1655/2938 2577/1626/2712
f 2575/1624/2710 2691/1705/2913 2577/1626/2712
f 2575/1624/2710 2577/1626/2712 2576/1625/2917
f 2615/1659/2922 2575/1624/2710 2576/1625/2917
f 2615/1659/2922 2576/1625/2917 2655/1657/2796
f 2571/1618/2704 2615/1659/2922 2655/1657/2796
f 2672/1667/2813 2621/1666/2762 2671/1665/2812
f 2673/1650/2814 2672/1667/2813 2671/1665/2812
f 2673/1650/2814 2671/1665/2812 2687/1651/2912
f 2688/1652/2939 2673/1650/2814 2687/1651/2912
f 2688/1652/2939 2687/1651/2912 2690/1655/2938
f 2692/1644/3115 2688/1652/2939 2690/1655/2938
f 2692/1644/3115 2690/1655/2938 2691/1705/2913
f 2693/1645/2916 2692/1644/3115 2691/1705/2913
f 2693/1645/2916 2691/1705/2913 2662/1653/3113
f 2694/1693/2837 2693/1645/2916 2662/1653/3113
f 2694/1693/2837 2662/1653/3113 2663/1654/2924
f 2695/1695/2928 2694/1693/2837 2663/1654/2924
f 2656/1658/2797 2576/1625/2917 2665/1698/2806
f 2666/1699/2807 2656/1658/2797 2665/1698/2806
f 2666/1699/2807 2665/1698/2806 2664/1697/2805
f 2652/1677/2793 2725/1726/3150 2726/1732/2936
f 2667/1673/2808 2652/1677/2793 2726/1732/2936
f 2667/1673/2808 2726/1732/2936 2724/1731/3119
f 2649/1647/2790 2667/1673/2808 2724/1731/3119
f 2649/1647/2790 2724/1731/3119 2722/1734/2899
f 2598/1649/2735 2649/1647/2790 2722/1734/2899
f 2726/1732/2936 2725/1726/3150 2721/1733/2898
f 2724/1731/3119 2726/1732/2936 2721/1733/2898
f 2724/1731/3119 2721/1733/2898 2722/1734/2899
f 2576/1625/2917 2577/1626/2712 2569/1616/2702
f 2665/1698/2806 2576/1625/2917 2569/1616/2702
f 2665/1698/2806 2569/1616/2702 2625/1669/2766
f 2664/1697/2805 2665/1698/2806 2625/1669/2766
vn -0.33600986 -0.40608057 0.8498211
o Joint_24_Object_26_SINGLE
g polygon_0
usemtl Material_9F264283
f 2723/1735/2907 2718/1726/2892 2721/1733/2898
f 2651/1621/2792 336/1623/2896 270/1643/2729
f 2657/1692/2798 2594/1645/2897 2595/1646/2732
f 2706/1615/2849 2705/1616/2848 2634/1617/2775
f 2651/1621/2792 335/1622/2751 336/1623/2896
f 2600/1651/2873 2607/1655/2883 2608/1656/2747
f 2609/1642/2885 2610/1641/2749 2707/1669/2850
f 2598/1649/2735 2596/1647/2733 2650/1691/2791
f 2598/1649/2735 2722/1734/2899 2596/1647/2733
f 2634/1818/2775 2701/1819/2844 2706/1817/2849
f 2622/1662/2887 2621/1666/2762 2620/1665/2886
f 2600/1651/2873 2622/1662/2887 2620/1665/2886
f 2600/1651/2873 2620/1665/2886 2599/1650/2736
f 2601/1652/2874 2600/1651/2873 2599/1650/2736
f 2621/1666/2762 2624/1668/2765 2623/1667/2888
f 2620/1665/2886 2621/1666/2762 2623/1667/2888
f 2620/1665/2886 2623/1667/2888 2599/1650/2736
f 2552/1630/2903 2564/1632/2905 2605/1628/3384
f 2554/1629/2906 2552/1630/2903 2605/1628/3384
f 2554/1629/2906 2605/1628/3384 2723/1735/2907
f 2613/1625/2878 2612/1657/2752 2614/1658/2754
f 2710/1698/2853 2613/1625/2878 2614/1658/2754
f 2710/1698/2853 2614/1658/2754 2711/1699/2854
f 2613/1625/2878 2710/1698/2853 2705/1616/2848
f 2606/1626/2879 2613/1625/2878 2705/1616/2848
f 2606/1626/2879 2705/1616/2848 2706/1615/2849
f 2640/1820/2893 2634/1818/2775 2718/1823/2892
f 2605/1822/2904 2640/1820/2893 2718/1823/2892
f 2605/1822/2904 2718/1823/2892 2723/1824/2907
f 2701/1819/2844 2634/1818/2775 2640/1820/2893
f 2564/1821/2905 2701/1819/2844 2640/1820/2893
f 2564/1821/2905 2640/1820/2893 2605/1822/2904
f 2660/1695/2880 2604/1654/2877 2658/1693/2799
f 2659/1694/2800 2660/1695/2880 2658/1693/2799
f 2659/1694/2800 2658/1693/2799 2657/1692/2798
f 2719/1731/2894 2722/1734/2899 2721/1733/2898
f 2720/1732/2895 2719/1731/2894 2721/1733/2898
f 2720/1732/2895 2721/1733/2898 2718/1726/2892
f 2596/1647/2733 2722/1734/2899 2719/1731/2894
f 2629/1673/2770 2596/1647/2733 2719/1731/2894
f 2629/1673/2770 2719/1731/2894 2720/1732/2895
f 2682/1637/2882 2680/1737/2821 2681/1639/2881
f 2709/1671/2852 2682/1637/2882 2681/1639/2881
f 2709/1671/2852 2681/1639/2881 2708/1670/2851
f 2681/1639/2881 2680/1737/2821 2609/1642/2885
f 2708/1670/2851 2681/1639/2881 2609/1642/2885
f 2708/1670/2851 2609/1642/2885 2707/1669/2850
f 2594/1645/2897 2657/1692/2798 2658/1693/2799
f 2602/1653/2875 2594/1645/2897 2658/1693/2799
f 2602/1653/2875 2658/1693/2799 2604/1654/2877
f 2603/1635/2876 2602/1653/2875 2604/1654/2877
f 2633/1677/2891 2718/1726/2892 2634/1617/2775
f 2610/1641/2749 2633/1677/2891 2634/1617/2775
f 2610/1641/2749 2634/1617/2775 2705/1616/2848
f 2707/1669/2850 2610/1641/2749 2705/1616/2848
f 2707/1669/2850 2705/1616/2848 2710/1698/2853
f 2712/1697/2855 2707/1669/2850 2710/1698/2853
f 2712/1697/2855 2710/1698/2853 2711/1699/2854
f 335/1622/2751 2633/1677/2891 2610/1641/2749
f 2611/1640/2750 335/1622/2751 2610/1641/2749
f 2611/1640/2750 2610/1641/2749 2609/1642/2885
f 2679/1738/2908 2611/1640/2750 2609/1642/2885
f 2679/1738/2908 2609/1642/2885 2680/1737/2821
f 2593/1644/2884 2699/1705/2902 2607/1655/2883
f 2601/1652/2874 2593/1644/2884 2607/1655/2883
f 2601/1652/2874 2607/1655/2883 2600/1651/2873
f 2607/1655/2883 2699/1705/2902 2606/1626/2879
f 2608/1656/2747 2607/1655/2883 2606/1626/2879
f 2608/1656/2747 2606/1626/2879 2706/1615/2849
f 2600/1651/2873 2608/1656/2747 2706/1615/2849
f 2600/1651/2873 2706/1615/2849 2701/1633/2844
f 2622/1662/2887 2600/1651/2873 2701/1633/2844
f 2622/1662/2887 2701/1633/2844 2564/1632/2905
f 2606/1626/2879 2699/1705/2902 2700/1624/2843
f 2613/1625/2878 2606/1626/2879 2700/1624/2843
f 2613/1625/2878 2700/1624/2843 2676/1659/2890
f 2612/1657/2752 2613/1625/2878 2676/1659/2890
f 2612/1657/2752 2676/1659/2890 2674/1618/2889
f 2602/1653/2875 2700/1624/2843 2699/1705/2902
f 2594/1645/2897 2602/1653/2875 2699/1705/2902
f 2594/1645/2897 2699/1705/2902 2593/1644/2884
f 2595/1646/2732 2594/1645/2897 2593/1644/2884
f 2548/1661/2757 2621/1666/2762 2622/1662/2887
f 2550/1660/2829 2548/1661/2757 2622/1662/2887
f 2550/1660/2829 2622/1662/2887 2564/1632/2905
f 2676/1659/2890 2702/1696/2845 2675/1619/2816
f 2674/1618/2889 2676/1659/2890 2675/1619/2816
f 2674/1618/2889 2675/1619/2816 2677/1620/2818
f 2678/1627/2819 2677/1620/2818 2675/1619/2816
f 2703/1634/2900 2678/1627/2819 2675/1619/2816
f 2703/1634/2900 2675/1619/2816 2702/1696/2845
f 2720/1732/2895 2718/1726/2892 2633/1677/2891
f 2629/1673/2770 2720/1732/2895 2633/1677/2891
f 2629/1673/2770 2633/1677/2891 335/1622/2751
f 2596/1647/2733 2629/1673/2770 335/1622/2751
f 2596/1647/2733 335/1622/2751 2651/1621/2792
f 2650/1691/2791 2596/1647/2733 2651/1621/2792
f 2650/1691/2791 2651/1621/2792 270/1643/2729
f 2676/1659/2890 2700/1624/2843 2602/1653/2875
f 2702/1696/2845 2676/1659/2890 2602/1653/2875
f 2702/1696/2845 2602/1653/2875 2603/1635/2876
f 2703/1634/2900 2702/1696/2845 2603/1635/2876
f 2703/1634/2900 2603/1635/2876 2704/1636/2901
f 2678/1627/2819 2703/1634/2900 2704/1636/2901
vn 0.7742022 0.18274689 0.6059823
vn 0.68374926 -0.35902637 0.635285
vn 0.6858948 -0.3479221 0.639139
vn 0.38991216 -0.7385015 0.5500765
vn 0.79699326 -0.3218615 0.5110841
vn 0.9092036 -0.26758516 0.3189781
vn 0.74995595 0.6112199 0.2529354
vn 0.632718 0.5466547 0.5484858
vn 0.47608826 0.86501575 -0.15839091
vn 0.8980206 0.4154711 -0.14471602
vn 0.14575659 -0.85812056 0.49232525
vn 0.5107112 -0.7173884 0.47384378
vn 0.71194375 -0.13849454 0.6884442
vn 0.42714566 -0.70963067 0.5603311
v 0.40820312 8.277988 1.4106445
vn 0.032227796 -0.6371703 0.770049
v 0.2861328 8.131992 1.2993164
vn 0.23103625 -0.7817998 0.5791471
v 0.23388672 8.154453 1.340332
vn 0.18262997 -0.74901485 0.6368854
vn 0.94517714 0.19715351 0.26032808
vn 0.7262308 0.04901356 0.68570155
vn 0.9714825 0.11762043 0.20588154
vn 0.8829891 -0.3203323 0.3430998
vn 0.32296193 -0.6545915 0.68352437
vn 0.9555806 -0.15936516 0.24792849
vn -0.632718 0.5466547 0.5484858
vn -0.47608826 0.86501575 -0.15839091
vn -0.8980206 0.4154711 -0.14471602
vn 0 -0.9877353 0.1561381
vn -0.09057753 -0.9914089 -0.09436176
vn -0.16095136 -0.98176056 0.101197325
vn -0.36055273 0.93211454 0.034120362
vn -0.53218794 0.7608963 0.37123147
vn -0.26001784 0.9617609 0.086062245
vn -0.74995595 0.6112199 0.2529354
vn -0.7006747 0.3529926 0.62004125
vn -0.47573817 0.8016866 0.3619004
vn -0.7109864 0.5130358 0.48092905
vn -0.71194375 -0.13849454 0.6884442
vn -0.5107112 -0.7173884 0.47384378
vn -0.14575659 -0.85812056 0.49232525
vn -0.30189383 -0.9398017 0.1601026
vn -0.9714825 0.11762043 0.20588154
vn -0.7262308 0.04901356 0.68570155
vn -0.94517714 0.19715351 0.26032808
vn -0.19135322 0.9411404 0.27863714
vn -0.31861416 0.86245555 0.39326262
vn 0.0048830775 0.9760662 0.21741903
v -0.40820312 8.277988 1.4106445
vn -0.074281745 -0.6803158 0.72914517
v -0.28222656 8.130039 1.2993164
vn -0.23524097 -0.7743297 0.587431
v -0.45410156 8.261875 1.3920898
vn -0.18250737 -0.7488906 0.63706666
vn 0.5062632 0.7872899 0.35195485
vn 0 0.9443749 0.32887098
vn 0.40493459 0.809625 0.42489445
v -0.22753906 8.1525 1.3417969
vn -0.20130537 -0.74857765 0.6317497
vn -0.31666443 0.91190565 0.26105893
vn 0 0.94146264 0.33711737
vn -0.40493459 0.809625 0.42489445
vn -0.39227667 0.9071131 0.1525283
vn 0.7987452 -0.101140216 0.5931077
vn 0.9308618 0.31610602 0.18323041
vn 0.8635595 0.38044715 -0.33094567
vt 0.34814453 0.38342285
vn 0.058291487 -0.7784202 0.62503123
vn -0.30446315 -0.89385694 0.32912296
vn -0.19196337 -0.9556663 -0.22327568
vn -0.5097155 -0.7096099 0.4864606
vn -0.6858948 -0.3479221 0.639139
v -0.77197266 8.52457 1.5957031
vn -0.41078752 -0.6765481 0.61117613
v -0.60253906 8.475254 1.6206055
vn -0.10535108 -0.7829307 0.6131238
v -0.63623047 8.697422 1.8959961
vn -0.39913598 -0.57053435 0.71776116
v -0.56103516 8.6774025 1.8657227
vn -0.026429968 -0.8510694 0.52438766
v -0.35205078 8.740391 2.057129
vn -0.25776735 -0.6645917 0.70133716
v -0.3461914 8.69791 1.9912109
vn -0.17511141 -0.8332593 0.5244187
vn -0.0022584088 -0.8711965 0.49092925
vn -0.23963004 -0.885032 0.3991189
vn 0.0010376235 -0.9378896 0.34693247
vn 0.16095136 -0.98176056 0.101197325
vn 0.7898673 -0.17169435 0.5887535
vn 0.64700454 0.3924754 0.65371877
vn 0.7006747 0.3529926 0.62004125
vn 0.6390069 -0.24402995 0.72946525
v 0.34960938 8.737461 2.0541992
vn 0.24708453 -0.6765526 0.6937044
vn 0.34474796 -0.32607007 0.88024265
v 0.6459961 8.700352 1.8955078
vn 0.41658705 -0.554778 0.7201921
v 0.56103516 8.6774025 1.8657227
vn 0.058169454 -0.85404724 0.51693296
vn 0.50973064 -0.70963097 0.48641402
v 0.77197266 8.52457 1.5957031
vn 0.4155472 -0.67611873 0.60842746
vn 0.30189383 -0.9398017 0.1601026
vn -0.00036623215 -0.72318643 0.6906528
vn 0 -0.5474533 0.8368363
vn 0.24408662 -0.2138123 0.94588906
v -0.5395508 8.464512 1.5932617
vn 0.17988393 -0.6896263 0.701468
vn -0.058291487 -0.7784202 0.62503123
vn -0.32296193 -0.6545915 0.68352437
vn -0.9555806 -0.15936516 0.24792849
vn -0.8829891 -0.3203323 0.3430998
vn 0.4710357 -0.66098815 0.5841404
vn 0.8050824 -0.25153485 0.53718954
vn 0.86736834 -0.21424791 0.44918814
vn 0.30446488 -0.89392304 0.3289417
vn 0.23933524 -0.8851314 0.39907518
v 0.45117188 8.262852 1.3959961
vn 0.17896739 -0.7465113 0.6408522
vn 0.6040314 0.26148653 0.7528419
vn 0.6490821 0.2940829 0.70157516
vn -0.24408662 -0.2138123 0.94588906
vn -0.34498307 -0.32423037 0.88082993
vn -0.6040314 0.26148653 0.7528419
vn 0.31666443 0.91190565 0.26105893
vn 0.39222503 0.90713483 0.15253195
vn 0.36055273 0.93211454 0.034120362
vn -0.63393444 -0.25043646 0.73171633
vn 0.19196337 -0.9556663 -0.22327568
vn 0.09057753 -0.9914089 -0.09436176
vn 0 -0.97150904 -0.23700255
vn 0 -0.998666 -0.051636193
vn -0.42117107 0.86767346 0.264117
vn -0.89873844 0.16114299 0.40780166
vn -0.8543004 0.25032052 0.4555333
vn -0.7011517 -0.6580584 0.2744911
v 0.6176758 8.478184 1.6210938
vn 0.14056887 -0.7794462 0.610495
vn 0.89554787 0.43574947 0.09009192
vn 0.7138321 0.67495126 -0.18677436
vn -0.50625235 0.78727305 0.35200834
v 0.5395508 8.464512 1.5932617
vn -0.13159542 -0.6806828 0.72066194
vn 0.53218794 0.7608963 0.37123147
vn 0.7109864 0.5130358 0.48092905
vn 0.47573817 0.8016866 0.3619004
vn 0.26001784 0.9617609 0.086062245
vn 0.19135322 0.9411404 0.27863714
vn 0.43641767 0.6571901 0.6145249
vn 0.31861416 0.86245555 0.39326262
vn 0.89873844 0.16114299 0.40780166
vn 0.7011517 -0.6580584 0.2744911
vn -0.0048830775 0.9760662 0.21741903
vn 0.42117107 0.86767346 0.264117
vn 0.8543004 0.25032052 0.4555333
vn -0.43641767 0.6571901 0.6145249
vn -0.64700454 0.3924754 0.65371877
vn -0.7898673 -0.17169435 0.5887535
vn -0.42714566 -0.70963067 0.5603311
vn -0.79699326 -0.3218615 0.5110841
vn -0.89554787 0.43574947 0.09009192
vn -0.9092036 -0.26758516 0.3189781
vn -0.7138321 0.67495126 -0.18677436
vn -0.6490821 0.2940829 0.70157516
v 0.3461914 8.69791 1.9912109
vn 0.17396265 -0.83660775 0.5194464
vn -0.7742022 0.18274689 0.6059823
vn -0.7987452 -0.101140216 0.5931077
vn -0.8050824 -0.25153485 0.53718954
vn -0.68374926 -0.35902637 0.635285
vn -0.4710357 -0.66098815 0.5841404
vn -0.86736834 -0.21424791 0.44918814
vn -0.9308618 0.31610602 0.18323041
vn -0.8635595 0.38044715 -0.33094567
vn -0.38991216 -0.7385015 0.5500765
o Joint_24_Object_27_SINGLE
g polygon_0
usemtl Material_9F264283
f 2568/1615/3385 2570/1617/3387 2569/1616/3386
f 2573/1620/3388 2578/1627/3390 2572/1619/3389
f 2661/1696/3391 2585/1635/3393 2662/1653/3392
f 2663/1654/3394 2662/1653/3392 2585/1635/3393
f 2590/1640/3395 2592/1642/3397 2591/1641/3396
f 2571/1618/3398 2573/1620/3388 2572/1619/3389
f 3030/1676/3399 3032/1704/3401 3031/1703/3400
f 2656/1658/3402 2655/1657/3404 2576/1625/3403
f 2587/1637/3405 2589/1639/3407 2588/1730/3406
f 2602/1653/3408 2604/1654/3410 2603/1635/3409
f 2598/1649/3411 2596/1647/3413 2651/1621/3412
f 2599/1650/3414 2601/1652/3416 2600/1651/3415
f 2603/1635/3409 2702/1696/3417 2602/1653/3408
f 2606/1626/3418 2608/1656/3420 2607/1655/3419
f 2609/1642/3421 2611/1640/3423 2610/1641/3422
f 2611/1640/3423 335/1622/3424 2610/1641/3422
f 2612/1657/3425 2614/1658/3427 2613/1625/3426
f 2593/1644/3428 2595/1646/3430 2594/1645/3429
f 3033/1676/3431 3035/1678/3433 3034/1675/3432
f 2616/1660/3434 2617/1662/3436 2548/1661/3435
f 3034/1675/3432 3036/1663/3437 3033/1676/3431
f 2620/1665/3438 2622/1662/3440 2621/1666/3439
f 2623/1667/3441 2620/1665/3438 2621/1666/3439
f 2623/1667/3441 2621/1666/3439 2624/1668/2765
f 2569/1616/3386 2570/1617/3387 2591/1641/3396
f 2625/1669/3442 2569/1616/3386 2591/1641/3396
f 2625/1669/3442 2591/1641/3396 2592/1642/3397
f 2626/1670/3443 2625/1669/3442 2592/1642/3397
f 2626/1670/3443 2592/1642/3397 2589/1639/3407
f 2627/1671/3444 2626/1670/3443 2589/1639/3407
f 2627/1671/3444 2589/1639/3407 2587/1637/3405
f 2588/1730/3406 2589/1639/3407 2592/1642/3397
f 2628/2044/3445 2588/1730/3406 2592/1642/3397
f 2628/2044/3445 2592/1642/3397 2590/1640/3395
f 2596/1647/3413 2629/1673/3446 335/1622/3424
f 2651/1621/3412 2596/1647/3413 335/1622/3424
f 2651/1621/3412 335/1622/3424 336/1623/3447
f 335/1622/3424 2629/1673/3446 2633/1677/3448
f 2610/1641/3422 335/1622/3424 2633/1677/3448
f 2610/1641/3422 2633/1677/3448 2634/1617/3449
f 2633/1677/3448 2629/1673/3446 3035/1678/3433
f 3037/1679/3450 2633/1677/3448 3035/1678/3433
f 3037/1679/3450 3035/1678/3433 3038/1680/3451
f 3039/1681/3452 3037/1679/3450 3038/1680/3451
f 3039/1681/3452 3038/1680/3451 3040/1682/3453
f 3041/1688/3454 3039/1681/3452 3040/1682/3453
f 3041/1688/3454 3040/1682/3453 3042/1690/3455
f 2647/1689/3456 3041/1688/3454 3042/1690/3455
f 3035/1678/3433 2629/1673/3446 2630/1674/3457
f 3034/1675/3432 3035/1678/3433 2630/1674/3457
f 3034/1675/3432 2630/1674/3457 2597/1648/3458
f 3036/1663/3437 3034/1675/3432 2597/1648/3458
f 3036/1663/3437 2597/1648/3458 2619/1664/2760
f 2630/1674/3457 2629/1673/3446 2596/1647/3413
f 2597/1648/3458 2630/1674/3457 2596/1647/3413
f 2597/1648/3458 2596/1647/3413 2598/1649/3411
f 2649/1647/3459 2597/1648/3458 2598/1649/3411
f 2655/1657/3404 2571/1618/3398 2615/1659/3460
f 2576/1625/3403 2655/1657/3404 2615/1659/3460
f 2576/1625/3403 2615/1659/3460 2575/1624/3461
f 2577/1626/3462 2576/1625/3403 2575/1624/3461
f 2581/1631/3463 2579/1628/3465 3043/1684/3464
f 3044/1685/3466 2581/1631/3463 3043/1684/3464
f 3044/1685/3466 3043/1684/3464 3045/1686/3467
f 2570/1617/3387 3046/1679/3469 2652/1677/3468
f 2591/1641/3396 2570/1617/3387 2652/1677/3468
f 2591/1641/3396 2652/1677/3468 346/1622/3470
f 2590/1640/3395 2591/1641/3396 346/1622/3470
f 2641/1683/3471 3043/1684/3464 2579/1628/3465
f 2554/1629/3472 2641/1683/3471 2579/1628/3465
f 2554/1629/3472 2579/1628/3465 2580/1630/3473
f 3035/1678/3433 3033/1676/3431 3047/1687/3474
f 3038/1680/3451 3035/1678/3433 3047/1687/3474
f 3038/1680/3451 3047/1687/3474 3040/1682/3453
f 2679/2044/3475 2611/1640/3423 2609/1642/3421
f 2680/1730/3476 2679/2044/3475 2609/1642/3421
f 2680/1730/3476 2609/1642/3421 2681/1639/3477
f 2682/1637/3478 2680/1730/3476 2681/1639/3477
f 2664/1697/3479 2666/1699/3481 2665/1698/3480
f 2625/1669/3442 2664/1697/3479 2665/1698/3480
f 2625/1669/3442 2665/1698/3480 2569/1616/3386
f 2667/1673/3482 3048/1700/3484 2668/1674/3483
f 2649/1647/3459 2667/1673/3482 2668/1674/3483
f 2649/1647/3459 2668/1674/3483 2597/1648/3458
f 2581/1631/3463 2583/1633/3486 2582/1632/3485
f 2579/1628/3465 2581/1631/3463 2582/1632/3485
f 2579/1628/3465 2582/1632/3485 2580/1630/3473
f 2552/1630/3487 2564/1632/3489 2605/1628/3488
f 2554/1629/3472 2552/1630/3487 2605/1628/3488
f 2554/1629/3472 2605/1628/3488 2641/1683/3471
f 2671/1665/3490 2673/1650/3492 2672/1667/3491
f 2621/1666/3439 2671/1665/3490 2672/1667/3491
f 2621/1666/3439 2672/1667/3491 2624/1668/2765
f 2634/1617/3449 2633/1677/3448 3037/1679/3450
f 2640/1631/3493 2634/1617/3449 3037/1679/3450
f 2640/1631/3493 3037/1679/3450 3039/1681/3452
f 3041/1688/3454 2640/1631/3493 3039/1681/3452
f 271/1623/3494 346/1622/3470 2574/1621/3495
f 270/1643/3496 271/1623/3494 2574/1621/3495
f 270/1643/3496 2574/1621/3495 2650/1691/3497
f 2594/1645/3429 2595/1646/3430 2657/1692/3498
f 2658/1693/3499 2594/1645/3429 2657/1692/3498
f 2658/1693/3499 2657/1692/3498 2659/1694/3500
f 2660/1695/3501 2658/1693/3499 2659/1694/3500
f 3046/1679/3469 3049/1702/3502 3048/1700/3484
f 2652/1677/3468 3046/1679/3469 3048/1700/3484
f 2652/1677/3468 3048/1700/3484 2667/1673/3482
f 346/1622/3470 2652/1677/3468 2667/1673/3482
f 346/1622/3470 2667/1673/3482 2649/1647/3459
f 2574/1621/3495 346/1622/3470 2649/1647/3459
f 2574/1621/3495 2649/1647/3459 2598/1649/3411
f 2650/1691/3497 2574/1621/3495 2598/1649/3411
f 2650/1691/3497 2598/1649/3411 2651/1621/3412
f 270/1643/3496 2650/1691/3497 2651/1621/3412
f 270/1643/3496 2651/1621/3412 336/1623/3447
f 2615/1659/3460 2571/1618/3398 2572/1619/3389
f 2584/1634/3503 2615/1659/3460 2572/1619/3389
f 2584/1634/3503 2572/1619/3389 2578/1627/3390
f 2586/1636/3504 2584/1634/3503 2578/1627/3390
f 2668/1674/3483 3048/1700/3484 3031/1703/3400
f 2597/1648/3458 2668/1674/3483 3031/1703/3400
f 2597/1648/3458 3031/1703/3400 3032/1704/3401
f 2619/1664/2760 2597/1648/3458 3032/1704/3401
f 2548/1661/3435 2621/1666/3439 2622/1662/3440
f 2550/1660/3505 2548/1661/3435 2622/1662/3440
f 2550/1660/3505 2622/1662/3440 2564/1632/3489
f 3030/1676/3399 3031/1703/3400 3048/1700/3484
f 3050/1687/3506 3030/1676/3399 3048/1700/3484
f 3050/1687/3506 3048/1700/3484 3049/1702/3502
f 2583/1633/3486 2687/1651/3507 2617/1662/3436
f 2582/1632/3485 2583/1633/3486 2617/1662/3436
f 2582/1632/3485 2617/1662/3436 2616/1660/3434
f 2568/1615/3385 2687/1651/3507 2583/1633/3486
f 2570/1617/3387 2568/1615/3385 2583/1633/3486
f 2570/1617/3387 2583/1633/3486 2581/1631/3463
f 3046/1679/3469 2570/1617/3387 2581/1631/3463
f 3046/1679/3469 2581/1631/3463 3044/1685/3466
f 3049/1702/3502 3046/1679/3469 3044/1685/3466
f 3049/1702/3502 3044/1685/3466 3045/1686/3467
f 3050/1687/3506 3049/1702/3502 3045/1686/3467
f 2689/1656/3508 2687/1651/3507 2568/1615/3385
f 2577/1626/3462 2689/1656/3508 2568/1615/3385
f 2577/1626/3462 2568/1615/3385 2569/1616/3386
f 2576/1625/3403 2577/1626/3462 2569/1616/3386
f 2576/1625/3403 2569/1616/3386 2665/1698/3480
f 2656/1658/3402 2576/1625/3403 2665/1698/3480
f 2656/1658/3402 2665/1698/3480 2666/1699/3481
f 2687/1651/3507 2689/1656/3508 2690/1655/3509
f 2688/1652/3510 2687/1651/3507 2690/1655/3509
f 2688/1652/3510 2690/1655/3509 2692/1644/3511
f 2690/1655/3509 2689/1656/3508 2577/1626/3462
f 2691/1705/3512 2690/1655/3509 2577/1626/3462
f 2691/1705/3512 2577/1626/3462 2575/1624/3461
f 2662/1653/3392 2691/1705/3512 2575/1624/3461
f 2662/1653/3392 2575/1624/3461 2615/1659/3460
f 2661/1696/3391 2662/1653/3392 2615/1659/3460
f 2661/1696/3391 2615/1659/3460 2584/1634/3503
f 2585/1635/3393 2661/1696/3391 2584/1634/3503
f 2585/1635/3393 2584/1634/3503 2586/1636/3504
f 2692/1644/3511 2690/1655/3509 2691/1705/3512
f 2693/1645/3513 2692/1644/3511 2691/1705/3512
f 2693/1645/3513 2691/1705/3512 2662/1653/3392
f 2694/1693/3514 2693/1645/3513 2662/1653/3392
f 2694/1693/3514 2662/1653/3392 2663/1654/3394
f 2695/1695/3515 2694/1693/3514 2663/1654/3394
f 2696/1646/3516 2692/1644/3511 2693/1645/3513
f 2697/1692/3517 2696/1646/3516 2693/1645/3513
f 2697/1692/3517 2693/1645/3513 2694/1693/3514
f 2698/1694/3518 2697/1692/3517 2694/1693/3514
f 2698/1694/3518 2694/1693/3514 2695/1695/3515
f 2607/1655/3419 2593/1644/3428 2699/1705/3519
f 2606/1626/3418 2607/1655/3419 2699/1705/3519
f 2606/1626/3418 2699/1705/3519 2700/1624/3520
f 2613/1625/3426 2606/1626/3418 2700/1624/3520
f 2613/1625/3426 2700/1624/3520 2676/1659/3521
f 2612/1657/3425 2613/1625/3426 2676/1659/3521
f 2612/1657/3425 2676/1659/3521 2674/1618/3522
f 2699/1705/3519 2593/1644/3428 2594/1645/3429
f 2602/1653/3408 2699/1705/3519 2594/1645/3429
f 2602/1653/3408 2594/1645/3429 2658/1693/3499
f 2604/1654/3410 2602/1653/3408 2658/1693/3499
f 2604/1654/3410 2658/1693/3499 2660/1695/3501
f 2621/1666/3439 2548/1661/3435 2617/1662/3436
f 2671/1665/3490 2621/1666/3439 2617/1662/3436
f 2671/1665/3490 2617/1662/3436 2687/1651/3507
f 2673/1650/3492 2671/1665/3490 2687/1651/3507
f 2673/1650/3492 2687/1651/3507 2688/1652/3510
f 2675/1619/3523 2676/1659/3521 2703/1634/3524
f 2678/1627/3525 2675/1619/3523 2703/1634/3524
f 2678/1627/3525 2703/1634/3524 2704/1636/3526
f 2700/1624/3520 2699/1705/3519 2602/1653/3408
f 2676/1659/3521 2700/1624/3520 2602/1653/3408
f 2676/1659/3521 2602/1653/3408 2702/1696/3417
f 2703/1634/3524 2676/1659/3521 2702/1696/3417
f 2703/1634/3524 2702/1696/3417 2603/1635/3409
f 2704/1636/3526 2703/1634/3524 2603/1635/3409
f 2564/1632/3489 2701/1633/3527 2640/1631/3493
f 2605/1628/3488 2564/1632/3489 2640/1631/3493
f 2605/1628/3488 2640/1631/3493 3041/1688/3454
f 2641/1683/3471 2605/1628/3488 3041/1688/3454
f 2641/1683/3471 3041/1688/3454 2647/1689/3456
f 3043/1684/3464 2641/1683/3471 2647/1689/3456
f 3043/1684/3464 2647/1689/3456 3051/1701/3528
f 3045/1686/3467 3043/1684/3464 3051/1701/3528
f 2634/1617/3449 2640/1631/3493 2701/1633/3527
f 2706/1615/3529 2634/1617/3449 2701/1633/3527
f 2706/1615/3529 2701/1633/3527 2600/1651/3415
f 2707/1669/3530 2705/1616/3532 2710/1698/3531
f 2712/1697/3533 2707/1669/3530 2710/1698/3531
f 2712/1697/3533 2710/1698/3531 2711/1699/3534
f 2701/1633/3527 2564/1632/3489 2622/1662/3440
f 2600/1651/3415 2701/1633/3527 2622/1662/3440
f 2600/1651/3415 2622/1662/3440 2620/1665/3438
f 2599/1650/3414 2600/1651/3415 2620/1665/3438
f 2599/1650/3414 2620/1665/3438 2623/1667/3441
f 2606/1626/3418 2705/1616/3532 2706/1615/3529
f 2608/1656/3420 2606/1626/3418 2706/1615/3529
f 2608/1656/3420 2706/1615/3529 2600/1651/3415
f 2607/1655/3419 2608/1656/3420 2600/1651/3415
f 2607/1655/3419 2600/1651/3415 2601/1652/3416
f 2593/1644/3428 2607/1655/3419 2601/1652/3416
f 2634/1617/3449 2706/1615/3529 2705/1616/3532
f 2610/1641/3422 2634/1617/3449 2705/1616/3532
f 2610/1641/3422 2705/1616/3532 2707/1669/3530
f 2609/1642/3421 2610/1641/3422 2707/1669/3530
f 2609/1642/3421 2707/1669/3530 2708/1670/3535
f 2681/1639/3477 2609/1642/3421 2708/1670/3535
f 2681/1639/3477 2708/1670/3535 2709/1671/3536
f 2682/1637/3478 2681/1639/3477 2709/1671/3536
f 2674/1618/3522 2676/1659/3521 2675/1619/3523
f 2677/1620/3537 2674/1618/3522 2675/1619/3523
f 2677/1620/3537 2675/1619/3523 2678/1627/3525
f 2705/1616/3532 2606/1626/3418 2613/1625/3426
f 2710/1698/3531 2705/1616/3532 2613/1625/3426
f 2710/1698/3531 2613/1625/3426 2614/1658/3427
f 2711/1699/3534 2710/1698/3531 2614/1658/3427
vn 0.2116152 -0.95217687 0.22040454
vn 0.63706183 -0.15802942 0.7544395
vn 0.9720234 -0.0186775 0.23414016
vn -0.76580286 0.48947656 0.4170836
vn -0.21387681 -0.41371492 0.8849275
vn -0.6855636 -0.19226544 0.7021656
vn -0.9720201 -0.018860547 0.23413934
vn 0.25062704 -0.38357046 0.88885313
vn 0.028260572 -0.48067385 0.8764439
vn 0.30867168 0.47646654 0.8232263
vn 0.0037842155 -0.99329555 0.115540646
vn -0.02056918 -0.9928749 0.1173725
vn -0.27137664 -0.94664425 0.1738373
vn 0.021973232 0.4834721 0.8750839
vn -0.3138053 0.55796427 0.7682462
vn 0.02069177 -0.98893225 0.14691766
vn 0.70492274 0.46785286 0.533102
o Joint_24_Object_28_SINGLE
g polygon_0
usemtl Material_245F8EE9
f 3040/1708/3538 3047/1711/3540 2713/1707/3539
f 3030/1720/3541 2717/1719/3543 2716/1717/3542
f 3030/1720/3541 3050/1721/3544 2717/1719/3543
f 2714/1710/3545 3036/1713/3547 2715/1714/3546
f 2647/1709/3548 2714/1710/3545 2715/1714/3546
f 2647/1709/3548 2715/1714/3546 2716/1717/3542
f 3051/1715/3549 2647/1709/3548 2716/1717/3542
f 3051/1715/3549 2716/1717/3542 2717/1719/3543
f 3045/1722/3550 3051/1715/3549 2717/1719/3543
f 3045/1722/3550 2717/1719/3543 3050/1721/3544
f 2715/1714/3546 3036/1713/3547 2619/1716/3551
f 2716/1717/3542 2715/1714/3546 2619/1716/3551
f 2716/1717/3542 2619/1716/3551 3032/1718/3552
f 3030/1720/3541 2716/1717/3542 3032/1718/3552
f 3040/1708/3538 2713/1707/3539 2714/1710/3545
f 3042/1706/3553 3040/1708/3538 2714/1710/3545
f 3042/1706/3553 2714/1710/3545 2647/1709/3548
f 3036/1713/3547 2714/1710/3545 2713/1707/3539
f 3033/1712/3554 3036/1713/3547 2713/1707/3539
f 3033/1712/3554 2713/1707/3539 3047/1711/3540
v 0.0068359375 0.8144541 -1.8950195
vt 0.50061035 0.049438477
vn 0.00067140243 -0.8913172 -0.45337972
v 1.152832 0.81250095 -1.5039062
vt 0.63830566 0.049194336
vn 0.27223092 -0.89103746 -0.36323908
v 2.0756836 2.0317392 -2.8134766
vt 0.7491455 0.18859863
vn 0.46852624 -0.618313 -0.6310089
v -3.3222656 7.4921885 -1.1445312
vt 0.10058594 0.8128662
vn -0.75529736 0.6087426 -0.2428134
v -4.151367 5.734376 -1.3828125
vt 0.0009765625 0.6119385
vn -0.9290908 0.21393137 -0.30170122
v -2.053711 7.496583 -2.9233398
vt 0.25305176 0.8133545
vn -0.47055358 0.60679376 -0.6406096
v -0.0043945312 8.69629 1.9321289
vt 0.49926758 0.9505615
vn -0.0024415122 0.8910299 0.45393816
v 0.00048828125 9.1293955 -0.056152344
vt 0.49987793 1
vn 0 0.9999976 0.0021973946
v 1.1420898 8.697755 1.5498047
vt 0.6369629 0.9506836
vn 0.27010223 0.89075744 0.3655078
v 2.057129 7.4785166 2.8657227
vt 0.74694824 0.8112793
vn 0.45534372 0.6383968 0.6205737
v 0.00048828125 0.38281345 0.09375
vt 0.49987793 0
vn 0 -0.9999976 -0.0021973946
v -1.1499023 0.8027353 1.6791992
vt 0.36157227 0.048095703
vn -0.27504155 -0.889948 0.36379218
v -0.0043945312 0.8012705 2.0688477
vt 0.49926758 0.047851562
vn -0.00067140325 -0.8899145 0.45612696
v -1.1401367 0.81250095 -1.5131836
vt 0.36279297 0.049194336
vn -0.268872 -0.8909093 -0.36604434
v -2.053711 2.0317392 -2.8286133
vt 0.25305176 0.18859863
vn -0.46548906 -0.6180274 -0.63353145
v -1.8457031 0.81005955 -0.5307617
vt 0.2779541 0.048828125
vn -0.43599665 -0.88871783 -0.14173096
v -2.0737305 2.012208 2.9458008
vt 0.25061035 0.18640137
vn -0.465528 -0.62745875 0.6241628
v 0.012207031 2.0341806 -3.4985352
vt 0.5012207 0.18884277
vn 0.002990803 -0.6222701 -0.78279686
v 1.3256836 5.7177744 4.1845703
vt 0.6590576 0.60998535
vn 0.30202222 0.24574402 0.92108226
v 2.552246 5.719239 3.6030273
vt 0.8063965 0.6102295
vn 0.5744718 0.23273064 0.7847411
v 2.552246 3.7680674 3.637207
vt 0.8063965 0.38708496
vn 0.5778321 -0.20917194 0.7888962
v -1.3505859 3.7666025 4.2094727
vt 0.3375244 0.3869629
vn -0.31148332 -0.21894781 0.9246837
v -0.012207031 3.765626 4.4799805
vt 0.49829102 0.38684082
vn -0.0033571308 -0.2087525 0.97796273
v -0.009277344 2.0112314 3.6328125
vt 0.49865723 0.1862793
vn -0.0023804933 -0.62826717 0.7779941
v 0.0068359375 8.709474 -2.0317383
vt 0.50061035 0.95202637
vn 0.002502562 0.8898744 -0.45619872
v 0.012207031 7.500001 -3.5952148
vt 0.5012207 0.8137207
vn 0.0023805178 0.608558 -0.7935059
v 1.152832 8.7075205 -1.6420898
vt 0.63830566 0.9519043
vn 0.27449292 0.8897672 -0.3646477
v -1.1401367 8.7075205 -1.6499023
vt 0.36279297 0.9519043
vn -0.27265668 0.88993376 -0.3656175
v -1.8457031 8.705079 -0.66796875
vt 0.2779541 0.9515381
vn -0.43720406 0.8885686 -0.13891895
v -1.8491211 8.700685 0.5551758
vt 0.2775879 0.9510498
vn -0.43649507 0.8889826 0.13849914
v -1.1499023 8.697755 1.5419922
vt 0.36157227 0.9506836
vn -0.27149972 0.89073634 0.36452255
v -2.0737305 7.4785166 2.8515625
vt 0.25061035 0.8112793
vn -0.4585835 0.6395021 0.61703986
v -0.009277344 7.476075 3.5375977
vt 0.49865723 0.81103516
vn -0.0028687704 0.6419332 0.7667552
v -1.3505859 5.7177744 4.1757812
vt 0.3375244 0.60998535
vn -0.30902782 0.24609919 0.91866046
v -0.012207031 5.7158213 4.4453125
vt 0.49829102 0.6097412
vn -0.003357133 0.23853955 0.971127
v 1.3256836 3.7666025 4.2192383
vt 0.6590576 0.3869629
vn 0.30445406 -0.21863562 0.9270956
v 2.057129 2.012208 2.959961
vt 0.74694824 0.18640137
vn 0.46089348 -0.6280139 0.6270373
v 1.1420898 0.8027353 1.6870117
vt 0.6369629 0.048095703
vn 0.2717412 -0.88981205 0.36659425
v 1.8476562 0.805665 0.7055664
vt 0.72180176 0.048339844
vn 0.4374638 -0.88847816 0.13867974
v 1.8510742 0.81005955 -0.5175781
vt 0.72216797 0.048828125
vn 0.43692237 -0.88867736 -0.13910954
v 3.3330078 2.0263681 -1.0258789
vt 0.9001465 0.18798828
vn 0.7525426 -0.6141075 -0.23780566
v 4.163086 3.7841806 -1.3183594
vt 1 0.38891602
vn 0.9293241 -0.22242738 -0.294759
v 2.5751953 3.79004 -3.5473633
vt 0.8092041 0.38964844
vn 0.5793761 -0.22907695 -0.78220654
v 4.163086 5.734376 -1.3530273
vt 1 0.6119385
vn 0.9306724 0.21571432 -0.29549322
v 2.5751953 5.7421885 -3.581543
vt 0.8092041 0.61279297
vn 0.5827767 0.20459443 -0.78645563
v 3.3330078 7.4921885 -1.1206055
vt 0.9001465 0.8128662
vn 0.756315 0.6087875 -0.23951094
v 2.0756836 7.496583 -2.9091797
vt 0.7491455 0.8133545
vn 0.47578266 0.60627955 -0.6372253
v 1.8510742 8.705079 -0.6542969
vt 0.72216797 0.9515381
vn 0.4381916 0.8885908 -0.13562638
v -2.572754 5.719239 3.5859375
vt 0.19067383 0.6102295
vn -0.5799225 0.23267704 0.7807377
v 0.013671875 5.7441416 -4.442871
vt 0.50146484 0.6130371
vn 0.002929862 0.20441891 -0.9788791
v -2.550293 5.7421885 -3.5996094
vt 0.19335938 0.61279297
vn -0.57670057 0.20472625 -0.7908879
v -4.151367 3.7841806 -1.3486328
vt 0.0009765625 0.38891602
vn -0.9272473 -0.22242704 -0.3012287
v 0.013671875 3.7939463 -4.408203
vt 0.50146484 0.39001465
vn 0.0036622693 -0.23408005 -0.97221047
v -2.550293 3.79004 -3.565918
vt 0.19335938 0.38964844
vn -0.573983 -0.22980073 -0.7859612
v -3.3222656 2.0263681 -1.0498047
vt 0.10058594 0.18798828
vn -0.75154173 -0.6131111 -0.24347438
v 3.324707 7.4838877 1.0869141
vt 0.899292 0.81188965
vn 0.7471774 0.6243671 0.22779725
v 1.8476562 8.700685 0.5683594
vt 0.72180176 0.9510498
vn 0.43556726 0.8889576 0.14154714
v 4.154297 5.7265635 1.3862305
vt 0.99890137 0.6109619
vn 0.942813 0.22492981 0.24598837
v 3.4868164 5.722169 2.5957031
vt 0.9187012 0.61047363
vn 0.7869253 0.2385436 0.5690742
v 4.154297 3.774415 1.4199219
vt 0.99890137 0.38781738
vn 0.94446015 -0.21687241 0.24690372
v 3.4868164 3.7714853 2.628418
vt 0.9187012 0.38745117
vn 0.79086596 -0.22254358 0.57009244
v 3.324707 2.0185556 1.1821289
vt 0.899292 0.18701172
vn 0.75151885 -0.6192461 0.22749437
v -2.572754 3.7680674 3.6186523
vt 0.19067383 0.38708496
vn -0.5836879 -0.20923163 0.7845576
v -3.5009766 3.7714853 2.6044922
vt 0.07922363 0.38745117
vn -0.79471564 -0.22236168 0.56478524
v -3.5009766 5.722169 2.5703125
vt 0.07922363 0.61047363
vn -0.7912285 0.23841229 0.5631315
v -3.3300781 2.0185556 1.1572266
vt 0.099731445 0.18701172
vn -0.7523056 -0.6199121 0.2230365
v -1.8491211 0.805665 0.69140625
vt 0.2775879 0.048339844
vn -0.4387982 -0.8882169 0.1361135
v -4.1601562 5.7265635 1.3574219
vt 0 0.6109619
vn -0.9445991 0.22351524 0.24036129
v -3.3300781 7.4838877 1.0629883
vt 0.099731445 0.81188965
vn -0.74924994 0.6234492 0.22346266
v -4.1601562 3.7758799 1.3916016
vt 0 0.38806152
vn -0.946179 -0.21679962 0.24029845
o Joint_69_Object_0_SINGLE
g polygon_0
usemtl Material_872C5853
f 3052/2045/3555 3054/2047/3557 3053/2046/3556
f 3055/2048/3558 3057/2050/3560 3056/2049/3559
f 3058/2051/3561 3060/2053/3563 3059/2052/3562
f 3058/2051/3561 3061/2054/3564 3060/2053/3563
f 3062/2055/3565 3064/2057/3567 3063/2056/3566
f 3065/2058/3568 3067/2060/3570 3066/2059/3569
f 3063/2056/3566 3064/2057/3567 3068/2061/3571
f 3065/2058/3568 3066/2059/3569 3069/2062/3572
f 3070/2063/3573 3072/2065/3575 3071/2064/3574
f 3052/2045/3555 3053/2046/3556 3062/2055/3565
f 3073/2066/3576 3075/2068/3578 3074/2067/3577
f 3076/2069/3579 3078/2071/3581 3077/2070/3580
f 3079/2072/3582 3055/2048/3558 3080/2073/3583
f 3059/2052/3562 3079/2072/3582 3080/2073/3583
f 3059/2052/3562 3080/2073/3583 3081/2074/3584
f 3082/2075/3585 3059/2052/3562 3081/2074/3584
f 3082/2075/3585 3081/2074/3584 3083/2076/3586
f 3084/2077/3587 3082/2075/3585 3083/2076/3586
f 3084/2077/3587 3083/2076/3586 3085/2078/3588
f 3086/2079/3589 3084/2077/3587 3085/2078/3588
f 3086/2079/3589 3085/2078/3588 3074/2067/3577
f 3087/2080/3590 3086/2079/3589 3074/2067/3577
f 3087/2080/3590 3074/2067/3577 3075/2068/3578
f 3088/2081/3591 3087/2080/3590 3075/2068/3578
f 3088/2081/3591 3075/2068/3578 3089/2082/3592
f 3090/2083/3593 3088/2081/3591 3089/2082/3592
f 3090/2083/3593 3089/2082/3592 3062/2055/3565
f 3091/2084/3594 3090/2083/3593 3062/2055/3565
f 3091/2084/3594 3062/2055/3565 3053/2046/3556
f 3092/2085/3595 3091/2084/3594 3053/2046/3556
f 3092/2085/3595 3053/2046/3556 3054/2047/3557
f 3093/2086/3596 3092/2085/3595 3054/2047/3557
f 3093/2086/3596 3054/2047/3557 3094/2087/3597
f 3095/2088/3598 3093/2086/3596 3094/2087/3597
f 3095/2088/3598 3094/2087/3597 3096/2089/3599
f 3097/2090/3600 3095/2088/3598 3096/2089/3599
f 3097/2090/3600 3096/2089/3599 3098/2091/3601
f 3099/2092/3602 3097/2090/3600 3098/2091/3601
f 3099/2092/3602 3098/2091/3601 3078/2071/3581
f 3059/2052/3562 3099/2092/3602 3078/2071/3581
f 3059/2052/3562 3078/2071/3581 3076/2069/3579
f 3079/2072/3582 3059/2052/3562 3076/2069/3579
f 3087/2080/3590 3072/2065/3575 3070/2063/3573
f 3086/2079/3589 3087/2080/3590 3070/2063/3573
f 3086/2079/3589 3070/2063/3573 3084/2077/3587
f 3073/2066/3576 3074/2067/3577 3085/2078/3588
f 3100/2093/3603 3073/2066/3576 3085/2078/3588
f 3100/2093/3603 3085/2078/3588 3083/2076/3586
f 3101/2094/3604 3102/2095/3605 3077/2070/3580
f 3098/2091/3601 3101/2094/3604 3077/2070/3580
f 3098/2091/3601 3077/2070/3580 3078/2071/3581
f 3057/2050/3560 3077/2070/3580 3102/2095/3605
f 3056/2049/3559 3057/2050/3560 3102/2095/3605
f 3056/2049/3559 3102/2095/3605 3103/2096/3606
f 3069/2062/3572 3066/2059/3569 3104/2097/3607
f 3094/2087/3597 3069/2062/3572 3104/2097/3607
f 3094/2087/3597 3104/2097/3607 3096/2089/3599
f 3105/2098/3608 3104/2097/3607 3066/2059/3569
f 3106/2099/3609 3105/2098/3608 3066/2059/3569
f 3106/2099/3609 3066/2059/3569 3067/2060/3570
f 3104/2097/3607 3105/2098/3608 3101/2094/3604
f 3096/2089/3599 3104/2097/3607 3101/2094/3604
f 3096/2089/3599 3101/2094/3604 3098/2091/3601
f 3102/2095/3605 3101/2094/3604 3105/2098/3608
f 3103/2096/3606 3102/2095/3605 3105/2098/3608
f 3103/2096/3606 3105/2098/3608 3106/2099/3609
f 3107/2100/3610 3095/2088/3598 3097/2090/3600
f 3108/2101/3611 3107/2100/3610 3097/2090/3600
f 3108/2101/3611 3097/2090/3600 3099/2092/3602
f 3076/2069/3579 3077/2070/3580 3057/2050/3560
f 3079/2072/3582 3076/2069/3579 3057/2050/3560
f 3079/2072/3582 3057/2050/3560 3055/2048/3558
f 3109/2102/3612 3107/2100/3610 3110/2103/3613
f 3111/2104/3614 3109/2102/3612 3110/2103/3613
f 3111/2104/3614 3110/2103/3613 3112/2105/3615
f 3113/2106/3616 3111/2104/3614 3112/2105/3615
f 3113/2106/3616 3112/2105/3615 3088/2081/3591
f 3090/2083/3593 3113/2106/3616 3088/2081/3591
f 3061/2054/3564 3110/2103/3613 3107/2100/3610
f 3060/2053/3563 3061/2054/3564 3107/2100/3610
f 3060/2053/3563 3107/2100/3610 3108/2101/3611
f 3059/2052/3562 3060/2053/3563 3108/2101/3611
f 3059/2052/3562 3108/2101/3611 3099/2092/3602
f 3110/2103/3613 3061/2054/3564 3071/2064/3574
f 3112/2105/3615 3110/2103/3613 3071/2064/3574
f 3112/2105/3615 3071/2064/3574 3072/2065/3575
f 3088/2081/3591 3112/2105/3615 3072/2065/3575
f 3088/2081/3591 3072/2065/3575 3087/2080/3590
f 3070/2063/3573 3071/2064/3574 3061/2054/3564
f 3084/2077/3587 3070/2063/3573 3061/2054/3564
f 3084/2077/3587 3061/2054/3564 3058/2051/3561
f 3082/2075/3585 3084/2077/3587 3058/2051/3561
f 3082/2075/3585 3058/2051/3561 3059/2052/3562
f 3114/2107/3617 3116/2109/3619 3115/2108/3618
f 3068/2061/3571 3114/2107/3617 3115/2108/3618
f 3068/2061/3571 3115/2108/3618 3117/2110/3620
f 3063/2056/3566 3068/2061/3571 3117/2110/3620
f 3063/2056/3566 3117/2110/3620 3118/2111/3621
f 3062/2055/3565 3063/2056/3566 3118/2111/3621
f 3116/2109/3619 3120/2113/3623 3119/2112/3622
f 3115/2108/3618 3116/2109/3619 3119/2112/3622
f 3115/2108/3618 3119/2112/3622 3121/2114/3624
f 3117/2110/3620 3115/2108/3618 3121/2114/3624
f 3081/2074/3584 3080/2073/3583 3120/2113/3623
f 3083/2076/3586 3081/2074/3584 3120/2113/3623
f 3083/2076/3586 3120/2113/3623 3116/2109/3619
f 3100/2093/3603 3083/2076/3586 3116/2109/3619
f 3100/2093/3603 3116/2109/3619 3114/2107/3617
f 3073/2066/3576 3100/2093/3603 3114/2107/3617
f 3073/2066/3576 3114/2107/3617 3068/2061/3571
f 3075/2068/3578 3073/2066/3576 3068/2061/3571
f 3075/2068/3578 3068/2061/3571 3064/2057/3567
f 3089/2082/3592 3075/2068/3578 3064/2057/3567
f 3089/2082/3592 3064/2057/3567 3062/2055/3565
f 3120/2113/3623 3080/2073/3583 3055/2048/3558
f 3119/2112/3622 3120/2113/3623 3055/2048/3558
f 3119/2112/3622 3055/2048/3558 3056/2049/3559
f 3121/2114/3624 3119/2112/3622 3056/2049/3559
f 3121/2114/3624 3056/2049/3559 3103/2096/3606
f 3117/2110/3620 3121/2114/3624 3103/2096/3606
f 3117/2110/3620 3103/2096/3606 3106/2099/3609
f 3118/2111/3621 3117/2110/3620 3106/2099/3609
f 3118/2111/3621 3106/2099/3609 3067/2060/3570
f 3062/2055/3565 3118/2111/3621 3067/2060/3570
f 3062/2055/3565 3067/2060/3570 3065/2058/3568
f 3052/2045/3555 3062/2055/3565 3065/2058/3568
f 3052/2045/3555 3065/2058/3568 3069/2062/3572
f 3054/2047/3557 3052/2045/3555 3069/2062/3572
f 3054/2047/3557 3069/2062/3572 3094/2087/3597
f 3095/2088/3598 3107/2100/3610 3109/2102/3612
f 3093/2086/3596 3095/2088/3598 3109/2102/3612
f 3093/2086/3596 3109/2102/3612 3111/2104/3614
f 3092/2085/3595 3093/2086/3596 3111/2104/3614
f 3092/2085/3595 3111/2104/3614 3113/2106/3616
f 3091/2084/3594 3092/2085/3595 3113/2106/3616
f 3091/2084/3594 3113/2106/3616 3090/2083/3593
v 3.637207 7.207032 -0.23583984
vt 0.9182129 0.77697754
vn 0.82817686 0.5577742 -0.05487404
v 2.8676758 8.062013 -0.3203125
vt 0.8297119 0.87524414
vn 0.6521474 0.75444984 -0.07422419
v 2.8676758 7.690919 -1.5444336
vt 0.8297119 0.83251953
vn 0.6523152 0.6683072 -0.35756174
v -4.3759766 4.7993174 0
vt -0.0031738281 0.5
v -4.166992 6.003419 0.36376953
vt 0.020751953 0.6385498
vn -0.95146894 0.2946331 0.08887213
v -4.166992 5.7719736 0.7973633
vt 0.020751953 0.6118164
vn -0.95197916 0.23657571 0.19433877
v -3.637207 7.114747 0.7011719
vt 0.08166504 0.76623535
vn -0.8278414 0.53687924 0.16260189
v 3.637207 3.6586924 -2.1333008
vt 0.9182129 0.36889648
vn 0.8278522 -0.26465878 -0.4945872
v 3.637207 4.561036 -2.4072266
vt 0.9182129 0.47265625
vn 0.82821536 -0.054445285 -0.557759
v 2.8676758 3.2529306 -2.8901367
vt 0.8297119 0.32226562
vn 0.6523152 -0.35756174 -0.6683072
v -0.9506836 6.0253916 -4.041504
vt 0.390625 0.6409912
vn -0.21845129 0.28315046 -0.93386555
v -0.9506836 7.479005 -3.2651367
vt 0.390625 0.80810547
vn -0.21870212 0.6196051 -0.75382954
v -1.9526367 5.9331064 -3.7368164
vt 0.27539062 0.6303711
vn -0.43208864 0.26112095 -0.86320066
v 4.166992 4.206544 -1.109375
vt 0.979126 0.43188477
vn 0.95197874 -0.14453328 -0.26990125
v 4.166992 3.8261728 -0.7973633
vt 0.979126 0.3881836
vn 0.95197916 -0.23657571 -0.19433877
v 4.3759766 4.7993174 0
vt 1.0031738 0.5
v 3.637207 6.333497 -1.8686523
vt 0.9182129 0.6765137
vn 0.82832867 0.3549893 -0.4334214
v 3.637207 6.93213 -1.140625
vt 0.9182129 0.74523926
vn 0.8275512 0.4953832 -0.26411077
v 2.8676758 6.878419 -2.5322266
vt 0.8297119 0.73913574
vn 0.6521255 0.4804268 -0.5864491
v 4.166992 3.5947275 -0.36376953
vt 0.979126 0.36157227
vn 0.95199335 -0.29291633 -0.08893084
v 3.637207 2.4833994 -0.7011719
vt 0.9182129 0.23376465
vn 0.8282658 -0.53620595 -0.16266237
v 3.637207 2.928712 -1.534668
vt 0.9182129 0.2849121
vn 0.8282359 -0.4328874 -0.35585642
v 4.166992 4.6748056 -1.2514648
vt 0.979126 0.48571777
vn 0.9518599 -0.030029822 -0.30505905
v 4.166992 5.163575 -1.2036133
vt 0.979126 0.5419922
vn 0.9517694 0.09009246 -0.2932888
v 3.637207 5.5009775 -2.3149414
vt 0.9182129 0.5806885
vn 0.8284327 0.1615114 -0.536296
v 4.166992 5.597169 -0.9711914
vt 0.979126 0.5917969
vn 0.95216537 0.19342385 -0.23657647
v 4.166992 5.9091806 -0.59277344
vt 0.979126 0.62768555
vn 0.9518574 0.27032873 -0.1445334
v 4.166992 6.0512705 -0.12158203
vt 0.979126 0.64404297
vn 0.9515844 0.3059231 -0.029969722
v 4.166992 6.003419 0.36376953
vt 0.979126 0.6385498
vn 0.95146894 0.2946331 0.08887213
v 3.637207 7.114747 0.7011719
vt 0.9182129 0.76623535
vn 0.8278414 0.53687924 0.16260189
v 4.166992 5.7719736 0.7973633
vt 0.979126 0.6118164
vn 0.95197916 0.23657571 0.19433877
v 3.637207 6.6694345 1.534668
vt 0.9182129 0.7150879
vn 0.82791317 0.43361068 0.35572678
v 4.166992 5.3916025 1.109375
vt 0.979126 0.56811523
vn 0.95197874 0.14453328 0.26990125
v 3.637207 5.9399424 2.1333008
vt 0.9182129 0.6312256
vn 0.8278522 0.26465878 0.4945872
v 4.166992 4.9213877 1.2514648
vt 0.979126 0.5140381
vn 0.9518599 0.030029822 0.30505905
v 3.637207 5.0356455 2.4072266
vt 0.9182129 0.5272217
vn 0.82821536 0.054445285 0.557759
v 4.166992 4.4345713 1.2036133
vt 0.979126 0.45812988
vn 0.9517694 -0.09009246 0.2932888
v 3.637207 4.097169 2.3149414
vt 0.9182129 0.41931152
vn 0.8281639 -0.16333775 0.53615797
v 4.166992 4.0009775 0.9711914
vt 0.979126 0.40820312
vn 0.95197916 -0.19433877 0.23657571
v 3.637207 3.2646494 1.8686523
vt 0.9182129 0.32348633
vn 0.82806504 -0.3558006 0.43326002
v 4.166992 3.6884775 0.59277344
vt 0.979126 0.37231445
vn 0.9518574 -0.27032873 0.1445334
v 3.637207 2.6640635 1.140625
vt 0.9182129 0.2545166
vn 0.82791495 -0.49471033 0.26423207
v 4.166992 3.5458994 0.12158203
vt 0.979126 0.35595703
vn 0.9518599 -0.30505905 0.030029822
v 3.637207 2.3911142 0.23583984
vt 0.9182129 0.22314453
vn 0.82817686 -0.5577742 0.05487404
v 1.9526367 7.2768564 -3.0180664
vt 0.7244873 0.7849121
vn 0.43161675 0.57237595 -0.6972036
v 1.9526367 8.243653 -1.840332
vt 0.7244873 0.89611816
vn 0.4316132 0.79565525 -0.4250209
v 2.8676758 5.7495127 -3.1367188
vt 0.8297119 0.6092529
vn 0.65224874 0.2196136 -0.72549397
v 1.9526367 8.686036 -0.38183594
vt 0.7244873 0.9470215
vn 0.43188915 0.8975921 -0.088318765
v 0.9506836 9.003419 -0.41357422
vt 0.6092529 0.98339844
vn 0.21918166 0.9709668 -0.095827125
v 0.9506836 8.524903 -1.9907227
vt 0.6092529 0.9284668
vn 0.21814908 0.8613653 -0.45876005
v 0 9.134278 -0.42529297
vt 0.5 0.99853516
vn 0 0.9951901 -0.097962596
v 0 8.640626 -2.052246
vt 0.5 0.94177246
vn 0 0.88209265 -0.47107604
v -0.9506836 8.524903 -1.9907227
vt 0.390625 0.9284668
vn -0.21814908 0.8613653 -0.45876005
v -1.9526367 7.2768564 -3.0180664
vt 0.27539062 0.7849121
vn -0.43161675 0.57237595 -0.6972036
v -2.8676758 5.7495127 -3.1367188
vt 0.17016602 0.6092529
vn -0.65224874 0.2196136 -0.72549397
v 1.9526367 8.536622 1.1323242
vt 0.7244873 0.9298096
vn 0.43159282 0.8632467 0.2617878
v 0.9506836 8.841798 1.2260742
vt 0.6092529 0.9649658
vn 0.21924753 0.9335111 0.2837034
v 0.9506836 8.064454 2.6791992
vt 0.6092529 0.8754883
vn 0.21870165 0.7546824 0.61856616
v 0 8.166017 2.7617188
vt 0.5 0.88720703
vn 0 0.7731218 0.63425773
v 0 6.8530283 3.840332
vt 0.5 0.73620605
vn 0 0.47107604 0.88209265
v -0.9506836 8.064454 2.6791992
vt 0.390625 0.8754883
vn -0.21870165 0.7546824 0.61856616
v 0 8.967774 1.262207
vt 0.5 0.9793701
vn 0 0.95692116 0.29034787
v -0.9506836 9.003419 -0.41357422
vt 0.390625 0.98339844
vn -0.21918166 0.9709668 -0.095827125
v -1.9526367 8.243653 -1.840332
vt 0.27539062 0.89611816
vn -0.4316132 0.79565525 -0.4250209
v -2.8676758 6.878419 -2.5322266
vt 0.17016602 0.73913574
vn -0.6521255 0.4804268 -0.5864491
v -3.637207 6.333497 -1.8686523
vt 0.08166504 0.6765137
vn -0.82832867 0.3549893 -0.4334214
v -0.9506836 8.841798 1.2260742
vt 0.390625 0.9649658
vn -0.21924753 0.9335111 0.2837034
v -1.9526367 8.686036 -0.38183594
vt 0.27539062 0.9470215
vn -0.43188915 0.8975921 -0.088318765
v -2.8676758 7.690919 -1.5444336
vt 0.17016602 0.83251953
vn -0.6523152 0.6683072 -0.35756174
v -3.637207 6.93213 -1.140625
vt 0.08166504 0.74523926
vn -0.8275512 0.4953832 -0.26411077
v -4.166992 5.9091806 -0.59277344
vt 0.020751953 0.62768555
vn -0.9518574 0.27032873 -0.1445334
v -1.9526367 8.536622 1.1323242
vt 0.27539062 0.9298096
vn -0.43159282 0.8632467 0.2617878
v -2.8676758 8.062013 -0.3203125
vt 0.17016602 0.87524414
vn -0.6521474 0.75444984 -0.07422419
v -3.637207 7.207032 -0.23583984
vt 0.08166504 0.77697754
vn -0.82817686 0.5577742 -0.05487404
v -4.166992 6.0512705 -0.12158203
vt 0.020751953 0.64404297
vn -0.9515844 0.3059231 -0.029969722
v -4.166992 5.3916025 1.109375
vt 0.020751953 0.56811523
vn -0.95197874 0.14453328 0.26990125
v -3.637207 5.9399424 2.1333008
vt 0.08166504 0.6312256
vn -0.8278522 0.26465878 0.4945872
v -4.166992 4.9213877 1.2514648
vt 0.020751953 0.5140381
vn -0.9518599 0.030029822 0.30505905
v -3.637207 6.6694345 1.534668
vt 0.08166504 0.7150879
vn -0.82791317 0.43361068 0.35572678
v -2.8676758 7.333497 2.078125
vt 0.17016602 0.7915039
vn -0.65249276 0.58583957 0.48067167
v -2.8676758 7.9365244 0.9506836
vt 0.17016602 0.8607178
vn -0.65213126 0.72537696 0.2203476
v -1.9526367 7.817872 2.4770508
vt 0.27539062 0.84716797
vn -0.4321607 0.6970728 0.57212466
v 0 7.562501 -3.366211
vt 0.5 0.817749
vn 0 0.63425773 -0.7731218
v 0 6.062989 -4.166992
vt 0.5 0.64538574
vn 0 0.28907216 -0.95730734
v 0.9506836 6.0253916 -4.041504
vt 0.6092529 0.6409912
vn 0.21845129 0.28315046 -0.93386555
v 0.9506836 4.385255 -4.2036133
vt 0.6092529 0.45239258
vn 0.21882164 -0.09387662 -0.97123855
v 1.9526367 4.416505 -3.8857422
vt 0.7244873 0.4560547
vn 0.43189147 -0.08825821 -0.89759696
v 1.9526367 2.9570322 -3.4438477
vt 0.7244873 0.288208
vn 0.43191034 -0.42531815 -0.7953352
v 2.8676758 2.265626 -2.078125
vt 0.8297119 0.20861816
vn 0.65249276 -0.58583957 -0.48067167
v 0.9506836 7.479005 -3.2651367
vt 0.6092529 0.80810547
vn 0.21870212 0.6196051 -0.75382954
v 1.9526367 5.9331064 -3.7368164
vt 0.7244873 0.6303711
vn 0.43208864 0.26112095 -0.86320066
v 2.8676758 4.4780283 -3.260254
vt 0.8297119 0.46313477
vn 0.6525615 -0.07507723 -0.7540073
v -4.166992 4.4345713 1.2036133
vt 0.020751953 0.45812988
vn -0.9517694 -0.09009246 0.2932888
v -3.637207 4.097169 2.3149414
vt 0.08166504 0.41931152
vn -0.8281639 -0.16333775 0.53615797
v -4.166992 4.0009775 0.9711914
vt 0.020751953 0.40820312
vn -0.95197916 -0.19433877 0.23657571
v -3.637207 5.0356455 2.4072266
vt 0.08166504 0.5272217
vn -0.82821536 0.054445285 0.557759
v -2.8676758 5.1210947 3.260254
vt 0.17016602 0.5369873
vn -0.6525615 0.07507723 0.7540073
v -2.8676758 6.344239 2.8901367
vt 0.17016602 0.6777344
vn -0.6525605 0.35676885 0.6684915
v -1.9526367 5.182618 3.8857422
vt 0.27539062 0.5440674
vn -0.43189147 0.08825821 0.89759696
v -1.9526367 6.639161 3.4438477
vt 0.27539062 0.71154785
vn -0.43172026 0.42610478 0.7950172
v -0.9506836 5.21338 4.2036133
vt 0.390625 0.5477295
vn -0.2188213 0.09576865 0.97105384
v -0.9506836 6.7895517 3.7250977
vt 0.390625 0.72888184
vn -0.2186416 0.45986763 0.8606495
v 0 5.226075 4.333496
vt 0.5 0.54907227
vn 0 0.097412586 0.99524415
v 0.9506836 6.7895517 3.7250977
vt 0.6092529 0.72888184
vn 0.2186416 0.45986763 0.8606495
v 1.9526367 7.817872 2.4770508
vt 0.7244873 0.84716797
vn 0.4321607 0.6970728 0.57212466
v 2.8676758 7.9365244 0.9506836
vt 0.8297119 0.8607178
vn 0.65213126 0.72537696 0.2203476
v 2.8676758 1.6625986 -0.9506836
vt 0.8297119 0.1394043
vn 0.6522101 -0.7253968 -0.22004843
v 1.9526367 1.7792978 -2.4770508
vt 0.7244873 0.15270996
vn 0.43203315 -0.6973081 -0.5719343
v 0.9506836 2.8066416 -3.7250977
vt 0.6092529 0.27087402
vn 0.2186416 -0.45986763 -0.8606495
v 0 4.3720713 -4.333496
vt 0.5 0.45092773
vn 0 -0.097412586 -0.99524415
v -0.9506836 4.385255 -4.2036133
vt 0.390625 0.45239258
vn -0.21882164 -0.09387662 -0.97123855
v -1.9526367 4.416505 -3.8857422
vt 0.27539062 0.4560547
vn -0.43189147 -0.08825821 -0.89759696
v -2.8676758 4.4780283 -3.260254
vt 0.17016602 0.46313477
vn -0.6525615 -0.07507723 -0.7540073
v -3.637207 5.5009775 -2.3149414
vt 0.08166504 0.5806885
vn -0.8284327 0.1615114 -0.536296
v -4.166992 5.597169 -0.9711914
vt 0.020751953 0.5917969
vn -0.95216537 0.19342385 -0.23657647
v 2.8676758 1.5371103 0.3203125
vt 0.8297119 0.12487793
vn 0.6523778 -0.75425076 0.074222624
v 1.9526367 1.0615244 -1.1323242
vt 0.7244873 0.07019043
vn 0.4317804 -0.86313355 -0.26185155
v 0.9506836 1.5327158 -2.6791992
vt 0.6092529 0.12438965
vn 0.21875694 -0.7544795 -0.6187941
v 0 2.7460947 -3.840332
vt 0.5 0.26391602
vn 0 -0.47107604 -0.88209265
v -0.9506836 2.8066416 -3.7250977
vt 0.390625 0.27087402
vn -0.2186416 -0.45986763 -0.8606495
v -1.9526367 2.9570322 -3.4438477
vt 0.27539062 0.288208
vn -0.43191034 -0.42531815 -0.7953352
v -2.8676758 3.2529306 -2.8901367
vt 0.17016602 0.32226562
vn -0.6523152 -0.35756174 -0.6683072
v -3.637207 4.561036 -2.4072266
vt 0.08166504 0.47265625
vn -0.82821536 -0.054445285 -0.557759
v -4.166992 5.163575 -1.2036133
vt 0.020751953 0.5419922
vn -0.9517694 0.09009246 -0.2932888
v 1.9526367 0.9121103 0.38183594
vt 0.7244873 0.052978516
vn 0.43178985 -0.89763945 0.08832342
v 2.8676758 1.9072275 1.5444336
vt 0.8297119 0.16748047
vn 0.6523152 -0.6683072 0.35756174
v 0.9506836 0.7568369 -1.2260742
vt 0.6092529 0.03515625
vn 0.2186951 -0.9338641 -0.28296694
v 0 1.4311533 -2.7617188
vt 0.5 0.1126709
vn 0 -0.7729283 -0.6344934
v -0.9506836 1.5327158 -2.6791992
vt 0.390625 0.12438965
vn -0.21875694 -0.7544795 -0.6187941
v -1.9526367 1.7792978 -2.4770508
vt 0.27539062 0.15270996
vn -0.43203315 -0.6973081 -0.5719343
v -2.8676758 2.265626 -2.078125
vt 0.17016602 0.20861816
vn -0.65249276 -0.58583957 -0.48067167
v -3.637207 3.6586924 -2.1333008
vt 0.08166504 0.36889648
vn -0.8278522 -0.26465878 -0.4945872
v -4.166992 4.6748056 -1.2514648
vt 0.020751953 0.48571777
vn -0.9518599 -0.030029822 -0.30505905
v 0 0.6313486 -1.262207
vt 0.5 0.020751953
vn 0 -0.95688206 -0.29047662
v 0.9506836 0.59423923 0.41357422
vt 0.6092529 0.016479492
vn 0.21869594 -0.97110033 0.0955841
v -0.9506836 0.7568369 -1.2260742
vt 0.390625 0.03515625
vn -0.2186951 -0.9338641 -0.28296694
v -1.9526367 1.0615244 -1.1323242
vt 0.27539062 0.07019043
vn -0.4317804 -0.86313355 -0.26185155
v -2.8676758 1.6625986 -0.9506836
vt 0.17016602 0.1394043
vn -0.6522101 -0.7253968 -0.22004843
v -3.637207 2.928712 -1.534668
vt 0.08166504 0.2849121
vn -0.8282359 -0.4328874 -0.35585642
v -4.166992 4.206544 -1.109375
vt 0.020751953 0.43188477
vn -0.95197874 -0.14453328 -0.26990125
v 0 0.4648447 0.42529297
vt 0.5 0.0015869141
vn 0 -0.9951901 0.097962596
v 0.9506836 1.0732431 1.9907227
vt 0.6092529 0.0715332
vn 0.21864161 -0.8606496 0.45986766
v 1.9526367 1.3535166 1.840332
vt 0.7244873 0.103759766
vn 0.4318509 -0.7953992 0.4252587
v 1.9526367 2.3208017 3.0180664
vt 0.7244873 0.21496582
vn 0.43161675 -0.57237595 0.6972036
v 2.8676758 2.7192392 2.5322266
vt 0.8297119 0.26086426
vn 0.65249276 -0.48067167 0.58583957
v 2.8676758 3.8466806 3.1367188
vt 0.8297119 0.39050293
vn 0.6521426 -0.2204735 0.7253285
v -0.9506836 0.59423923 0.41357422
vt 0.390625 0.016479492
vn -0.21869594 -0.97110033 0.0955841
v -1.9526367 0.9121103 0.38183594
vt 0.27539062 0.052978516
vn -0.43178985 -0.89763945 0.08832342
v -2.8676758 1.5371103 0.3203125
vt 0.17016602 0.12487793
vn -0.6523778 -0.75425076 0.074222624
v -3.637207 2.4833994 -0.7011719
vt 0.08166504 0.23376465
vn -0.8282658 -0.53620595 -0.16266237
v -4.166992 3.8261728 -0.7973633
vt 0.020751953 0.3881836
vn -0.95197916 -0.23657571 -0.19433877
v -1.9526367 1.3535166 1.840332
vt 0.27539062 0.103759766
vn -0.4318509 -0.7953992 0.4252587
v -0.9506836 1.0732431 1.9907227
vt 0.390625 0.0715332
vn -0.21864161 -0.8606496 0.45986766
v -2.8676758 1.9072275 1.5444336
vt 0.17016602 0.16748047
vn -0.6523152 -0.6683072 0.35756174
v -3.637207 2.3911142 0.23583984
vt 0.08166504 0.22314453
vn -0.82817686 -0.5577742 0.05487404
v -4.166992 3.5947275 -0.36376953
vt 0.020751953 0.36157227
vn -0.95199335 -0.29291633 -0.08893084
v -1.9526367 2.3208017 3.0180664
vt 0.27539062 0.21496582
vn -0.43161675 -0.57237595 0.6972036
v -0.9506836 2.1191416 3.2651367
vt 0.390625 0.19189453
vn -0.21870212 -0.6196051 0.75382954
v 0 0.95849705 2.052246
vt 0.5 0.05834961
vn 0 -0.8820537 0.47114888
v 0 2.0356455 3.366211
vt 0.5 0.18225098
vn 0 -0.633992 0.7733396
v 0.9506836 2.1191416 3.2651367
vt 0.6092529 0.19189453
vn 0.21870212 -0.6196051 0.75382954
v 0.9506836 3.5732431 4.041504
vt 0.6092529 0.35913086
vn 0.21845129 -0.28315046 0.93386555
v 1.9526367 3.66504 3.7368164
vt 0.7244873 0.3696289
vn 0.43196103 -0.26197213 0.86300653
v 1.9526367 5.182618 3.8857422
vt 0.7244873 0.5440674
vn 0.43189147 0.08825821 0.89759696
v 2.8676758 5.1210947 3.260254
vt 0.8297119 0.5369873
vn 0.6525615 0.07507723 0.7540073
v 2.8676758 6.344239 2.8901367
vt 0.8297119 0.6777344
vn 0.6525605 0.35676885 0.6684915
v -2.8676758 2.7192392 2.5322266
vt 0.17016602 0.26086426
vn -0.65249276 -0.48067167 0.58583957
v -3.637207 2.6640635 1.140625
vt 0.08166504 0.2545166
vn -0.82791495 -0.49471033 0.26423207
v -4.166992 3.5458994 0.12158203
vt 0.020751953 0.35595703
vn -0.9518599 -0.30505905 0.030029822
v -2.8676758 3.8466806 3.1367188
vt 0.17016602 0.39050293
vn -0.6521426 -0.2204735 0.7253285
v -1.9526367 3.66504 3.7368164
vt 0.27539062 0.3696289
vn -0.43196103 -0.26197213 0.86300653
v -0.9506836 3.5732431 4.041504
vt 0.390625 0.35913086
vn -0.21845129 -0.28315046 0.93386555
v 0 3.5351572 4.166992
vt 0.5 0.35461426
vn 0 -0.28992268 0.9570501
v 0.9506836 5.21338 4.2036133
vt 0.6092529 0.5477295
vn 0.2188213 0.09576865 0.97105384
v 1.9526367 6.639161 3.4438477
vt 0.7244873 0.71154785
vn 0.43172026 0.42610478 0.7950172
v 2.8676758 7.333497 2.078125
vt 0.8297119 0.7915039
vn 0.65249276 0.58583957 0.48067167
v -3.637207 3.2646494 1.8686523
vt 0.08166504 0.32348633
vn -0.82806504 -0.3558006 0.43326002
v -4.166992 3.6884775 0.59277344
vt 0.020751953 0.37231445
vn -0.9518574 -0.27032873 0.1445334
o Joint_69_Object_1_SINGLE
g polygon_0
usemtl Material_872C5853
f 3122/2115/3625 3124/2117/3627 3123/2116/3626
f 3125/2118/1253 3127/2120/3629 3126/2119/3628
f 3126/2119/3628 3127/2120/3629 3128/2121/3630
f 3129/2122/3631 3131/2124/3633 3130/2123/3632
f 3132/2125/3634 3134/2127/3636 3133/2126/3635
f 3135/2128/3637 3137/2130/1258 3136/2129/3638
f 3138/2131/3639 3140/2133/3641 3139/2132/3640
f 3141/2134/3642 3142/2135/3643 3136/2129/3638
f 3136/2129/3638 3142/2135/3643 3143/2136/3644
f 3135/2128/3637 3136/2129/3638 3143/2136/3644
f 3135/2128/3637 3143/2136/3644 3129/2122/3631
f 3144/2137/3645 3135/2128/3637 3129/2122/3631
f 3144/2137/3645 3129/2122/3631 3130/2123/3632
f 3145/2138/3646 3144/2137/3645 3130/2123/3632
f 3145/2138/3646 3130/2123/3632 3146/2139/3647
f 3147/2140/3648 3145/2138/3646 3146/2139/3647
f 3147/2140/3648 3146/2139/3647 3138/2131/3639
f 3148/2141/3649 3147/2140/3648 3138/2131/3639
f 3148/2141/3649 3138/2131/3639 3139/2132/3640
f 3149/2142/3650 3148/2141/3649 3139/2132/3640
f 3149/2142/3650 3139/2132/3640 3122/2115/3625
f 3150/2143/3651 3149/2142/3650 3122/2115/3625
f 3150/2143/3651 3122/2115/3625 3151/2144/3652
f 3152/2145/3653 3150/2143/3651 3151/2144/3652
f 3152/2145/3653 3151/2144/3652 3153/2146/3654
f 3154/2147/3655 3152/2145/3653 3153/2146/3654
f 3154/2147/3655 3153/2146/3654 3155/2148/3656
f 3156/2149/3657 3154/2147/3655 3155/2148/3656
f 3156/2149/3657 3155/2148/3656 3157/2150/3658
f 3158/2151/3659 3156/2149/3657 3157/2150/3658
f 3158/2151/3659 3157/2150/3658 3159/2152/3660
f 3160/2153/3661 3158/2151/3659 3159/2152/3660
f 3160/2153/3661 3159/2152/3660 3161/2154/3662
f 3162/2155/3663 3160/2153/3661 3161/2154/3662
f 3162/2155/3663 3161/2154/3662 3163/2156/3664
f 3164/2157/3665 3162/2155/3663 3163/2156/3664
f 3164/2157/3665 3163/2156/3664 3165/2158/3666
f 3141/2134/3642 3164/2157/3665 3165/2158/3666
f 3166/2159/3667 3167/2160/3668 3140/2133/3641
f 3168/2161/3669 3166/2159/3667 3140/2133/3641
f 3168/2161/3669 3140/2133/3641 3138/2131/3639
f 3146/2139/3647 3168/2161/3669 3138/2131/3639
f 3169/2162/3670 3124/2117/3627 3167/2160/3668
f 3170/2163/3671 3169/2162/3670 3167/2160/3668
f 3170/2163/3671 3167/2160/3668 3171/2164/3672
f 3172/2165/3673 3170/2163/3671 3171/2164/3672
f 3172/2165/3673 3171/2164/3672 3173/2166/3674
f 3174/2167/3675 3172/2165/3673 3173/2166/3674
f 3174/2167/3675 3173/2166/3674 3133/2126/3635
f 3175/2168/3676 3174/2167/3675 3133/2126/3635
f 3175/2168/3676 3133/2126/3635 3134/2127/3636
f 3176/2169/3677 3175/2168/3676 3134/2127/3636
f 3123/2116/3626 3124/2117/3627 3169/2162/3670
f 3177/2170/3678 3123/2116/3626 3169/2162/3670
f 3177/2170/3678 3169/2162/3670 3178/2171/3679
f 3179/2172/3680 3177/2170/3678 3178/2171/3679
f 3179/2172/3680 3178/2171/3679 3180/2173/3681
f 3181/2174/3682 3179/2172/3680 3180/2173/3681
f 3181/2174/3682 3180/2173/3681 3182/2175/3683
f 3178/2171/3679 3169/2162/3670 3170/2163/3671
f 3183/2176/3684 3178/2171/3679 3170/2163/3671
f 3183/2176/3684 3170/2163/3671 3172/2165/3673
f 3184/2177/3685 3183/2176/3684 3172/2165/3673
f 3184/2177/3685 3172/2165/3673 3174/2167/3675
f 3185/2178/3686 3184/2177/3685 3174/2167/3675
f 3185/2178/3686 3174/2167/3675 3175/2168/3676
f 3186/2179/3687 3185/2178/3686 3175/2168/3676
f 3186/2179/3687 3175/2168/3676 3176/2169/3677
f 3187/2180/3688 3186/2179/3687 3176/2169/3677
f 3180/2173/3681 3178/2171/3679 3183/2176/3684
f 3188/2181/3689 3180/2173/3681 3183/2176/3684
f 3188/2181/3689 3183/2176/3684 3184/2177/3685
f 3189/2182/3690 3188/2181/3689 3184/2177/3685
f 3189/2182/3690 3184/2177/3685 3185/2178/3686
f 3190/2183/3691 3189/2182/3690 3185/2178/3686
f 3190/2183/3691 3185/2178/3686 3186/2179/3687
f 3191/2184/3692 3190/2183/3691 3186/2179/3687
f 3191/2184/3692 3186/2179/3687 3187/2180/3688
f 3192/2185/3693 3191/2184/3692 3187/2180/3688
f 3182/2175/3683 3180/2173/3681 3188/2181/3689
f 3193/2186/3694 3182/2175/3683 3188/2181/3689
f 3193/2186/3694 3188/2181/3689 3189/2182/3690
f 3194/2187/3695 3193/2186/3694 3189/2182/3690
f 3194/2187/3695 3189/2182/3690 3190/2183/3691
f 3195/2188/3696 3194/2187/3695 3190/2183/3691
f 3195/2188/3696 3190/2183/3691 3191/2184/3692
f 3196/2189/3697 3195/2188/3696 3191/2184/3692
f 3196/2189/3697 3191/2184/3692 3192/2185/3693
f 3141/2134/3642 3136/2129/3638 3137/2130/1258
f 3164/2157/3665 3141/2134/3642 3137/2130/1258
f 3164/2157/3665 3137/2130/1258 3162/2155/3663
f 3197/2190/3698 3199/2192/3700 3198/2191/3699
f 3200/2193/3701 3197/2190/3698 3198/2191/3699
f 3200/2193/3701 3198/2191/3699 3201/2194/3702
f 3202/2195/3703 3200/2193/3701 3201/2194/3702
f 3202/2195/3703 3201/2194/3702 3203/2196/3704
f 3160/2153/3661 3162/2155/3663 3137/2130/1258
f 3158/2151/3659 3160/2153/3661 3137/2130/1258
f 3158/2151/3659 3137/2130/1258 3156/2149/3657
f 3149/2142/3650 3150/2143/3651 3137/2130/1258
f 3148/2141/3649 3149/2142/3650 3137/2130/1258
f 3148/2141/3649 3137/2130/1258 3147/2140/3648
f 3145/2138/3646 3147/2140/3648 3137/2130/1258
f 3144/2137/3645 3145/2138/3646 3137/2130/1258
f 3144/2137/3645 3137/2130/1258 3135/2128/3637
f 3132/2125/3634 3133/2126/3635 3204/2197/3705
f 3205/2198/3706 3132/2125/3634 3204/2197/3705
f 3205/2198/3706 3204/2197/3705 3206/2199/3707
f 3207/2200/3708 3205/2198/3706 3206/2199/3707
f 3207/2200/3708 3206/2199/3707 3208/2201/3709
f 3209/2202/3710 3207/2200/3708 3208/2201/3709
f 3209/2202/3710 3208/2201/3709 3131/2124/3633
f 3210/2203/3711 3209/2202/3710 3131/2124/3633
f 3210/2203/3711 3131/2124/3633 3129/2122/3631
f 3143/2136/3644 3210/2203/3711 3129/2122/3631
f 3204/2197/3705 3133/2126/3635 3173/2166/3674
f 3211/2204/3712 3204/2197/3705 3173/2166/3674
f 3211/2204/3712 3173/2166/3674 3171/2164/3672
f 3166/2159/3667 3211/2204/3712 3171/2164/3672
f 3166/2159/3667 3171/2164/3672 3167/2160/3668
f 3206/2199/3707 3204/2197/3705 3211/2204/3712
f 3212/2205/3713 3206/2199/3707 3211/2204/3712
f 3212/2205/3713 3211/2204/3712 3166/2159/3667
f 3168/2161/3669 3212/2205/3713 3166/2159/3667
f 3208/2201/3709 3206/2199/3707 3212/2205/3713
f 3213/2206/3714 3208/2201/3709 3212/2205/3713
f 3213/2206/3714 3212/2205/3713 3168/2161/3669
f 3146/2139/3647 3213/2206/3714 3168/2161/3669
f 3131/2124/3633 3208/2201/3709 3213/2206/3714
f 3130/2123/3632 3131/2124/3633 3213/2206/3714
f 3130/2123/3632 3213/2206/3714 3146/2139/3647
f 3154/2147/3655 3156/2149/3657 3137/2130/1258
f 3152/2145/3653 3154/2147/3655 3137/2130/1258
f 3152/2145/3653 3137/2130/1258 3150/2143/3651
f 3125/2118/1253 3199/2192/3700 3197/2190/3698
f 3127/2120/3629 3125/2118/1253 3197/2190/3698
f 3127/2120/3629 3197/2190/3698 3200/2193/3701
f 3128/2121/3630 3127/2120/3629 3200/2193/3701
f 3128/2121/3630 3200/2193/3701 3202/2195/3703
f 3140/2133/3641 3167/2160/3668 3124/2117/3627
f 3139/2132/3640 3140/2133/3641 3124/2117/3627
f 3139/2132/3640 3124/2117/3627 3122/2115/3625
f 3214/2207/3715 3216/2209/3717 3215/2208/3716
f 3217/2210/3718 3214/2207/3715 3215/2208/3716
f 3217/2210/3718 3215/2208/3716 3218/2211/3719
f 3219/2212/3720 3217/2210/3718 3218/2211/3719
f 3219/2212/3720 3218/2211/3719 3220/2213/3721
f 3221/2214/3722 3219/2212/3720 3220/2213/3721
f 3221/2214/3722 3220/2213/3721 3222/2215/3723
f 3223/2216/3724 3221/2214/3722 3222/2215/3723
f 3223/2216/3724 3222/2215/3723 3224/2217/3725
f 3181/2174/3682 3223/2216/3724 3224/2217/3725
f 3181/2174/3682 3224/2217/3725 3225/2218/3726
f 3179/2172/3680 3181/2174/3682 3225/2218/3726
f 3179/2172/3680 3225/2218/3726 3226/2219/3727
f 3177/2170/3678 3179/2172/3680 3226/2219/3727
f 3177/2170/3678 3226/2219/3727 3227/2220/3728
f 3123/2116/3626 3177/2170/3678 3227/2220/3728
f 3123/2116/3626 3227/2220/3728 3151/2144/3652
f 3122/2115/3625 3123/2116/3626 3151/2144/3652
f 3143/2136/3644 3142/2135/3643 3228/2221/3729
f 3210/2203/3711 3143/2136/3644 3228/2221/3729
f 3210/2203/3711 3228/2221/3729 3229/2222/3730
f 3209/2202/3710 3210/2203/3711 3229/2222/3730
f 3209/2202/3710 3229/2222/3730 3230/2223/3731
f 3207/2200/3708 3209/2202/3710 3230/2223/3731
f 3207/2200/3708 3230/2223/3731 3231/2224/3732
f 3205/2198/3706 3207/2200/3708 3231/2224/3732
f 3205/2198/3706 3231/2224/3732 3232/2225/3733
f 3132/2125/3634 3205/2198/3706 3232/2225/3733
f 3132/2125/3634 3232/2225/3733 3233/2226/3734
f 3134/2127/3636 3132/2125/3634 3233/2226/3734
f 3134/2127/3636 3233/2226/3734 3234/2227/3735
f 3176/2169/3677 3134/2127/3636 3234/2227/3735
f 3176/2169/3677 3234/2227/3735 3235/2228/3736
f 3187/2180/3688 3176/2169/3677 3235/2228/3736
f 3187/2180/3688 3235/2228/3736 3236/2229/3737
f 3192/2185/3693 3187/2180/3688 3236/2229/3737
f 3192/2185/3693 3236/2229/3737 3125/2118/1253
f 3196/2189/3697 3192/2185/3693 3125/2118/1253
f 3196/2189/3697 3125/2118/1253 3126/2119/3628
f 3195/2188/3696 3196/2189/3697 3126/2119/3628
f 3195/2188/3696 3126/2119/3628 3128/2121/3630
f 3194/2187/3695 3195/2188/3696 3128/2121/3630
f 3194/2187/3695 3128/2121/3630 3202/2195/3703
f 3193/2186/3694 3194/2187/3695 3202/2195/3703
f 3193/2186/3694 3202/2195/3703 3203/2196/3704
f 3182/2175/3683 3193/2186/3694 3203/2196/3704
f 3182/2175/3683 3203/2196/3704 3223/2216/3724
f 3181/2174/3682 3182/2175/3683 3223/2216/3724
f 3237/2230/3738 3228/2221/3729 3142/2135/3643
f 3165/2158/3666 3237/2230/3738 3142/2135/3643
f 3165/2158/3666 3142/2135/3643 3141/2134/3642
f 3228/2221/3729 3237/2230/3738 3238/2231/3739
f 3229/2222/3730 3228/2221/3729 3238/2231/3739
f 3229/2222/3730 3238/2231/3739 3239/2232/3740
f 3230/2223/3731 3229/2222/3730 3239/2232/3740
f 3230/2223/3731 3239/2232/3740 3240/2233/3741
f 3231/2224/3732 3230/2223/3731 3240/2233/3741
f 3231/2224/3732 3240/2233/3741 3241/2234/3742
f 3232/2225/3733 3231/2224/3732 3241/2234/3742
f 3232/2225/3733 3241/2234/3742 3242/2235/3743
f 3233/2226/3734 3232/2225/3733 3242/2235/3743
f 3233/2226/3734 3242/2235/3743 3243/2236/3744
f 3234/2227/3735 3233/2226/3734 3243/2236/3744
f 3234/2227/3735 3243/2236/3744 3244/2237/3745
f 3235/2228/3736 3234/2227/3735 3244/2237/3745
f 3235/2228/3736 3244/2237/3745 3245/2238/3746
f 3236/2229/3737 3235/2228/3736 3245/2238/3746
f 3236/2229/3737 3245/2238/3746 3125/2118/1253
f 3246/2239/3747 3238/2231/3739 3237/2230/3738
f 3247/2240/3748 3246/2239/3747 3237/2230/3738
f 3247/2240/3748 3237/2230/3738 3165/2158/3666
f 3163/2156/3664 3247/2240/3748 3165/2158/3666
f 3238/2231/3739 3246/2239/3747 3248/2241/3749
f 3239/2232/3740 3238/2231/3739 3248/2241/3749
f 3239/2232/3740 3248/2241/3749 3249/2242/3750
f 3240/2233/3741 3239/2232/3740 3249/2242/3750
f 3240/2233/3741 3249/2242/3750 3250/2243/3751
f 3241/2234/3742 3240/2233/3741 3250/2243/3751
f 3241/2234/3742 3250/2243/3751 3251/2244/3752
f 3242/2235/3743 3241/2234/3742 3251/2244/3752
f 3242/2235/3743 3251/2244/3752 3252/2245/3753
f 3243/2236/3744 3242/2235/3743 3252/2245/3753
f 3243/2236/3744 3252/2245/3753 3253/2246/3754
f 3244/2237/3745 3243/2236/3744 3253/2246/3754
f 3244/2237/3745 3253/2246/3754 3254/2247/3755
f 3245/2238/3746 3244/2237/3745 3254/2247/3755
f 3245/2238/3746 3254/2247/3755 3125/2118/1253
f 3125/2118/1253 3216/2209/3717 3214/2207/3715
f 3199/2192/3700 3125/2118/1253 3214/2207/3715
f 3199/2192/3700 3214/2207/3715 3217/2210/3718
f 3198/2191/3699 3199/2192/3700 3217/2210/3718
f 3198/2191/3699 3217/2210/3718 3219/2212/3720
f 3201/2194/3702 3198/2191/3699 3219/2212/3720
f 3201/2194/3702 3219/2212/3720 3221/2214/3722
f 3203/2196/3704 3201/2194/3702 3221/2214/3722
f 3203/2196/3704 3221/2214/3722 3223/2216/3724
f 3248/2241/3749 3256/2249/3757 3255/2248/3756
f 3249/2242/3750 3248/2241/3749 3255/2248/3756
f 3249/2242/3750 3255/2248/3756 3257/2250/3758
f 3250/2243/3751 3249/2242/3750 3257/2250/3758
f 3250/2243/3751 3257/2250/3758 3258/2251/3759
f 3251/2244/3752 3250/2243/3751 3258/2251/3759
f 3251/2244/3752 3258/2251/3759 3259/2252/3760
f 3252/2245/3753 3251/2244/3752 3259/2252/3760
f 3252/2245/3753 3259/2252/3760 3260/2253/3761
f 3253/2246/3754 3252/2245/3753 3260/2253/3761
f 3253/2246/3754 3260/2253/3761 3261/2254/3762
f 3254/2247/3755 3253/2246/3754 3261/2254/3762
f 3254/2247/3755 3261/2254/3762 3125/2118/1253
f 3262/2255/3763 3255/2248/3756 3256/2249/3757
f 3263/2256/3764 3262/2255/3763 3256/2249/3757
f 3263/2256/3764 3256/2249/3757 3264/2257/3765
f 3265/2258/3766 3263/2256/3764 3264/2257/3765
f 3265/2258/3766 3264/2257/3765 3266/2259/3767
f 3267/2260/3768 3265/2258/3766 3266/2259/3767
f 3267/2260/3768 3266/2259/3767 3161/2154/3662
f 3159/2152/3660 3267/2260/3768 3161/2154/3662
f 3255/2248/3756 3262/2255/3763 3268/2261/3769
f 3257/2250/3758 3255/2248/3756 3268/2261/3769
f 3257/2250/3758 3268/2261/3769 3269/2262/3770
f 3258/2251/3759 3257/2250/3758 3269/2262/3770
f 3258/2251/3759 3269/2262/3770 3270/2263/3771
f 3259/2252/3760 3258/2251/3759 3270/2263/3771
f 3259/2252/3760 3270/2263/3771 3271/2264/3772
f 3260/2253/3761 3259/2252/3760 3271/2264/3772
f 3260/2253/3761 3271/2264/3772 3272/2265/3773
f 3261/2254/3762 3260/2253/3761 3272/2265/3773
f 3261/2254/3762 3272/2265/3773 3125/2118/1253
f 3256/2249/3757 3248/2241/3749 3246/2239/3747
f 3264/2257/3765 3256/2249/3757 3246/2239/3747
f 3264/2257/3765 3246/2239/3747 3247/2240/3748
f 3266/2259/3767 3264/2257/3765 3247/2240/3748
f 3266/2259/3767 3247/2240/3748 3163/2156/3664
f 3161/2154/3662 3266/2259/3767 3163/2156/3664
f 3268/2261/3769 3274/2267/3775 3273/2266/3774
f 3269/2262/3770 3268/2261/3769 3273/2266/3774
f 3269/2262/3770 3273/2266/3774 3275/2268/3776
f 3270/2263/3771 3269/2262/3770 3275/2268/3776
f 3270/2263/3771 3275/2268/3776 3276/2269/3777
f 3271/2264/3772 3270/2263/3771 3276/2269/3777
f 3271/2264/3772 3276/2269/3777 3277/2270/3778
f 3272/2265/3773 3271/2264/3772 3277/2270/3778
f 3272/2265/3773 3277/2270/3778 3125/2118/1253
f 3278/2271/3779 3273/2266/3774 3274/2267/3775
f 3279/2272/3780 3278/2271/3779 3274/2267/3775
f 3279/2272/3780 3274/2267/3775 3280/2273/3781
f 3281/2274/3782 3279/2272/3780 3280/2273/3781
f 3281/2274/3782 3280/2273/3781 3282/2275/3783
f 3283/2276/3784 3281/2274/3782 3282/2275/3783
f 3283/2276/3784 3282/2275/3783 3284/2277/3785
f 3285/2278/3786 3283/2276/3784 3284/2277/3785
f 3285/2278/3786 3284/2277/3785 3286/2279/3787
f 3287/2280/3788 3285/2278/3786 3286/2279/3787
f 3287/2280/3788 3286/2279/3787 3157/2150/3658
f 3155/2148/3656 3287/2280/3788 3157/2150/3658
f 3273/2266/3774 3278/2271/3779 3288/2281/3789
f 3275/2268/3776 3273/2266/3774 3288/2281/3789
f 3275/2268/3776 3288/2281/3789 3289/2282/3790
f 3276/2269/3777 3275/2268/3776 3289/2282/3790
f 3276/2269/3777 3289/2282/3790 3290/2283/3791
f 3277/2270/3778 3276/2269/3777 3290/2283/3791
f 3277/2270/3778 3290/2283/3791 3125/2118/1253
f 3291/2284/3792 3288/2281/3789 3278/2271/3779
f 3292/2285/3793 3291/2284/3792 3278/2271/3779
f 3292/2285/3793 3278/2271/3779 3279/2272/3780
f 3293/2286/3794 3292/2285/3793 3279/2272/3780
f 3293/2286/3794 3279/2272/3780 3281/2274/3782
f 3294/2287/3795 3293/2286/3794 3281/2274/3782
f 3294/2287/3795 3281/2274/3782 3283/2276/3784
f 3295/2288/3796 3294/2287/3795 3283/2276/3784
f 3295/2288/3796 3283/2276/3784 3285/2278/3786
f 3296/2289/3797 3295/2288/3796 3285/2278/3786
f 3296/2289/3797 3285/2278/3786 3287/2280/3788
f 3297/2290/3798 3296/2289/3797 3287/2280/3788
f 3297/2290/3798 3287/2280/3788 3155/2148/3656
f 3153/2146/3654 3297/2290/3798 3155/2148/3656
f 3288/2281/3789 3291/2284/3792 3298/2291/3799
f 3289/2282/3790 3288/2281/3789 3298/2291/3799
f 3289/2282/3790 3298/2291/3799 3299/2292/3800
f 3290/2283/3791 3289/2282/3790 3299/2292/3800
f 3290/2283/3791 3299/2292/3800 3125/2118/1253
f 3215/2208/3716 3298/2291/3799 3291/2284/3792
f 3218/2211/3719 3215/2208/3716 3291/2284/3792
f 3218/2211/3719 3291/2284/3792 3292/2285/3793
f 3220/2213/3721 3218/2211/3719 3292/2285/3793
f 3220/2213/3721 3292/2285/3793 3293/2286/3794
f 3222/2215/3723 3220/2213/3721 3293/2286/3794
f 3222/2215/3723 3293/2286/3794 3294/2287/3795
f 3224/2217/3725 3222/2215/3723 3294/2287/3795
f 3224/2217/3725 3294/2287/3795 3295/2288/3796
f 3225/2218/3726 3224/2217/3725 3295/2288/3796
f 3225/2218/3726 3295/2288/3796 3296/2289/3797
f 3226/2219/3727 3225/2218/3726 3296/2289/3797
f 3226/2219/3727 3296/2289/3797 3297/2290/3798
f 3227/2220/3728 3226/2219/3727 3297/2290/3798
f 3227/2220/3728 3297/2290/3798 3153/2146/3654
f 3151/2144/3652 3227/2220/3728 3153/2146/3654
f 3298/2291/3799 3215/2208/3716 3216/2209/3717
f 3299/2292/3800 3298/2291/3799 3216/2209/3717
f 3299/2292/3800 3216/2209/3717 3125/2118/1253
f 3274/2267/3775 3268/2261/3769 3262/2255/3763
f 3280/2273/3781 3274/2267/3775 3262/2255/3763
f 3280/2273/3781 3262/2255/3763 3263/2256/3764
f 3282/2275/3783 3280/2273/3781 3263/2256/3764
f 3282/2275/3783 3263/2256/3764 3265/2258/3766
f 3284/2277/3785 3282/2275/3783 3265/2258/3766
f 3284/2277/3785 3265/2258/3766 3267/2260/3768
f 3286/2279/3787 3284/2277/3785 3267/2260/3768
f 3286/2279/3787 3267/2260/3768 3159/2152/3660
f 3157/2150/3658 3286/2279/3787 3159/2152/3660
