<?xml version="1.0" encoding="utf-8"?>
<COLLADA xmlns:xsi="http://www.w3.org/2001/XMLSchema-instance" xmlns:xsd="http://www.w3.org/2001/XMLSchema" version="1.4.1" xmlns="http://www.collada.org/2005/11/COLLADASchema">
    <asset>
        <created>2024-06-02T20:23:20.4724705+02:00</created>
        <modified>2024-06-02T20:23:20.472472+02:00</modified>
        <unit name="Meter" />
        <contributor>
            <authoring_tool>IONET Exporter</authoring_tool>
        </contributor>
    </asset>
    <library_images>
        <image id="Texture_0_CI8_RGB565-image" name="Texture_0_CI8_RGB565">
            <init_from>Texture_0_CI8_RGB565.png</init_from>
        </image>
        <image id="Texture_0_CI8_RGB565-image_0" name="Texture_0_CI8_RGB565">
            <init_from>Texture_0_CI8_RGB565.png</init_from>
        </image>
        <image id="Texture_0_CI8_RGB565-image_1" name="Texture_0_CI8_RGB565">
            <init_from>Texture_0_CI8_RGB565.png</init_from>
        </image>
        <image id="Texture_0_CI8_RGB565-image_2" name="Texture_0_CI8_RGB565">
            <init_from>Texture_0_CI8_RGB565.png</init_from>
        </image>
        <image id="Texture_1_CI8_RGB565-image" name="Texture_1_CI8_RGB565">
            <init_from>Texture_1_CI8_RGB565.png</init_from>
        </image>
        <image id="Texture_1_CI8_RGB565-image_0" name="Texture_1_CI8_RGB565">
            <init_from>Texture_1_CI8_RGB565.png</init_from>
        </image>
    </library_images>
    <library_materials>
        <material id="Joint_0_Object_0_Material_0" name="Joint_0_Object_0_Material_0">
            <instance_effect url="#Joint_0_Object_0_Material_0-effect" />
        </material>
        <material id="Joint_0_Object_1_Material_1" name="Joint_0_Object_1_Material_1">
            <instance_effect url="#Joint_0_Object_1_Material_1-effect" />
        </material>
        <material id="Joint_0_Object_2_Material_2" name="Joint_0_Object_2_Material_2">
            <instance_effect url="#Joint_0_Object_2_Material_2-effect" />
        </material>
        <material id="Joint_0_Object_3_Material_3" name="Joint_0_Object_3_Material_3">
            <instance_effect url="#Joint_0_Object_3_Material_3-effect" />
        </material>
        <material id="Joint_1_Object_0_Material_0" name="Joint_1_Object_0_Material_0">
            <instance_effect url="#Joint_1_Object_0_Material_0-effect" />
        </material>
        <material id="Joint_1_Object_1_Material_1" name="Joint_1_Object_1_Material_1">
            <instance_effect url="#Joint_1_Object_1_Material_1-effect" />
        </material>
    </library_materials>
    <library_effects>
        <effect id="Joint_0_Object_0_Material_0-effect" name="Joint_0_Object_0_Material_0">
            <profile_COMMON>
                <newparam sid="Texture_0_CI8_RGB565-image_surface">
                    <surface type="2D">
                        <init_from>Texture_0_CI8_RGB565-image</init_from>
                    </surface>
                </newparam>
                <newparam sid="Texture_0_CI8_RGB565-image_sampler">
                    <sampler2D>
                        <source>Texture_0_CI8_RGB565-image_surface</source>
                    </sampler2D>
                </newparam>
                <technique sid="standard">
                    <phong>
                        <emission>
                            <color sid="emission">0 0 0 1</color>
                        </emission>
                        <ambient>
                            <color sid="ambient">0 1 1 1</color>
                        </ambient>
                        <diffuse>
                            <color sid="diffuse">1 1 1 1</color>
                            <texture texture="Texture_0_CI8_RGB565-image_sampler" texcoord="CHANNEL0" />
                        </diffuse>
                        <specular>
                            <color sid="specular">1 1 1 1</color>
                        </specular>
                        <reflective>
                            <color sid="reflective">1 1 1 1</color>
                        </reflective>
                        <shininess>
                            <float sid="shininess">50</float>
                        </shininess>
                        <reflectivity>
                            <float sid="reflectivity">1</float>
                        </reflectivity>
                        <transparency>
                            <float sid="transparency">1</float>
                        </transparency>
                    </phong>
                </technique>
            </profile_COMMON>
        </effect>
        <effect id="Joint_0_Object_1_Material_1-effect" name="Joint_0_Object_1_Material_1">
            <profile_COMMON>
                <newparam sid="Texture_0_CI8_RGB565-image_0_surface">
                    <surface type="2D">
                        <init_from>Texture_0_CI8_RGB565-image_0</init_from>
                    </surface>
                </newparam>
                <newparam sid="Texture_0_CI8_RGB565-image_0_sampler">
                    <sampler2D>
                        <source>Texture_0_CI8_RGB565-image_0_surface</source>
                    </sampler2D>
                </newparam>
                <technique sid="standard">
                    <phong>
                        <emission>
                            <color sid="emission">0 0 0 1</color>
                        </emission>
                        <ambient>
                            <color sid="ambient">0 1 1 1</color>
                        </ambient>
                        <diffuse>
                            <color sid="diffuse">1 1 1 1</color>
                            <texture texture="Texture_0_CI8_RGB565-image_0_sampler" texcoord="CHANNEL0" />
                        </diffuse>
                        <specular>
                            <color sid="specular">1 1 1 1</color>
                        </specular>
                        <reflective>
                            <color sid="reflective">1 1 1 1</color>
                        </reflective>
                        <shininess>
                            <float sid="shininess">50</float>
                        </shininess>
                        <reflectivity>
                            <float sid="reflectivity">1</float>
                        </reflectivity>
                        <transparency>
                            <float sid="transparency">1</float>
                        </transparency>
                    </phong>
                </technique>
            </profile_COMMON>
        </effect>
        <effect id="Joint_0_Object_2_Material_2-effect" name="Joint_0_Object_2_Material_2">
            <profile_COMMON>
                <newparam sid="Texture_0_CI8_RGB565-image_1_surface">
                    <surface type="2D">
                        <init_from>Texture_0_CI8_RGB565-image_1</init_from>
                    </surface>
                </newparam>
                <newparam sid="Texture_0_CI8_RGB565-image_1_sampler">
                    <sampler2D>
                        <source>Texture_0_CI8_RGB565-image_1_surface</source>
                    </sampler2D>
                </newparam>
                <technique sid="standard">
                    <phong>
                        <emission>
                            <color sid="emission">0 0 0 1</color>
                        </emission>
                        <ambient>
                            <color sid="ambient">0 1 1 1</color>
                        </ambient>
                        <diffuse>
                            <color sid="diffuse">1 1 1 1</color>
                            <texture texture="Texture_0_CI8_RGB565-image_1_sampler" texcoord="CHANNEL0" />
                        </diffuse>
                        <specular>
                            <color sid="specular">1 1 1 1</color>
                        </specular>
                        <reflective>
                            <color sid="reflective">1 1 1 1</color>
                        </reflective>
                        <shininess>
                            <float sid="shininess">50</float>
                        </shininess>
                        <reflectivity>
                            <float sid="reflectivity">1</float>
                        </reflectivity>
                        <transparency>
                            <float sid="transparency">1</float>
                        </transparency>
                    </phong>
                </technique>
            </profile_COMMON>
        </effect>
        <effect id="Joint_0_Object_3_Material_3-effect" name="Joint_0_Object_3_Material_3">
            <profile_COMMON>
                <newparam sid="Texture_0_CI8_RGB565-image_2_surface">
                    <surface type="2D">
                        <init_from>Texture_0_CI8_RGB565-image_2</init_from>
                    </surface>
                </newparam>
                <newparam sid="Texture_0_CI8_RGB565-image_2_sampler">
                    <sampler2D>
                        <source>Texture_0_CI8_RGB565-image_2_surface</source>
                    </sampler2D>
                </newparam>
                <technique sid="standard">
                    <phong>
                        <emission>
                            <color sid="emission">0 0 0 1</color>
                        </emission>
                        <ambient>
                            <color sid="ambient">0 1 1 1</color>
                        </ambient>
                        <diffuse>
                            <color sid="diffuse">1 1 1 1</color>
                            <texture texture="Texture_0_CI8_RGB565-image_2_sampler" texcoord="CHANNEL0" />
                        </diffuse>
                        <specular>
                            <color sid="specular">1 1 1 1</color>
                        </specular>
                        <reflective>
                            <color sid="reflective">1 1 1 1</color>
                        </reflective>
                        <shininess>
                            <float sid="shininess">50</float>
                        </shininess>
                        <reflectivity>
                            <float sid="reflectivity">1</float>
                        </reflectivity>
                        <transparency>
                            <float sid="transparency">1</float>
                        </transparency>
                    </phong>
                </technique>
            </profile_COMMON>
        </effect>
        <effect id="Joint_1_Object_0_Material_0-effect" name="Joint_1_Object_0_Material_0">
            <profile_COMMON>
                <newparam sid="Texture_1_CI8_RGB565-image_surface">
                    <surface type="2D">
                        <init_from>Texture_1_CI8_RGB565-image</init_from>
                    </surface>
                </newparam>
                <newparam sid="Texture_1_CI8_RGB565-image_sampler">
                    <sampler2D>
                        <source>Texture_1_CI8_RGB565-image_surface</source>
                    </sampler2D>
                </newparam>
                <technique sid="standard">
                    <phong>
                        <emission>
                            <color sid="emission">0 0 0 1</color>
                        </emission>
                        <ambient>
                            <color sid="ambient">0 1 1 1</color>
                        </ambient>
                        <diffuse>
                            <color sid="diffuse">1 1 1 1</color>
                            <texture texture="Texture_1_CI8_RGB565-image_sampler" texcoord="CHANNEL0" />
                        </diffuse>
                        <specular>
                            <color sid="specular">1 1 1 1</color>
                        </specular>
                        <reflective>
                            <color sid="reflective">1 1 1 1</color>
                        </reflective>
                        <shininess>
                            <float sid="shininess">50</float>
                        </shininess>
                        <reflectivity>
                            <float sid="reflectivity">1</float>
                        </reflectivity>
                        <transparency>
                            <float sid="transparency">1</float>
                        </transparency>
                    </phong>
                </technique>
            </profile_COMMON>
        </effect>
        <effect id="Joint_1_Object_1_Material_1-effect" name="Joint_1_Object_1_Material_1">
            <profile_COMMON>
                <newparam sid="Texture_1_CI8_RGB565-image_0_surface">
                    <surface type="2D">
                        <init_from>Texture_1_CI8_RGB565-image_0</init_from>
                    </surface>
                </newparam>
                <newparam sid="Texture_1_CI8_RGB565-image_0_sampler">
                    <sampler2D>
                        <source>Texture_1_CI8_RGB565-image_0_surface</source>
                    </sampler2D>
                </newparam>
                <technique sid="standard">
                    <phong>
                        <emission>
                            <color sid="emission">0 0 0 1</color>
                        </emission>
                        <ambient>
                            <color sid="ambient">0 1 1 1</color>
                        </ambient>
                        <diffuse>
                            <color sid="diffuse">1 1 1 1</color>
                            <texture texture="Texture_1_CI8_RGB565-image_0_sampler" texcoord="CHANNEL0" />
                        </diffuse>
                        <specular>
                            <color sid="specular">1 1 1 1</color>
                        </specular>
                        <reflective>
                            <color sid="reflective">1 1 1 1</color>
                        </reflective>
                        <shininess>
                            <float sid="shininess">50</float>
                        </shininess>
                        <reflectivity>
                            <float sid="reflectivity">1</float>
                        </reflectivity>
                        <transparency>
                            <float sid="transparency">1</float>
                        </transparency>
                    </phong>
                </technique>
            </profile_COMMON>
        </effect>
    </library_effects>
    <library_geometries>
        <geometry id="Joint_0_Object_0-geometry" name="Joint_0_Object_0">
            <mesh>
                <source id="Joint_0_Object_0-geometry-POSITION">
                    <float_array id="Joint_0_Object_0-geometry-POSITION-array" count="330">2.1411133 9.526855 -9.197265 3.0883787 11.549814 -7.2011695 4.9624023 10.229492 -8.521483 1.4433594 10.665527 -8.080077 2.1411133 9.526855 -9.197265 3.050293 8.105966 -10.712398 2.5473633 7.792001 -10.668454 5.0859375 8.3505945 -10.411616 4.9624023 10.229492 -8.521483 6.3916016 8.188973 -10.610347 4.4023438 7.771493 -11.064939 4.9624023 10.229492 -8.521483 5.0859375 8.3505945 -10.411616 4.059082 8.188973 -10.73437 4.9624023 10.229492 -8.521483 3.5410156 7.7827234 -11.245603 4.9624023 10.229492 -8.521483 3.050293 8.105966 -10.712398 4.9624023 10.229492 -8.521483 3.5410156 7.7827234 -11.245603 2.1411133 9.526855 -9.197265 4.9624023 10.229492 -8.521483 3.050293 8.105966 -10.712398 0.20947266 12.45069 -6.5585904 1.4443359 10.491699 -8.079589 3.087402 11.488779 -7.0932593 3.0883787 11.549814 -7.2011695 1.4433594 10.665527 -8.080077 0.22314453 12.564948 -6.6948204 4.9643555 10.094238 -8.4052725 3.087402 11.488779 -7.0932593 2.1425781 9.406738 -9.065917 2.565918 7.6645594 -10.545407 3.0527344 7.9443445 -10.607907 2.1425781 9.406738 -9.065917 5.0859375 8.3505945 -10.411616 4.9643555 10.094238 -8.4052725 4.986328 8.213876 -10.306636 6.390625 8.062509 -10.4848585 4.9643555 10.094238 -8.4052725 4.986328 8.213876 -10.306636 4.986328 8.213876 -10.306636 4.9643555 10.094238 -8.4052725 4.4023438 7.645028 -10.93945 4.9643555 10.094238 -8.4052725 4.0600586 8.062509 -10.60937 4.0600586 8.062509 -10.60937 4.9643555 10.094238 -8.4052725 3.5405273 7.6562586 -11.120114 3.5405273 7.6562586 -11.120114 4.9643555 10.094238 -8.4052725 3.0527344 7.9443445 -10.607907 3.0527344 7.9443445 -10.607907 4.9643555 10.094238 -8.4052725 2.1425781 9.406738 -9.065917 1.4443359 10.491699 -8.079589 0.20947266 12.45069 -6.5585904 0.22314453 12.564948 -6.6948204 3.087402 11.488779 -7.0932593 1.4443359 10.491699 -8.079589 2.1425781 9.406738 -9.065917 3.0883787 11.549814 -7.2011695 0.22314453 12.564948 -6.6948204 0.20947266 12.45069 -6.5585904 4.9624023 10.229492 -8.521483 3.0883787 11.549814 -7.2011695 3.087402 11.488779 -7.0932593 4.9643555 10.094238 -8.4052725 1.4433594 10.665527 -8.080077 2.1411133 9.526855 -9.197265 2.1425781 9.406738 -9.065917 1.4443359 10.491699 -8.079589 2.5473633 7.792001 -10.668454 3.050293 8.105966 -10.712398 3.0527344 7.9443445 -10.607907 3.0527344 7.9443445 -10.607907 2.565918 7.6645594 -10.545407 2.5473633 7.792001 -10.668454 2.1411133 9.526855 -9.197265 2.5473633 7.792001 -10.668454 2.565918 7.6645594 -10.545407 2.565918 7.6645594 -10.545407 2.1425781 9.406738 -9.065917 2.1411133 9.526855 -9.197265 6.3916016 8.188973 -10.610347 4.9624023 10.229492 -8.521483 4.9643555 10.094238 -8.4052725 6.390625 8.062509 -10.4848585 5.0859375 8.3505945 -10.411616 6.3916016 8.188973 -10.610347 6.390625 8.062509 -10.4848585 4.986328 8.213876 -10.306636 4.4023438 7.771493 -11.064939 5.0859375 8.3505945 -10.411616 4.986328 8.213876 -10.306636 4.4023438 7.645028 -10.93945 4.059082 8.188973 -10.73437 4.4023438 7.771493 -11.064939 4.4023438 7.645028 -10.93945 4.0600586 8.062509 -10.60937 3.5410156 7.7827234 -11.245603 4.059082 8.188973 -10.73437 4.0600586 8.062509 -10.60937 3.5405273 7.6562586 -11.120114 3.050293 8.105966 -10.712398 3.5410156 7.7827234 -11.245603 3.5405273 7.6562586 -11.120114 3.0527344 7.9443445 -10.607907 3.087402 11.488779 -7.0932593 1.4433594 10.665527 -8.080077</float_array>
                    <technique_common>
                        <accessor count="110" offset="0" source="Joint_0_Object_0-geometry-POSITION-array" stride="3">
                            <param name="X" type="float" />
                            <param name="Y" type="float" />
                            <param name="Z" type="float" />
                        </accessor>
                    </technique_common>
                </source>
                <source id="Joint_0_Object_0-geometry-NORMAL">
                    <float_array id="Joint_0_Object_0-geometry-NORMAL-array" count="285">0.0031738516 0.7016348 -0.71252966 0.0025330412 0.7017744 -0.7123948 -0.00497445 0.7035337 -0.7106444 0.0036622037 0.7014951 -0.71266484 -0.39987913 0.5365393 -0.74311656 -0.3998792 0.5365394 -0.74311656 -0.18228734 0.70449024 -0.6859043 -0.019684214 0.708418 -0.70551866 -0.01968421 0.70841795 -0.7055187 0.0035706514 0.7665303 -0.64219826 -0.0063172434 0.7656987 -0.64316845 0.06872781 0.70977026 -0.7010725 0.06872782 0.7097704 -0.70107245 -0.0042420356 0.7660689 -0.64274454 0.16351786 0.6911819 -0.7039386 -0.0036010847 0.7657493 -0.64312917 0.14542276 0.69714415 -0.7020272 -0.15668106 0.7740361 -0.61344856 -0.15668103 0.774036 -0.6134486 -0.003601169 0.76573664 -0.6431442 -0.015442419 0.724695 -0.6888967 -0.015442421 0.7246951 -0.6888966 -0.1146579 -0.62633055 0.77107954 -0.071504645 -0.6394218 0.7655239 -0.07150465 -0.6394218 0.76552385 0.08236748 0.62125033 -0.77927125 0.082369424 0.62126505 -0.7792593 0.11490288 0.6260909 -0.7712377 -0.0026550768 -0.68714607 0.72651446 -0.002655077 -0.6871461 0.72651434 -0.3160186 -0.7538668 0.5760357 0.40228766 -0.5338505 0.74375284 0.40228757 -0.53385043 0.7437529 0.86342967 -0.35361794 0.3597826 0.86342967 -0.35361797 0.3597827 -0.0031433369 -0.7098142 0.70438194 0.012603919 -0.71088547 0.7031949 0.012603921 -0.71088547 0.7031948 -0.06836039 -0.7097578 0.7011211 -0.06836038 -0.70975775 0.7011211 0.008087324 -0.71034163 0.7038106 -0.16372883 -0.69095707 0.70411026 0.008026215 -0.71155596 0.7025836 0.008056731 -0.7115558 0.70258343 -0.14544939 -0.6969424 0.70222205 0.007415917 -0.711165 0.702986 0.007446434 -0.7111649 0.7029859 0.17645742 -0.77657133 0.60481375 0.17645745 -0.77657145 0.6048137 0.0136721 -0.7214779 0.6923025 0.0136720985 -0.72147787 0.6923026 -0.8082073 -0.013092207 -0.58875257 -0.8919085 -0.29804537 -0.3401002 -0.8905468 -0.29098937 -0.3496451 -0.025146978 -0.6812572 0.7316121 -0.025146974 -0.6812572 0.73161215 -0.025146935 -0.6812256 0.73164153 0.5452715 0.7264589 0.41825405 0.3569703 0.6977659 0.62104344 0.35713223 0.7010191 0.61727536 0.8121612 0.3886545 0.43513432 0.52643585 0.736003 0.42563477 0.8202504 0.37879777 0.42860425 -0.7791252 -0.01626611 -0.6266572 -0.95586145 -0.22351551 -0.19070841 -0.95622003 -0.21451092 -0.19906881 0.25406054 -0.52121305 -0.8147332 -0.6456447 -0.44455963 -0.62089425 0.9924735 0.03399697 -0.11764658 0.11111551 -0.7125612 -0.6927552 -0.95587355 -0.22348782 -0.19068031 -0.9806489 -0.19025189 -0.046174396 -0.97429293 -0.18118641 -0.13388325 0.89777476 0.30716228 0.31567684 0.89775527 0.30768487 0.31522295 -0.16476977 -0.5347462 -0.8287928 -0.19171843 -0.6902106 -0.69774884 -0.18967183 -0.6777829 -0.7103767 -0.16257203 -0.5236667 -0.83626765 0.8184974 -0.43317485 -0.37738773 0.72776055 -0.6636118 -0.17315863 0.7401561 -0.64374924 -0.19430892 0.8241341 -0.399692 -0.4013095 -0.8393568 -0.38548204 -0.38325423 -0.8388296 -0.38428798 -0.38560036 -0.83895475 -0.38456407 -0.38505244 -0.8394709 -0.38566154 -0.38282338 0.7806296 -0.44099042 -0.44288263 0.78174585 -0.4359782 -0.44586605 0.7815959 -0.4366816 -0.44544032 0.7805641 -0.44150674 -0.44248337 -0.77034086 -0.3668594 -0.52152574 -0.7775978 -0.4436701 -0.44553176 -0.777029 -0.43149954 -0.45829475 -0.6456482 -0.44459254 -0.6208671</float_array>
                    <technique_common>
                        <accessor count="95" offset="0" source="Joint_0_Object_0-geometry-NORMAL-array" stride="3">
                            <param name="X" type="float" />
                            <param name="Y" type="float" />
                            <param name="Z" type="float" />
                        </accessor>
                    </technique_common>
                </source>
                <source id="Joint_0_Object_0-geometry-TEXCOORD">
                    <float_array id="Joint_0_Object_0-geometry-TEXCOORD-array" count="42">0.0234375 0.4140625 0.9609375 0.7109375 0.9609375 0.4140625 0.0234375 0.7109375 0.0234375 0.25 0.0703125 0.125 0.0234375 0.125 0.9296875 0.125 0.9609375 0.25 0.9609375 0.125 0.359375 0.125 0.4375 0.125 0.28125 0.125 0.2109375 0.125 0.1640625 0.125 0.5546875 1 0.03125 0.8359375 0.984375 0.8359375 0.0234375 0.8359375 0.8515625 0.125 0.8125 0.125</float_array>
                    <technique_common>
                        <accessor count="21" offset="0" source="Joint_0_Object_0-geometry-TEXCOORD-array" stride="2">
                            <param name="S" type="float" />
                            <param name="T" type="float" />
                        </accessor>
                    </technique_common>
                </source>
                <vertices id="Joint_0_Object_0-vertices">
                    <input semantic="POSITION" source="#Joint_0_Object_0-geometry-POSITION" />
                </vertices>
                <triangles count="45" material="Joint_0_Object_0_Material_0">
                    <input semantic="VERTEX" source="#Joint_0_Object_0-vertices" offset="0" set="0" />
                    <input semantic="NORMAL" source="#Joint_0_Object_0-geometry-NORMAL" offset="1" set="0" />
                    <input semantic="TEXCOORD" source="#Joint_0_Object_0-geometry-TEXCOORD" offset="2" set="0" />
                    <p>0 0 0 2 2 2 1 1 1 0 0 0 1 1 1 3 3 3 4 4 4 6 6 6 5 5 5 7 7 7 9 9 9 8 8 8 10 10 10 12 12 11 11 11 8 13 13 12 10 10 10 14 14 8 15 15 13 13 13 12 16 16 8 17 17 14 19 19 13 18 18 8 20 20 4 22 21 14 21 20 8 23 22 15 25 24 17 24 23 16 26 25 17 28 27 15 27 26 18 29 28 2 31 28 0 30 29 1 32 30 6 34 32 4 33 31 5 35 33 19 37 33 20 36 34 8 38 35 9 40 37 7 39 36 8 41 38 11 43 40 10 42 39 8 43 40 10 45 42 12 44 41 8 46 43 12 48 45 13 47 44 8 49 46 13 51 48 14 50 47 8 52 49 14 54 50 4 53 50 8 55 51 18 57 53 15 56 52 15 58 54 1 60 56 0 59 55 3 61 57 17 63 59 15 62 58 15 64 60 2 66 61 1 65 57 1 66 61 1 64 60 2 67 62 2 68 63 3 70 65 0 69 64 0 70 65 0 68 63 3 71 51 3 72 66 6 74 66 5 73 66 5 75 67 5 77 69 6 76 68 6 78 70 4 80 71 6 79 71 6 81 72 6 83 64 4 82 65 4 84 73 9 86 62 8 85 60 8 86 62 8 84 73 9 87 74 9 88 75 7 90 77 9 89 76 9 90 77 9 88 75 7 91 78 7 92 79 10 94 81 11 93 80 11 94 81 11 92 79 10 95 82 10 96 83 12 98 85 10 97 84 10 98 85 10 96 83 12 99 86 12 100 87 13 102 89 12 101 88 12 102 89 12 100 87 13 103 90 13 104 91 14 106 93 13 105 92 13 106 93 13 104 91 14 107 94 14 63 59 15 61 57 17 108 61 17 57 53 15 55 51 18 109 63 18</p>
                </triangles>
            </mesh>
        </geometry>
        <geometry id="Joint_0_Object_1-geometry" name="Joint_0_Object_1">
            <mesh>
                <source id="Joint_0_Object_1-geometry-POSITION">
                    <float_array id="Joint_0_Object_1-geometry-POSITION-array" count="339">-3.1147459 11.549804 -7.2011714 -2.1674805 9.526855 -9.197265 -4.9887695 10.229492 -8.521483 -1.469238 10.665527 -8.080077 -3.0766602 8.105965 -10.712398 -2.1674805 9.526855 -9.197265 -2.5732422 7.792 -10.668454 -4.9887695 10.229492 -8.521483 -5.1123047 8.350594 -10.411616 -6.4174805 8.188972 -10.610347 -4.9887695 10.229492 -8.521483 -4.428711 7.771492 -11.064939 -5.1123047 8.350594 -10.411616 -4.9887695 10.229492 -8.521483 -4.085449 8.188972 -10.73437 -4.428711 7.771492 -11.064939 -4.9887695 10.229492 -8.521483 -3.5668945 7.7827225 -11.245603 -4.085449 8.188972 -10.73437 -4.9887695 10.229492 -8.521483 -3.0766602 8.105965 -10.712398 -3.5668945 7.7827225 -11.245603 -4.9887695 10.229492 -8.521483 -2.1674805 9.526855 -9.197265 -3.0766602 8.105965 -10.712398 -1.4707029 10.491699 -8.079589 -0.23583984 12.450685 -6.5585933 -3.1137693 11.488769 -7.0932612 -1.469238 10.665527 -8.080077 -3.1147459 11.549804 -7.2011714 -0.24951172 12.564942 -6.6948237 -3.1137693 11.488769 -7.0932612 -4.9902344 10.094238 -8.4052725 -2.1689453 9.406738 -9.065917 -3.0791016 7.9443436 -10.607907 -2.5922852 7.6645584 -10.545407 -2.1689453 9.406738 -9.065917 -4.9902344 10.094238 -8.4052725 -5.0126953 8.213875 -10.306636 -5.1123047 8.350594 -10.411616 -4.9902344 10.094238 -8.4052725 -6.416992 8.062508 -10.4848585 -5.0126953 8.213875 -10.306636 -4.9902344 10.094238 -8.4052725 -5.0126953 8.213875 -10.306636 -4.428711 7.645027 -10.93945 -4.9902344 10.094238 -8.4052725 -4.428711 7.645027 -10.93945 -4.086426 8.062508 -10.60937 -4.9902344 10.094238 -8.4052725 -4.086426 8.062508 -10.60937 -3.5668945 7.6562576 -11.120114 -4.9902344 10.094238 -8.4052725 -3.5668945 7.6562576 -11.120114 -3.0791016 7.9443436 -10.607907 -4.9902344 10.094238 -8.4052725 -3.0791016 7.9443436 -10.607907 -2.1689453 9.406738 -9.065917 -0.23583984 12.450685 -6.5585933 -1.4707029 10.491699 -8.079589 -0.24951172 12.564942 -6.6948237 -1.4707029 10.491699 -8.079589 -3.1137693 11.488769 -7.0932612 -2.1689453 9.406738 -9.065917 -0.24951172 12.564942 -6.6948237 -3.1147459 11.549804 -7.2011714 -0.23583984 12.450685 -6.5585933 -3.1147459 11.549804 -7.2011714 -4.9887695 10.229492 -8.521483 -3.1137693 11.488769 -7.0932612 -4.9902344 10.094238 -8.4052725 -2.1674805 9.526855 -9.197265 -1.469238 10.665527 -8.080077 -2.1689453 9.406738 -9.065917 -1.4707029 10.491699 -8.079589 -3.0766602 8.105965 -10.712398 -2.5732422 7.792 -10.668454 -3.0791016 7.9443436 -10.607907 -2.5922852 7.6645584 -10.545407 -3.0791016 7.9443436 -10.607907 -2.5732422 7.792 -10.668454 -2.5732422 7.792 -10.668454 -2.1674805 9.526855 -9.197265 -2.5922852 7.6645584 -10.545407 -2.1689453 9.406738 -9.065917 -2.5922852 7.6645584 -10.545407 -2.1674805 9.526855 -9.197265 -4.9887695 10.229492 -8.521483 -6.4174805 8.188972 -10.610347 -4.9902344 10.094238 -8.4052725 -6.416992 8.062508 -10.4848585 -6.4174805 8.188972 -10.610347 -5.1123047 8.350594 -10.411616 -6.416992 8.062508 -10.4848585 -5.0126953 8.213875 -10.306636 -5.1123047 8.350594 -10.411616 -4.428711 7.771492 -11.064939 -5.0126953 8.213875 -10.306636 -4.428711 7.645027 -10.93945 -4.428711 7.771492 -11.064939 -4.085449 8.188972 -10.73437 -4.428711 7.645027 -10.93945 -4.086426 8.062508 -10.60937 -4.085449 8.188972 -10.73437 -3.5668945 7.7827225 -11.245603 -4.086426 8.062508 -10.60937 -3.5668945 7.6562576 -11.120114 -3.5668945 7.7827225 -11.245603 -3.0766602 8.105965 -10.712398 -3.5668945 7.6562576 -11.120114 -3.0791016 7.9443436 -10.607907 -3.1137693 11.488769 -7.0932612 -1.469238 10.665527 -8.080077</float_array>
                    <technique_common>
                        <accessor count="113" offset="0" source="Joint_0_Object_1-geometry-POSITION-array" stride="3">
                            <param name="X" type="float" />
                            <param name="Y" type="float" />
                            <param name="Z" type="float" />
                        </accessor>
                    </technique_common>
                </source>
                <source id="Joint_0_Object_1-geometry-NORMAL">
                    <float_array id="Joint_0_Object_1-geometry-NORMAL-array" count="273">-0.0025330407 0.70177436 -0.7123948 -0.003234956 0.7016192 -0.7125448 0.00497445 0.7035337 -0.7106444 -0.0036622037 0.7014951 -0.71266484 0.3998857 0.5365176 -0.74312866 0.18234642 0.7044523 -0.68592775 0.01968421 0.70841795 -0.7055187 -0.0035706514 0.7665303 -0.64219826 0.019684214 0.708418 -0.70551866 0.006317242 0.7656986 -0.6431685 -0.06839217 0.7098625 -0.70101196 0.004211517 0.7660689 -0.64274466 0.0062867263 0.7656988 -0.64316857 -0.16351788 0.6911819 -0.7039385 0.0036011685 0.7657366 -0.64314425 0.0042420514 0.7660412 -0.64277744 -0.14547941 0.6971231 -0.7020364 0.15676957 0.77405167 -0.61340636 0.0036010982 0.7657216 -0.6431621 0.15676959 0.7740517 -0.61340624 0.015442419 0.724695 -0.6888967 0.015442421 0.7246951 -0.6888966 0.11468749 -0.626295 0.771104 0.071504645 -0.6394218 0.7655239 -0.08236902 0.6212315 -0.779286 -0.11493297 0.6260886 -0.771235 0.0026550768 -0.68714607 0.72651446 0.3160186 -0.7538668 0.5760357 -0.40228766 -0.5338505 0.74375284 -0.40228757 -0.53385043 0.7437529 0.8633765 0.35368222 -0.35984704 0.86337656 0.35368222 -0.35984695 0.0031433362 -0.70981413 0.704382 -0.012603921 -0.71088547 0.7031948 0.06836038 -0.70975775 0.7011211 -0.008056809 -0.7103114 0.70384145 0.06836039 -0.7097578 0.7011211 -0.008056807 -0.71031135 0.7038415 -0.008056731 -0.7115558 0.70258343 0.16376208 -0.6909685 0.7040913 -0.00805673 -0.7115557 0.7025835 -0.00747695 -0.7111647 0.7029857 0.14551224 -0.6969206 0.7022307 -0.007446432 -0.7111648 0.7029859 -0.17645419 -0.7765571 0.60483307 -0.0136720985 -0.72147787 0.6923026 -0.0136721 -0.7214779 0.6923025 0.8919085 -0.29804546 -0.34010023 0.808271 -0.013183805 -0.588663 0.8905594 -0.29105464 -0.34955853 0.025574146 -0.6814076 0.73145723 -0.35697025 0.69776595 0.6210434 -0.54527146 0.72645897 0.41825408 -0.35713217 0.70101917 0.6172753 -0.81214696 0.3885561 0.43524876 -0.52644265 0.7360126 0.4256098 -0.8202516 0.37882885 0.42857435 0.95493346 -0.22427554 -0.1944291 0.7791663 -0.016327366 -0.6266046 0.9200604 -0.2903189 -0.26306623 -0.25406685 -0.521226 -0.81472296 0.93464935 -0.29153997 -0.20355615 -0.27906322 -0.6449826 -0.71142197 -0.11111786 -0.71257627 -0.69273937 -0.9924735 0.03399697 -0.11764658 0.93465763 -0.29151204 -0.20355795 0.9806373 -0.19034123 -0.046051774 0.9806373 -0.1903412 -0.046051778 0.98327965 -0.13971424 -0.11679477 -0.8977841 0.30725703 0.31555805 -0.89776415 0.30771843 0.315165 0.19171852 -0.690272 -0.6976881 0.16467637 -0.5351675 -0.8285394 0.18966848 -0.677893 -0.71027255 0.16257203 -0.5236667 -0.83626765 -0.72776055 -0.6636118 -0.17315863 -0.81851107 -0.4330905 -0.37745503 -0.7400713 -0.6439382 -0.1940055 -0.82414436 -0.3997885 -0.4011924 0.8388296 -0.38428798 -0.38560036 0.83934706 -0.38541657 -0.38334137 0.83895475 -0.38453355 -0.38508296 0.8394711 -0.38560057 -0.38288447 -0.781701 -0.43601778 -0.44590583 -0.7807835 -0.44059443 -0.44300544 -0.78157383 -0.43674734 -0.4454146 -0.7806299 -0.44126529 -0.44260815 0.7775855 -0.44352788 -0.44569477 0.77035314 -0.36686525 -0.5215035 0.77704054 -0.43153647 -0.4582405 0.7682638 -0.35373574 -0.53351814</float_array>
                    <technique_common>
                        <accessor count="91" offset="0" source="Joint_0_Object_1-geometry-NORMAL-array" stride="3">
                            <param name="X" type="float" />
                            <param name="Y" type="float" />
                            <param name="Z" type="float" />
                        </accessor>
                    </technique_common>
                </source>
                <source id="Joint_0_Object_1-geometry-TEXCOORD">
                    <float_array id="Joint_0_Object_1-geometry-TEXCOORD-array" count="42">0.9609375 0.7109375 0.0234375 0.4140625 0.9609375 0.4140625 0.0234375 0.7109375 0.0703125 0.125 0.0234375 0.25 0.0234375 0.125 0.9609375 0.25 0.9296875 0.125 0.9609375 0.125 0.359375 0.125 0.4375 0.125 0.28125 0.125 0.2109375 0.125 0.1640625 0.125 0.03125 0.8359375 0.5546875 1 0.984375 0.8359375 0.0234375 0.8359375 0.890625 0.125 0.8515625 0.125</float_array>
                    <technique_common>
                        <accessor count="21" offset="0" source="Joint_0_Object_1-geometry-TEXCOORD-array" stride="2">
                            <param name="S" type="float" />
                            <param name="T" type="float" />
                        </accessor>
                    </technique_common>
                </source>
                <vertices id="Joint_0_Object_1-vertices">
                    <input semantic="POSITION" source="#Joint_0_Object_1-geometry-POSITION" />
                </vertices>
                <triangles count="45" material="Joint_0_Object_1_Material_1">
                    <input semantic="VERTEX" source="#Joint_0_Object_1-vertices" offset="0" set="0" />
                    <input semantic="NORMAL" source="#Joint_0_Object_1-geometry-NORMAL" offset="1" set="0" />
                    <input semantic="TEXCOORD" source="#Joint_0_Object_1-geometry-TEXCOORD" offset="2" set="0" />
                    <p>0 0 0 2 2 2 1 1 1 3 3 3 0 0 0 1 1 1 4 4 4 6 4 6 5 5 5 7 6 7 9 8 9 8 7 8 10 9 7 12 10 11 11 10 10 13 11 7 15 13 10 14 12 12 16 14 7 18 16 12 17 15 13 19 17 7 21 19 13 20 18 14 22 20 7 24 21 14 23 20 5 25 22 15 27 23 17 26 23 16 28 24 18 30 24 16 29 25 17 31 26 0 33 26 1 32 26 2 34 27 4 36 29 5 35 28 6 37 30 7 39 31 20 38 31 19 40 32 7 42 33 8 41 33 9 43 34 7 45 36 10 44 35 11 46 37 7 48 39 12 47 38 10 49 40 7 51 42 13 50 41 12 52 43 7 54 44 14 53 44 13 55 45 7 57 45 5 56 46 14 58 47 16 60 49 16 59 48 18 61 50 3 63 50 1 62 50 0 64 51 16 66 53 16 65 52 17 67 52 0 69 55 0 68 54 2 70 56 2 68 54 2 69 55 0 71 57 1 73 59 1 72 58 3 74 48 3 72 58 3 73 59 1 75 60 4 77 60 4 76 61 6 78 62 6 80 64 6 79 63 4 81 65 6 83 67 6 82 66 5 84 59 5 86 57 5 85 68 6 87 54 7 89 56 7 88 69 9 90 70 9 88 69 9 89 56 7 91 71 9 93 73 9 92 72 8 94 74 8 92 72 8 93 73 9 95 75 11 97 77 11 96 76 10 98 78 10 96 76 10 97 77 11 99 79 10 101 81 10 100 80 12 102 82 12 100 80 12 101 81 10 103 83 12 105 85 12 104 84 13 106 86 13 104 84 13 105 85 12 107 87 13 109 89 13 108 88 14 110 90 14 108 88 14 109 89 13 111 55 17 65 52 17 66 53 16 112 58 18 59 48 18 60 49 16</p>
                </triangles>
            </mesh>
        </geometry>
        <geometry id="Joint_0_Object_2-geometry" name="Joint_0_Object_2">
            <mesh>
                <source id="Joint_0_Object_2-geometry-POSITION">
                    <float_array id="Joint_0_Object_2-geometry-POSITION-array" count="714">-5.907297 8.151455 -10.389661 -5.907297 8.151943 -10.390149 -5.733469 7.8819237 -10.89601 -5.266108 9.679942 -8.839016 -3.867258 7.779873 -10.748549 -3.50593 8.072842 -10.4550905 -3.5054417 8.071865 -10.456067 -3.1680393 7.6128807 -10.912612 -2.9507542 7.9668846 -10.535659 -2.768137 7.6661034 -11.111831 -2.78718 7.538662 -10.988784 -2.8179417 7.9942284 -10.594741 -2.8179417 7.9942284 -10.594741 -2.81843 8.114346 -10.665051 -2.768137 7.6661034 -11.111831 -2.6411839 8.057217 -10.696301 -2.6577854 7.929287 -10.577163 -2.78718 7.538662 -10.988784 -6.4370823 8.063076 -10.715833 -5.9029026 8.269619 -10.513196 -6.436594 7.936611 -10.590346 -5.907297 8.151943 -10.390149 -5.9029026 8.269619 -10.513196 -5.733469 7.8819237 -10.89601 -5.7339573 7.755947 -10.770522 -4.8086643 7.698818 -10.827651 -4.8086643 7.824795 -10.953139 -4.7896214 8.080166 -10.697278 -5.7339573 7.755947 -10.770522 -5.733469 7.8819237 -10.89601 -5.5313206 8.080654 -10.698743 -5.532297 7.9595604 -10.568862 -5.5313206 8.080654 -10.698743 -5.3941135 7.526455 -11.250991 -5.3941135 7.4004784 -11.125014 -2.2792969 9.172851 -9.510742 -2.78718 7.538662 -10.988784 -2.768137 7.6661034 -11.111831 -2.6411839 8.057217 -10.696301 -5.907297 8.151943 -10.390149 -5.907297 8.151455 -10.389661 -6.436594 7.936611 -10.590346 -4.469797 7.9546776 -10.57228 -3.867258 7.779873 -10.748549 -5.532297 7.9595604 -10.568862 -4.999094 7.9580956 -10.568374 -4.7930393 7.9541893 -10.57228 -4.5801487 7.5479393 -10.978042 -4.469797 7.9546776 -10.57228 -5.5313206 8.080654 -10.698743 -5.532297 7.9595604 -10.568862 -5.7339573 7.755947 -10.770522 -6.2134495 8.268642 -10.256848 -6.4370823 8.063076 -10.715833 -6.436594 7.936611 -10.590346 -0.2553711 12.324219 -6.664063 -0.26904297 12.438477 -6.799805 -2.4702148 11.7802725 -7.0063486 -5.907297 8.151455 -10.389661 -6.2134495 8.268642 -10.256848 -5.3941135 7.526455 -11.250991 -5.5313206 8.080654 -10.698743 -5.3628635 8.075771 -10.699719 -6.2207737 8.384853 -10.392102 -5.2636666 9.8108015 -8.959133 -5.9029026 8.269619 -10.513196 -4.999094 7.9580956 -10.568374 -4.7930393 7.9541893 -10.57228 -3.8677464 7.901455 -10.876967 -4.490793 8.081142 -10.700208 -2.2792969 9.172851 -9.510742 -2.2836914 9.052733 -9.378906 -2.6577854 7.929287 -10.577163 -4.14802 7.5015526 -11.024917 -4.14802 7.627529 -11.150405 -3.8677464 7.901455 -10.876967 -4.469797 7.9546776 -10.57228 -4.490793 8.081142 -10.700208 -4.14802 7.627529 -11.150405 -4.14802 7.627529 -11.150405 -4.14802 7.5015526 -11.024917 -4.469797 7.9546776 -10.57228 -4.7930393 7.9541893 -10.57228 -4.7896214 8.080166 -10.697278 -4.580637 7.673916 -11.104018 -4.580637 7.673916 -11.104018 -4.5801487 7.5479393 -10.978042 -4.7930393 7.9541893 -10.57228 -4.5801487 7.5479393 -10.978042 -4.580637 7.673916 -11.104018 -4.490793 8.081142 -10.700208 -4.490793 8.081142 -10.700208 -4.469797 7.9546776 -10.57228 -4.5801487 7.5479393 -10.978042 -4.9966526 8.082607 -10.695325 -4.999094 7.9580956 -10.568374 -5.3941135 7.4004784 -11.125014 -4.8086643 7.824795 -10.953139 -4.8086643 7.698818 -10.827651 -4.999094 7.9580956 -10.568374 -4.9966526 8.082607 -10.695325 -3.8677464 7.901455 -10.876967 -3.867258 7.779873 -10.748549 -4.14802 7.5015526 -11.024917 -5.3941135 7.4004784 -11.125014 -5.3941135 7.526455 -11.250991 -4.9966526 8.082607 -10.695325 -3.6782932 7.714443 -11.063491 -3.677805 7.5884666 -10.937514 -3.867258 7.779873 -10.748549 -2.81843 8.114346 -10.665051 -2.8179417 7.9942284 -10.594741 -3.1680393 7.6128807 -10.912612 -3.867258 7.779873 -10.748549 -3.8677464 7.901455 -10.876967 -3.6782932 7.714443 -11.063491 -3.1680393 7.6128807 -10.912612 -3.1665745 7.745205 -11.031753 -2.81843 8.114346 -10.665051 -3.677805 7.5884666 -10.937514 -3.6782932 7.714443 -11.063491 -3.5010471 8.200771 -10.578137 -3.5010471 8.200771 -10.578137 -3.50593 8.072842 -10.4550905 -3.677805 7.5884666 -10.937514 -6.436594 7.936611 -10.590346 -6.2207737 8.384853 -10.392102 -5.9029026 8.269619 -10.513196 -6.4370823 8.063076 -10.715833 -5.907297 8.151455 -10.389661 -5.532297 7.9595604 -10.568862 -4.8086643 7.698818 -10.827651 -3.5010471 8.200771 -10.578137 -3.8677464 7.901455 -10.876967 -2.8179417 7.9942284 -10.594741 -2.78718 7.538662 -10.988784 -2.6577854 7.929287 -10.577163 -5.7339573 7.755947 -10.770522 -5.9029026 8.269619 -10.513196 -5.907297 8.151943 -10.390149 -6.436594 7.936611 -10.590346 -4.7896214 8.080166 -10.697278 -4.7930393 7.9541893 -10.57228 -4.8086643 7.698818 -10.827651 -3.6782932 7.714443 -11.063491 -4.14802 7.627529 -11.150405 -4.490793 8.081142 -10.700208 -4.7896214 8.080166 -10.697278 -4.580637 7.673916 -11.104018 -4.7896214 8.080166 -10.697278 -4.9966526 8.082607 -10.695325 -4.8086643 7.824795 -10.953139 -5.733469 7.8819237 -10.89601 -2.2836914 9.052733 -9.378906 -3.50593 8.072842 -10.4550905 -3.5054417 8.071865 -10.456067 -2.9507542 7.9668846 -10.535659 -3.677805 7.5884666 -10.937514 -4.14802 7.5015526 -11.024917 -5.3941135 7.4004784 -11.125014 -2.2792969 9.172851 -9.510742 -2.9341526 8.119228 -10.633313 -3.1665745 7.745205 -11.031753 -2.81843 8.114346 -10.665051 -2.6411839 8.057217 -10.696301 -2.768137 7.6661034 -11.111831 -2.4643555 11.660644 -6.8745127 -3.5791013 11.30615 -7.4389653 -3.601074 11.166502 -7.325684 -3.5054417 8.071865 -10.456067 -3.1665745 7.745205 -11.031753 -3.1680393 7.6128807 -10.912612 -3.50593 8.072842 -10.4550905 -3.5010471 8.200771 -10.578137 -5.2636666 9.8108015 -8.959133 -5.266108 9.679942 -8.839016 -4.7543945 10.255858 -8.183593 -4.9966526 8.082607 -10.695325 -2.09375 9.507323 -8.963379 -2.0961914 9.625976 -9.096191 -1.8105468 10.105956 -8.671386 -2.2836914 9.052733 -9.378906 -1.8076171 9.979003 -8.546874 -1.3852537 10.6831045 -8.066894 -1.3749998 10.553709 -7.94336 -2.09375 9.507323 -8.963379 -4.1035156 10.783201 -7.6752934 -4.7543945 10.255858 -8.183593 -1.8076171 9.979003 -8.546874 -1.3749998 10.553709 -7.94336 -2.0961914 9.625976 -9.096191 -4.753418 10.395019 -8.294921 -4.104004 10.911131 -7.7988286 -4.753418 10.395019 -8.294921 -4.1035156 10.783201 -7.6752934 -4.104004 10.911131 -7.7988286 -3.6015623 11.166502 -7.325684 -3.5791013 11.30615 -7.4389653 -1.8105468 10.105956 -8.671386 -1.3852537 10.6831045 -8.066894 -1.3749998 10.553709 -7.94336 -1.3847654 10.683593 -8.066405 -0.26904297 12.438477 -6.799805 -1.3852537 10.6831045 -8.066894 -1.3862302 10.683593 -8.065917 -1.3847654 10.683593 -8.066405 -1.3862302 10.683593 -8.065917 -1.3852537 10.6831045 -8.066894 -4.104004 10.911131 -7.7988286 -0.2553711 12.324219 -6.664063 -1.3749998 10.553709 -7.94336 -0.26904297 12.438477 -6.799805 -4.104004 10.911131 -7.7988286 -3.5791013 11.30615 -7.4389653 -1.3862302 10.683593 -8.065917 -1.3842771 10.562986 -7.934571 -1.3749998 10.553709 -7.94336 -0.2553711 12.324219 -6.664063 -0.2553711 12.324219 -6.664063 -2.4643555 11.660644 -6.8745127 -1.3842771 10.562986 -7.934571 -1.3749998 10.553709 -7.94336 -1.3852537 10.6831045 -8.066894 -1.3847654 10.683593 -8.066405 -1.3842771 10.562986 -7.934571 -3.601074 11.166502 -7.325684 -3.6015623 11.166502 -7.325684 -1.3842771 10.562986 -7.934571 -3.6015623 11.166502 -7.325684 -2.4702148 11.7802725 -7.0063486 -3.601074 11.166502 -7.325684 -3.5791013 11.30615 -7.4389653 -3.6015623 11.166502 -7.325684 -3.601074 11.166502 -7.325684 -2.4702148 11.7802725 -7.0063486 -0.26904297 12.438477 -6.799805 -1.3847654 10.683593 -8.066405 -2.4702148 11.7802725 -7.0063486</float_array>
                    <technique_common>
                        <accessor count="238" offset="0" source="Joint_0_Object_2-geometry-POSITION-array" stride="3">
                            <param name="X" type="float" />
                            <param name="Y" type="float" />
                            <param name="Z" type="float" />
                        </accessor>
                    </technique_common>
                </source>
                <source id="Joint_0_Object_2-geometry-NORMAL">
                    <float_array id="Joint_0_Object_2-geometry-NORMAL-array" count="483">-0.9536393 -0.2124386 -0.21317108 -0.95351684 -0.2130794 -0.21307942 -0.95357186 -0.21258976 -0.21332222 -0.004547193 -0.71104056 0.70313627 -0.00048829074 -0.70600724 0.70820445 -0.016846033 -0.71262985 0.701338 -0.035370722 -0.71681404 0.69636667 0.17978069 -0.76535726 0.61798644 0.1797849 -0.7653446 0.61800086 -0.9924755 0.033936005 -0.11764683 -0.9966842 -0.04312179 -0.06900097 0.97108 -0.22009514 -0.09253031 0.97197396 -0.21371888 -0.09793289 0.97116566 -0.21683523 -0.09909418 0.47679406 -0.6174852 -0.6256033 -0.95484763 -0.19772618 -0.22174387 -0.9536202 -0.21203761 -0.21365508 0.9986163 -0.03711011 -0.037262708 0.8105123 -0.41374022 -0.4145948 -0.9849668 -0.12188866 -0.12240748 -0.98495495 -0.122165635 -0.122226685 -0.98495847 -0.12179985 -0.12256283 -0.9849813 -0.12161579 -0.12256187 0.9659192 -0.22033858 -0.13583477 0.9706249 -0.22549744 -0.08389398 0.97149956 -0.2194289 -0.08966374 0.48606703 -0.6158617 -0.62004286 0.0018616475 -0.7068156 0.7073954 -0.010589847 -0.7046368 0.7094891 -0.001251245 -0.70774686 0.706465 0.0005188205 -0.7077321 0.70648074 0.002227822 -0.7062501 0.70795894 0.81803906 -0.42429373 -0.38831294 -0.9039722 0.29831287 0.30633917 -0.90397996 0.29822388 0.30640283 -0.9039802 0.2982545 0.30637237 -0.27502978 0.7141863 0.64365876 -0.2756112 0.72285753 0.6336524 -0.35269848 0.6905041 0.63151246 0.004333603 -0.70994794 0.70424086 0.027282925 -0.71750426 0.6960196 0.0043640584 0.708076 -0.70612276 0.009704961 0.70693624 -0.7072108 0.0043945755 0.70807594 -0.70612264 0.004882906 0.7104323 -0.7037487 -0.0012817595 0.7089045 -0.70530325 0.0011596909 0.707564 -0.70664835 -0.002838182 0.7071345 -0.70707333 0.97428215 -0.18124548 -0.13388178 0.9742822 -0.18124545 -0.13388178 0.80994403 -0.41391367 -0.4155312 -0.8760435 -0.4074265 -0.2579758 -0.8932352 -0.31732747 -0.3184872 -0.93954706 -0.2274554 -0.2559598 -0.93778604 -0.24512011 -0.24591361 0.9880348 -0.10882876 -0.109286554 0.975759 -0.052827016 -0.21237625 0.8937691 -0.32824725 -0.3056643 -0.8884169 -0.32038054 -0.32874262 -0.8874652 -0.32526138 -0.3265127 -0.88773316 -0.3238551 -0.3271816 -0.8886171 -0.3194101 -0.32914567 0.813438 -0.4215203 -0.40079838 0.89243245 -0.31903315 -0.3190332 -0.8179485 -0.40625805 -0.40732625 0.7998486 -0.30106086 -0.51923466 -0.8113604 -0.42719552 -0.39899665 0.8308854 -0.37738657 -0.4089118 0.968302 -0.17614919 -0.17709528 0.96955717 -0.1892116 -0.1554282 0.02731344 -0.7174736 0.69605 -0.00827052 0.7115698 -0.70256674 -0.008300856 0.7115847 -0.7025513 -0.00064088224 -0.7072288 0.70698446 0.019135144 0.714928 -0.69893616 0.027619509 -0.75747645 0.652278 -0.33344015 -0.6280613 0.70310503 -0.33390453 -0.6298438 0.7012878 -0.013305925 -0.69663835 0.71729904 0.48591945 -0.6387571 -0.5965498 0.9988866 -0.044159625 -0.016601821 0.0003051819 0.7063434 -0.70786923 0.0018921214 0.70560867 -0.70859927 -0.002929735 0.7075309 -0.7066763 -0.009246986 0.70512074 -0.709027 -0.0009155441 0.708509 -0.70570123 0.0032654947 0.7085207 -0.7056824 0.0034790963 0.70399815 -0.7101933 -0.003906337 -0.7257547 0.68794256 -0.035370827 -0.71944076 0.6936526 -0.005310157 -0.7039925 0.71018755 0.0024414258 -0.70398504 0.71021056 -0.0025635704 -0.70556164 0.7086439 0.0069276653 0.7198363 -0.6941093 -0.05209523 0.74297494 -0.6672887 -0.052064795 0.7429761 -0.6672898 -0.017853122 0.7407977 -0.67149085 0.10394698 0.70812726 -0.6983916 0.10394473 0.70814246 -0.69837654 -0.43018958 0.6464441 0.63011664 -0.5780256 0.5802534 0.57375294 -0.65090024 0.5307791 0.54277295 -0.8865828 -0.305334 -0.34747964 -0.88655674 -0.3029246 -0.34964818 -0.8864676 -0.3035358 -0.34934396 -0.8865554 -0.30335137 -0.34928143 -0.8865876 -0.3023754 -0.35004506 -0.8850315 0.31641394 0.34146953 -0.88414985 0.3247772 0.33585545 -0.8284195 0.36432758 0.42542523 0.92790014 -0.26370615 -0.26355353 0.94409835 -0.24575977 -0.2197281 0.90500987 -0.29486445 -0.30661386 0.9569312 -0.21957903 -0.18991525 0.8959896 -0.28949752 -0.33674 0.886209 -0.29199517 -0.35968384 0.8834154 -0.28440073 -0.37241572 0.00811784 -0.69972116 0.7143699 0.018707434 -0.69711894 0.7167114 -0.001312278 -0.7237366 0.6900751 0.024567002 -0.7015787 0.71216846 0.011108627 -0.69645596 0.71751356 -0.008239893 0.699628 -0.7144598 0.0010681445 0.723439 -0.69038755 -0.01904338 0.697006 -0.7168123 -0.78792423 0.4025683 0.46595505 -0.7347873 0.45603383 0.5021163 -0.72401476 0.48481277 0.49067226 -0.6509178 0.5307686 0.54276216 -0.5780459 0.5802432 0.5737428 -0.024688976 0.7014843 -0.71225715 -0.061584998 0.67963225 -0.7309633 0.8834231 -0.2843727 -0.37241897 0.8862169 -0.29196724 -0.35968703 0.8805531 -0.28818712 -0.3762638 -0.11438273 0.6249545 -0.77223605 -0.1127959 0.627946 -0.77003956 -0.11279569 0.6280974 -0.76991606 -0.01400763 0.6858551 -0.7276033 -0.014007942 0.68587035 -0.72758895 -0.0140384715 0.6859014 -0.72755903 0.88534373 -0.308146 -0.34815586 -0.019012872 0.6970064 -0.7168128 -0.013122861 0.6865698 -0.72694546 0.112215854 -0.6276397 0.77037394 0.115632296 -0.6287907 0.7689288 0.06372217 -0.6601104 0.7484609 0.06375257 -0.66010916 0.7484594 0.8908871 -0.2741144 -0.36218992 0.0075075706 -0.69649506 0.7175223 0.0075380877 -0.6964949 0.71752214 0.011902241 -0.68813264 0.72548735 0.012329307 -0.6872673 0.72629994 -0.0640274 0.6600804 -0.74846137 0.012909076 -0.68619525 0.72730285 -0.6598058 0.53400934 0.5286686 -0.65980595 0.5339484 0.5287298 -0.65980583 0.5339789 0.5286992 -0.06399701 0.6600816 -0.74846286 -0.1158164 0.628674 -0.7689965 -0.11133107 0.6311507 -0.7676289</float_array>
                    <technique_common>
                        <accessor count="161" offset="0" source="Joint_0_Object_2-geometry-NORMAL-array" stride="3">
                            <param name="X" type="float" />
                            <param name="Y" type="float" />
                            <param name="Z" type="float" />
                        </accessor>
                    </technique_common>
                </source>
                <source id="Joint_0_Object_2-geometry-TEXCOORD">
                    <float_array id="Joint_0_Object_2-geometry-TEXCOORD-array" count="80">0.9296875 0.125 0.890625 0.125 0.9609375 0.25 0.2890625 0.140625 0.1640625 0.125 0.125 0.125 0.1015625 0.15625 0.0234375 0.125 0.0703125 0.125 0.0234375 0.15625 0.9609375 0.125 0.703125 0.125 0.609375 0.125 0.8515625 0.125 0.8125 0.125 0.0234375 0.25 0.4765625 0.1484375 0.28125 0.125 0.84375 0.15625 0.7578125 0.125 0.6015625 0.1484375 0.515625 0.125 0.4375 0.125 0.9609375 0.1484375 0.5546875 1 0.984375 0.8359375 0.8984375 0.140625 0.734375 0.140625 0.46875 0.1484375 0.359375 0.125 0.2109375 0.125 0.4453125 0.125 0.9765625 0.7890625 0.9609375 0.4140625 0.0234375 0.4140625 0.0234375 0.7109375 0.0234375 0.8359375 0.9609375 0.7109375 0.9765625 0.78125 0.03125 0.8359375</float_array>
                    <technique_common>
                        <accessor count="40" offset="0" source="Joint_0_Object_2-geometry-TEXCOORD-array" stride="2">
                            <param name="S" type="float" />
                            <param name="T" type="float" />
                        </accessor>
                    </technique_common>
                </source>
                <vertices id="Joint_0_Object_2-vertices">
                    <input semantic="POSITION" source="#Joint_0_Object_2-geometry-POSITION" />
                </vertices>
                <triangles count="130" material="Joint_0_Object_2_Material_2">
                    <input semantic="VERTEX" source="#Joint_0_Object_2-vertices" offset="0" set="0" />
                    <input semantic="NORMAL" source="#Joint_0_Object_2-geometry-NORMAL" offset="1" set="0" />
                    <input semantic="TEXCOORD" source="#Joint_0_Object_2-geometry-TEXCOORD" offset="2" set="0" />
                    <p>0 0 0 2 2 1 1 1 0 3 3 2 5 5 4 4 4 3 6 6 4 8 8 6 7 7 5 9 9 7 11 9 8 10 9 7 12 10 8 14 10 7 13 10 8 15 11 9 17 13 7 16 12 9 18 14 10 20 14 10 19 14 0 21 15 0 23 15 1 22 15 0 24 16 1 2 2 1 0 0 0 25 17 11 27 17 12 26 17 11 28 18 1 30 18 13 29 18 1 31 19 13 33 21 14 32 20 13 33 21 14 31 19 13 34 22 14 16 12 9 35 23 15 15 11 9 36 24 7 38 25 9 37 24 7 39 26 0 41 26 10 40 26 0 3 3 2 43 4 17 42 27 16 3 3 2 45 29 19 44 28 18 46 30 20 48 27 22 47 31 21 49 32 13 51 32 1 50 32 13 52 33 23 54 35 10 53 34 10 55 36 24 57 38 25 56 37 24 58 39 0 59 40 23 3 3 2 60 41 14 62 43 18 61 42 13 63 35 23 52 33 23 53 34 10 64 44 2 65 45 26 61 42 13 3 3 2 67 30 12 66 29 27 64 44 2 69 47 28 68 46 17 70 48 15 72 49 9 71 48 15 73 50 29 75 50 17 74 50 29 76 51 22 78 51 29 77 51 22 79 52 29 81 52 22 80 52 29 82 53 12 84 53 21 83 53 12 85 54 21 87 54 12 86 54 21 88 55 21 90 55 22 89 55 21 91 56 22 93 56 21 92 56 22 94 57 19 96 57 14 95 57 19 97 58 11 99 60 19 98 59 11 99 60 19 97 58 11 100 61 19 101 62 17 103 62 29 102 62 17 104 63 14 106 63 19 105 63 14 107 64 30 109 64 17 108 64 30 110 65 8 112 65 5 111 65 8 113 66 17 115 66 30 114 66 17 116 67 5 118 67 8 117 67 5 119 68 30 121 68 4 120 68 30 122 69 4 124 69 30 123 69 4 59 40 23 58 39 0 125 70 10 126 71 23 128 72 10 127 45 0 3 3 2 130 28 13 129 39 26 66 29 27 67 30 12 131 73 11 64 44 2 133 46 3 132 74 4 134 75 8 136 77 9 135 76 7 129 39 26 130 28 13 137 78 1 138 79 0 140 79 10 139 79 0 141 80 12 143 80 11 142 80 12 133 46 3 144 81 30 132 74 4 69 47 28 145 82 29 68 46 17 64 44 2 147 83 20 146 47 31 147 83 20 148 84 21 146 47 31 64 44 2 150 85 27 149 83 12 150 85 27 151 86 11 149 83 12 64 44 2 126 71 23 127 45 0 65 45 26 152 87 1 61 42 13 134 75 8 153 88 15 136 77 9 154 89 4 156 89 6 155 89 4 4 4 3 5 5 4 157 90 30 42 27 16 43 4 17 158 91 29 3 3 2 48 27 22 46 30 20 44 28 18 45 29 19 159 92 14 160 93 15 64 44 2 132 74 4 161 94 6 160 93 15 132 74 4 161 94 6 132 74 4 162 95 5 163 96 8 161 94 6 162 95 5 160 93 15 161 94 6 163 96 8 164 97 9 160 93 15 163 96 8 164 97 9 163 96 8 165 98 7 57 38 25 55 36 24 166 99 25 167 100 32 57 38 25 166 99 25 167 100 32 166 99 25 168 101 32 169 102 4 171 104 5 170 103 5 172 105 4 169 102 4 170 103 5 172 105 4 170 103 5 173 106 4 52 33 23 63 35 23 174 107 2 175 108 2 52 33 23 174 107 2 175 108 2 174 107 2 176 109 33 64 44 2 61 42 13 62 43 18 177 85 19 64 44 2 62 43 18 177 85 19 62 43 18 60 41 14 5 5 4 3 3 2 153 88 15 8 8 6 5 5 4 153 88 15 8 8 6 153 88 15 134 75 8 7 7 5 8 8 6 134 75 8 178 110 34 180 112 35 179 111 34 181 113 15 178 110 34 179 111 34 181 113 15 179 111 34 35 23 15 180 112 35 178 110 34 182 114 35 183 115 36 180 112 35 182 114 35 183 115 36 182 114 35 184 116 36 185 117 34 187 119 33 186 118 37 188 120 35 185 117 34 186 118 37 188 120 35 186 118 37 189 121 36 187 119 33 185 117 34 3 3 2 64 44 2 160 93 15 190 122 34 191 123 33 64 44 2 190 122 34 191 123 33 190 122 34 192 124 37 176 109 33 174 107 2 193 125 33 194 126 37 176 109 33 193 125 33 194 126 37 193 125 33 195 127 37 196 128 38 194 126 37 195 127 37 196 128 38 195 127 37 197 129 32 198 130 35 199 131 36 192 124 37 200 132 36 202 134 24 201 133 36 203 135 36 205 137 36 204 136 39 206 138 39 208 140 37 207 139 36 209 141 24 211 141 24 210 141 36 212 142 37 214 143 39 213 143 32 215 144 39 217 144 24 216 144 36 218 145 24 220 147 39 219 146 25 221 148 36 223 148 36 222 148 36 224 149 39 226 150 38 225 150 32 189 121 36 228 152 38 227 151 39 214 143 39 229 153 25 213 143 32 220 147 39 230 154 32 219 146 25 231 155 32 233 157 32 232 156 38 234 158 25 236 131 36 235 159 24 205 137 36 237 160 25 204 136 39 189 121 36 186 118 37 228 152 38 198 130 35 192 124 37 190 122 34 3 3 2 185 117 34 153 88 15</p>
                </triangles>
            </mesh>
        </geometry>
        <geometry id="Joint_0_Object_3-geometry" name="Joint_0_Object_3">
            <mesh>
                <source id="Joint_0_Object_3-geometry-POSITION">
                    <float_array id="Joint_0_Object_3-geometry-POSITION-array" count="702">5.3431826 7.4477367 -11.166477 4.948163 8.005354 -10.609835 4.9457216 8.129866 -10.736788 6.3861513 8.110334 -10.757296 6.1698427 8.432112 -10.433565 6.159589 8.446272 -10.416964 5.8519716 8.316877 -10.554171 6.3861513 8.110334 -10.757296 6.385663 7.9838696 -10.631809 4.418866 8.001936 -10.613741 4.097089 7.548811 -11.06638 4.097089 7.6747875 -11.191868 4.7421083 8.001448 -10.613741 4.5292177 7.5951977 -11.019505 4.5292177 7.7211742 -11.145481 4.9457216 8.129866 -10.736788 5.3431826 7.5742016 -11.292454 5.3431826 7.4477367 -11.166477 2.717206 7.7133617 -11.153294 2.767499 8.161604 -10.706514 2.7670107 8.041487 -10.636202 4.7577333 7.872053 -10.9950905 4.9457216 8.129866 -10.736788 4.948163 8.005354 -10.609835 2.7670107 8.041487 -10.636202 2.736249 7.5859203 -11.030247 2.717206 7.7133617 -11.153294 3.8168154 7.9487133 -10.918919 4.097089 7.6747875 -11.191868 4.097089 7.548811 -11.06638 4.097089 7.548811 -11.06638 3.816327 7.8271313 -10.790012 3.8168154 7.9487133 -10.918919 3.4501162 8.24803 -10.6196 3.626874 7.7617016 -11.104954 3.626874 7.635725 -10.9794655 3.626874 7.635725 -10.9794655 3.454999 8.1201 -10.496553 3.4501162 8.24803 -10.6196 4.7386904 8.127424 -10.738741 4.7577333 7.872053 -10.9950905 4.7577333 7.7460766 -10.869114 3.1171083 7.660139 -10.954075 2.7670107 8.041487 -10.636202 2.767499 8.161604 -10.706514 5.4803896 8.1279125 -10.740206 5.2124395 9.858166 -9.000637 5.8519716 8.316877 -10.554171 4.7577333 7.7460766 -10.869114 5.481366 8.006819 -10.610323 5.3431826 7.4477367 -11.166477 5.3431826 7.5742016 -11.292454 2.736249 7.5859203 -11.030247 2.6068544 7.9765453 -10.618626 2.5902529 8.104475 -10.737764 5.856366 8.198713 -10.431124 5.6830263 7.8032055 -10.811985 5.682538 7.929182 -10.937473 5.4803896 8.1279125 -10.740206 5.682538 7.929182 -10.937473 5.6830263 7.8032055 -10.811985 1.3335896 10.610535 -7.976447 1.3237305 10.601072 -7.9848638 3.5503864 11.213564 -7.36805 4.9457216 8.129866 -10.736788 5.3114443 8.12303 -10.741671 1.3339844 10.7299795 -8.1083975 4.053316 10.95868 -7.840706 1.7597656 10.153319 -8.71289 2.0449219 9.672851 -9.137695 2.717206 7.7133617 -11.153294 5.8519716 8.316877 -10.554171 6.1698427 8.432112 -10.433565 6.3861513 8.110334 -10.757296 2.767499 8.161604 -10.706514 2.8832216 8.166487 -10.674776 3.1156435 7.7924633 -11.0732155 4.5292177 7.5951977 -11.019505 4.418866 8.001936 -10.613741 4.4398623 8.128401 -10.741671 5.856366 8.199202 -10.431612 2.7670107 8.041487 -10.636202 3.1171083 7.660139 -10.954075 2.8998232 8.014143 -10.57712 3.8168154 7.9487133 -10.918919 4.4398623 8.128401 -10.741671 5.481366 8.006819 -10.610323 5.214881 9.727306 -8.88052 4.948163 8.005354 -10.609835 5.6830263 7.8032055 -10.811985 5.856366 8.198713 -10.431124 5.481366 8.006819 -10.610323 6.385663 7.9838696 -10.631809 5.856366 8.198713 -10.431124 5.856366 8.199202 -10.431612 5.856366 8.199202 -10.431612 5.8519716 8.316877 -10.554171 6.385663 7.9838696 -10.631809 5.682538 7.929182 -10.937473 4.7386904 8.127424 -10.738741 4.9457216 8.129866 -10.736788 4.7577333 7.872053 -10.9950905 3.5498981 11.214052 -7.367562 3.5498981 11.214052 -7.367562 3.5503864 11.213564 -7.36805 3.5279255 11.353211 -7.480843 6.385663 7.9838696 -10.631809 6.1625185 8.315901 -10.298311 5.856366 8.198713 -10.431124 3.4501162 8.24803 -10.6196 4.097089 7.6747875 -11.191868 4.4398623 8.128401 -10.741671 4.418866 8.001936 -10.613741 4.4398623 8.128401 -10.741671 4.7386904 8.127424 -10.738741 4.4398623 8.128401 -10.741671 4.5292177 7.7211742 -11.145481 4.5292177 7.5951977 -11.019505 4.5292177 7.7211742 -11.145481 4.5292177 7.7211742 -11.145481 4.7386904 8.127424 -10.738741 4.7421083 8.001448 -10.613741 4.7577333 7.7460766 -10.869114 4.7421083 8.001448 -10.613741 4.7386904 8.127424 -10.738741 3.8168154 7.9487133 -10.918919 3.626874 7.7617016 -11.104954 4.097089 7.6747875 -11.191868 5.6830263 7.8032055 -10.811985 5.481366 8.006819 -10.610323 5.4803896 8.1279125 -10.740206 4.948163 8.005354 -10.609835 4.7421083 8.001448 -10.613741 4.5292177 7.5951977 -11.019505 4.7421083 8.001448 -10.613741 4.418866 8.001936 -10.613741 4.418866 8.001936 -10.613741 3.816327 7.8271313 -10.790012 3.816327 7.8271313 -10.790012 3.454999 8.1201 -10.496553 3.4540224 8.119123 -10.49753 2.767499 8.161604 -10.706514 3.1156435 7.7924633 -11.0732155 3.1171083 7.660139 -10.954075 5.3431826 7.4477367 -11.166477 3.626874 7.7617016 -11.104954 3.8168154 7.9487133 -10.918919 3.816327 7.8271313 -10.790012 5.682538 7.929182 -10.937473 5.8519716 8.316877 -10.554171 5.856366 8.199202 -10.431612 5.4803896 8.1279125 -10.740206 3.4540224 8.119123 -10.49753 3.454999 8.1201 -10.496553 2.8998232 8.014143 -10.57712 3.626874 7.635725 -10.9794655 3.626874 7.7617016 -11.104954 3.816327 7.8271313 -10.790012 3.626874 7.635725 -10.9794655 4.097089 7.548811 -11.06638 4.7577333 7.7460766 -10.869114 5.2124395 9.858166 -9.000637 2.2285528 9.220959 -9.551907 4.7021484 10.441894 -8.336425 1.3237305 10.601072 -7.9848638 4.0523396 10.83075 -7.716682 3.5503864 11.213564 -7.36805 1.7568359 10.025878 -8.588378 2.0429688 9.554687 -9.004883 3.454999 8.1201 -10.496553 3.1156435 7.7924633 -11.0732155 3.4501162 8.24803 -10.6196 3.4540224 8.119123 -10.49753 3.1171083 7.660139 -10.954075 2.2285528 9.220959 -9.551907 2.2329473 9.1008415 -9.420559 2.0449219 9.672851 -9.137695 2.0429688 9.554687 -9.004883 1.7597656 10.153319 -8.71289 1.7568359 10.025878 -8.588378 1.3339844 10.7299795 -8.1083975 1.3237305 10.601072 -7.9848638 2.2329473 9.1008415 -9.420559 2.6068544 7.9765453 -10.618626 2.736249 7.5859203 -11.030247 5.3431826 7.5742016 -11.292454 2.5902529 8.104475 -10.737764 2.717206 7.7133617 -11.153294 5.214881 9.727306 -8.88052 6.159589 8.446272 -10.416964 5.2124395 9.858166 -9.000637 6.1625185 8.315901 -10.298311 6.3861513 8.110334 -10.757296 6.385663 7.9838696 -10.631809 0.20458984 12.371768 -6.705596 1.3335896 10.610535 -7.976447 2.4135742 11.707519 -6.9160166 1.3237305 10.601072 -7.9848638 0.20458984 12.371768 -6.705596 0.21826172 12.485538 -6.841338 0.20458984 12.371768 -6.705596 1.3237305 10.601072 -7.9848638 1.3335896 10.610535 -7.976447 3.5498981 11.214052 -7.367562 4.703125 10.303222 -8.225097 4.7021484 10.441894 -8.336425 4.0523396 10.83075 -7.716682 4.053316 10.95868 -7.840706 3.5503864 11.213564 -7.36805 3.5279255 11.353211 -7.480843 3.5279255 11.353211 -7.480843 2.4135742 11.707519 -6.9160166 3.5498981 11.214052 -7.367562 2.4194336 11.827636 -7.0478525 0.20458984 12.371768 -6.705596 0.21826172 12.485538 -6.841338 4.703125 10.303222 -8.225097 1.3339844 10.730956 -8.107909 1.3339844 10.7299795 -8.1083975 1.3237305 10.601072 -7.9848638 2.4194336 11.827636 -7.0478525 1.3339844 10.730956 -8.107909 0.21826172 12.485538 -6.841338 1.3339844 10.730956 -8.107909 2.4194336 11.827636 -7.0478525 1.3349609 10.730956 -8.107421 1.3339844 10.730956 -8.107909 1.3349609 10.730956 -8.107421 3.5279255 11.353211 -7.480843 2.4194336 11.827636 -7.0478525 4.053316 10.95868 -7.840706 1.3339844 10.7299795 -8.1083975 1.3349609 10.730956 -8.107421 1.3339844 10.7299795 -8.1083975</float_array>
                    <technique_common>
                        <accessor count="234" offset="0" source="Joint_0_Object_3-geometry-POSITION-array" stride="3">
                            <param name="X" type="float" />
                            <param name="Y" type="float" />
                            <param name="Z" type="float" />
                        </accessor>
                    </technique_common>
                </source>
                <source id="Joint_0_Object_3-geometry-NORMAL">
                    <float_array id="Joint_0_Object_3-geometry-NORMAL-array" count="294">-0.893778 -0.32822 -0.30566734 0.9036361 0.2989231 0.30673575 0.90364456 0.2989259 0.3067081 0.90364164 0.29980996 0.30585262 -0.47682652 -0.6174267 -0.62563634 0.8932352 -0.31732747 -0.3184872 0.9377613 -0.24524368 -0.2458846 -0.8924088 -0.31885248 -0.3192798 0.99668497 -0.04315234 -0.0689705 0.8882058 -0.32083926 -0.32886562 0.88859975 -0.3194649 -0.32913926 0.8876036 -0.3239856 -0.32740375 0.99247247 0.034027454 -0.11764646 -0.8099751 -0.41394445 -0.4154399 -0.8134687 -0.4214899 -0.40076795 -0.9683124 -0.17612056 -0.17706665 -0.9695581 -0.18918128 -0.15545888 -0.9986196 -0.037140753 -0.03714076 -0.7996235 -0.30093446 -0.51965445 0.0038453103 0.7102532 -0.7039358 0.0038452272 0.7102683 -0.70392054 0.0038758283 0.7102531 -0.7039357 0.8874564 -0.32528868 -0.32650948 0.98496306 -0.12176612 -0.1225596 0.9849971 -0.12179708 -0.12225486 0.9849898 -0.121918246 -0.12219292 -0.93776464 -0.25577337 -0.23489891 -0.93797064 -0.25271946 -0.23736894 -0.93775064 -0.25580004 -0.23492591 0.953722 -0.21243663 -0.21280287 0.95362025 -0.21206814 -0.21362458 0.95357186 -0.21262027 -0.2132917 -0.81050205 -0.41370445 -0.4146506 -0.009643818 -0.6925848 0.721272 -0.011841084 -0.68843085 0.72520536 -0.010467925 -0.6932635 0.7206082 0.00384531 0.7102532 -0.70393586 0.0038758279 0.71025306 -0.7039358 -0.9377573 -0.2558019 -0.23489708 -0.97568965 -0.052765526 -0.21271013 0.9535844 -0.21311137 -0.21274517 -0.007263278 -0.7120148 0.70212686 -0.0072937943 -0.7120146 0.7021267 -0.4855493 -0.6151612 -0.6211429 -0.48597616 -0.6386904 -0.5965751 0.0038757445 0.71026826 -0.7039205 0.0038453098 0.7102836 -0.7039051 -0.008026379 -0.69774556 0.7163007 0.66008896 0.53392446 0.52840066 0.66003966 0.53393984 0.52844673 0.66005045 0.533918 0.5284553 0.87607944 -0.40735382 -0.2579684 -0.9880348 -0.10879824 -0.10931707 0.93955797 -0.22745067 -0.25592396 -0.99888676 -0.04419015 -0.01651027 -0.81809896 -0.42426264 -0.38822085 -0.007263436 -0.7119998 0.7021421 -0.8308854 -0.37738657 -0.4089118 0.8113288 -0.427256 -0.39899614 0.9548534 -0.19769685 -0.2217452 0.9849549 -0.12210459 -0.12228772 0.035553865 -0.7184017 0.6947193 0.81794846 -0.4062275 -0.40735674 -0.007263277 -0.7120148 0.702127 -0.0072634327 -0.71203 0.7021115 0.8866253 -0.30289665 -0.34949854 0.8865027 -0.30307958 -0.34965092 0.886592 -0.3022548 -0.35013834 0.88694835 -0.30280077 -0.34876114 0.8865 -0.3034754 -0.34931418 -0.93795294 -0.25275344 -0.2374027 -0.9377646 -0.2557734 -0.23489892 -0.93775725 -0.25580192 -0.23489709 0.7333458 0.47726974 0.48416686 0.7333301 0.47697422 0.48448184 0.733321 0.47730398 0.48417065 0.73335254 0.47654173 0.48487327 -0.007293953 -0.7119996 0.702142 -0.9377579 -0.25577158 -0.23492776 -0.11236801 -0.6277288 0.77027917 -0.112367995 -0.62772876 0.7702792 0.7333316 0.4772805 0.4841777 0.73333174 0.47728044 0.4841777 0.7333209 0.47727337 0.48420107 0.7333565 0.47724617 0.4841739 0.7333564 0.47724625 0.48417392 0.7333566 0.4772769 0.48414353 -0.0072937934 -0.7120146 0.7021268 -0.8910632 -0.2738681 -0.36194292 -0.8910706 -0.27383986 -0.36194593 -0.89106077 -0.27383685 -0.36197248 -0.9377506 -0.2558001 -0.23492593 0.111971535 0.63044643 -0.7681144 0.11340723 0.627341 -0.77044284 0.11343697 0.62764186 -0.7701934 0.014099522 0.6854137 -0.72801733 0.01409952 0.68541366 -0.7280174 0.11508336 0.6244592 -0.7725325</float_array>
                    <technique_common>
                        <accessor count="98" offset="0" source="Joint_0_Object_3-geometry-NORMAL-array" stride="3">
                            <param name="X" type="float" />
                            <param name="Y" type="float" />
                            <param name="Z" type="float" />
                        </accessor>
                    </technique_common>
                </source>
                <source id="Joint_0_Object_3-geometry-TEXCOORD">
                    <float_array id="Joint_0_Object_3-geometry-TEXCOORD-array" count="80">0.8125 0.125 0.7578125 0.125 0.9609375 0.125 0.9609375 0.1484375 0.9296875 0.125 0.4375 0.125 0.359375 0.125 0.609375 0.125 0.515625 0.125 0.0234375 0.125 0.0703125 0.125 0.703125 0.125 0.28125 0.125 0.1640625 0.125 0.2109375 0.125 0.125 0.125 0.8515625 0.125 0.9609375 0.25 0.8984375 0.140625 0.0234375 0.15625 0.890625 0.125 0.03125 0.8359375 0.0234375 0.8359375 0.9765625 0.78125 0.84375 0.15625 0.9609375 0.7109375 0.0234375 0.7109375 0.0234375 0.4140625 0.1015625 0.15625 0.46875 0.1484375 0.734375 0.140625 0.9765625 0.7890625 0.4453125 0.125 0.6015625 0.1484375 0.2890625 0.140625 0.4765625 0.1484375 0.0234375 0.25 0.9609375 0.4140625 0.5546875 1 0.984375 0.8359375</float_array>
                    <technique_common>
                        <accessor count="40" offset="0" source="Joint_0_Object_3-geometry-TEXCOORD-array" stride="2">
                            <param name="S" type="float" />
                            <param name="T" type="float" />
                        </accessor>
                    </technique_common>
                </source>
                <vertices id="Joint_0_Object_3-vertices">
                    <input semantic="POSITION" source="#Joint_0_Object_3-geometry-POSITION" />
                </vertices>
                <triangles count="132" material="Joint_0_Object_3_Material_3">
                    <input semantic="VERTEX" source="#Joint_0_Object_3-vertices" offset="0" set="0" />
                    <input semantic="NORMAL" source="#Joint_0_Object_3-geometry-NORMAL" offset="1" set="0" />
                    <input semantic="TEXCOORD" source="#Joint_0_Object_3-geometry-TEXCOORD" offset="2" set="0" />
                    <p>0 0 0 2 0 1 1 0 1 3 1 2 5 3 3 4 2 3 6 4 4 8 4 2 7 4 2 9 5 5 11 5 6 10 5 6 12 6 7 14 6 8 13 6 8 15 7 1 17 7 0 16 7 0 18 8 9 20 8 10 19 8 10 21 9 11 23 11 1 22 10 1 24 12 10 26 12 9 25 12 9 27 13 12 29 13 6 28 13 6 30 14 6 32 14 12 31 14 12 33 15 13 35 15 14 34 15 14 36 16 14 38 16 13 37 16 13 39 17 7 41 17 11 40 17 11 42 18 15 44 18 10 43 18 10 45 19 16 47 21 18 46 20 17 23 11 1 21 9 11 48 22 11 49 23 16 51 25 0 50 24 0 52 26 9 54 28 19 53 27 19 55 29 4 57 31 20 56 30 20 58 32 16 60 32 20 59 32 20 61 33 21 63 35 23 62 34 22 64 19 1 65 21 24 46 20 17 66 36 22 68 37 26 67 19 25 67 19 25 68 37 26 69 36 27 52 26 9 70 38 9 54 28 19 71 21 4 73 19 2 72 19 3 74 21 10 76 19 15 75 19 28 77 39 8 79 39 5 78 39 5 57 31 20 55 29 4 80 40 4 81 41 10 83 41 28 82 42 15 84 19 12 85 21 29 46 20 17 86 41 24 88 41 1 87 42 17 89 41 20 91 41 16 90 41 18 92 43 2 94 43 4 93 43 4 95 44 4 97 44 2 96 44 4 45 19 16 98 45 20 47 21 18 71 21 4 72 19 3 46 20 17 99 46 7 101 21 11 100 19 30 102 47 31 63 35 23 61 33 21 103 48 31 105 50 31 104 49 23 106 42 2 108 41 4 107 42 3 75 19 28 76 19 15 109 21 13 110 51 6 112 51 5 111 51 5 113 21 32 114 46 33 46 20 17 115 52 32 117 52 8 116 52 8 113 21 32 118 21 8 114 46 33 119 53 8 121 53 7 120 53 7 122 54 11 124 54 7 123 54 7 99 46 7 100 19 30 46 20 17 109 21 13 126 21 14 125 19 34 84 19 12 127 21 6 85 21 29 109 21 13 125 19 34 46 20 17 90 41 18 91 41 16 87 42 17 128 55 20 130 55 16 129 55 16 131 41 30 132 56 7 87 42 17 107 42 3 108 41 4 87 42 17 133 41 8 135 41 5 134 56 33 136 41 35 137 41 12 87 42 17 138 41 34 139 41 13 87 42 17 82 42 15 83 41 28 140 42 13 141 57 10 143 57 15 142 57 15 144 41 0 88 41 1 86 41 24 145 58 14 147 58 12 146 58 12 148 59 20 150 59 4 149 59 4 51 25 0 49 23 16 151 60 16 152 61 13 154 61 28 153 61 13 155 42 14 139 41 13 138 41 34 156 62 14 158 62 14 157 62 12 159 42 6 137 41 12 136 41 35 160 42 11 132 56 7 131 41 30 4 2 3 5 3 3 161 3 17 134 56 33 135 41 5 87 42 17 162 21 36 109 21 13 46 20 17 69 36 27 162 21 36 46 20 17 69 36 27 46 20 17 163 37 37 67 19 25 69 36 27 163 37 37 164 63 22 166 41 23 165 42 25 167 63 26 164 63 22 165 42 25 167 63 26 165 42 25 168 64 27 169 65 13 171 67 13 170 66 15 172 68 13 169 65 13 170 66 15 172 68 13 170 66 15 173 69 15 53 27 19 54 28 19 174 70 36 175 70 36 53 27 19 174 70 36 175 70 36 174 70 36 176 71 27 177 72 27 175 70 36 176 71 27 177 72 27 176 71 27 178 71 26 179 71 26 177 72 27 178 71 26 179 71 26 178 71 26 180 72 22 181 72 22 179 71 26 180 72 22 182 42 36 83 41 28 81 41 10 183 41 19 182 42 36 81 41 10 183 41 19 81 41 10 184 42 9 45 19 16 46 20 17 65 21 24 185 19 0 45 19 16 65 21 24 185 19 0 65 21 24 64 19 1 75 19 28 109 21 13 162 21 36 74 21 10 75 19 28 162 21 36 74 21 10 162 21 36 186 20 19 187 21 9 74 21 10 186 20 19 188 73 17 190 73 17 189 74 3 191 75 3 188 73 17 189 74 3 191 75 3 189 74 3 192 76 2 193 73 2 191 75 3 192 76 2 194 42 38 196 63 39 195 77 21 197 78 22 199 38 38 198 28 38 200 79 38 202 79 21 201 80 22 196 63 39 203 41 31 195 77 21 190 73 17 188 73 17 204 81 37 205 81 37 190 73 17 204 81 37 205 81 37 204 81 37 206 82 25 207 83 25 205 81 37 206 82 25 207 83 25 206 82 25 208 82 23 209 82 31 207 83 25 208 82 23 210 84 31 212 73 31 211 85 39 213 86 39 210 84 31 211 85 39 213 86 39 211 85 39 214 82 38 215 83 38 213 86 39 214 82 38 139 41 13 83 41 28 182 42 36 87 42 17 139 41 13 182 42 36 87 42 17 182 42 36 168 64 27 216 87 37 87 42 17 168 64 27 216 87 37 168 64 27 165 42 25 217 88 22 219 90 22 218 89 22 220 37 39 222 19 38 221 36 22 199 38 38 197 78 22 223 91 22 224 92 39 226 94 22 225 93 21 67 19 25 228 19 31 227 37 21 228 19 31 229 36 39 227 37 21 230 95 25 232 96 21 231 96 22 225 93 21 226 94 22 233 97 22</p>
                </triangles>
            </mesh>
        </geometry>
        <geometry id="Joint_1_Object_0_SINGLE-geometry" name="Joint_1_Object_0_SINGLE">
            <mesh>
                <source id="Joint_1_Object_0_SINGLE-geometry-POSITION">
                    <float_array id="Joint_1_Object_0_SINGLE-geometry-POSITION-array" count="159">-0.92578125 12.438172 -6.3052077 -0.86621094 11.118346 -6.674348 -0.77685547 12.473328 -5.888215 -0.7167969 12.867369 -7.2700496 -0.26904297 10.981627 -7.2324533 -0.26904297 11.574401 -7.6719065 0.23876953 11.574401 -7.6719065 0.29833984 12.316101 -7.763703 0.80615234 12.365906 -7.8877263 0.80615234 12.867369 -7.2700496 0.29833984 12.81024 -7.2353816 0.23876953 12.458192 -6.0669265 -0.26904297 12.458192 -6.0669265 -0.17919922 10.912292 -6.6269846 -0.6870117 11.001647 -6.634309 -0.77685547 10.971862 -7.351594 -0.77685547 11.562194 -7.820344 -0.20898438 12.316101 -7.763703 -0.7167969 12.365906 -7.8877263 -0.20898438 12.81024 -7.2353816 -0.7167969 12.867369 -7.2700496 -0.77685547 12.473328 -5.888215 0.9555664 12.517273 -7.15091 0.7163086 12.473328 -5.888215 0.86572266 12.438172 -6.3052077 0.74658203 10.971862 -6.6318674 0.86572266 11.061217 -6.63968 0.86572266 11.224792 -7.1929026 0.9555664 12.070984 -7.4731755 0.7163086 11.562194 -7.820344 0.23876953 11.098327 -7.272004 0.86572266 11.591979 -7.4634104 0.7163086 11.031432 -7.356477 0.29833984 11.058776 -6.669465 -0.92578125 11.591979 -7.4634104 -0.35839844 11.9938345 -6.957551 -0.8364258 12.070984 -7.4731755 -0.92578125 11.224792 -7.1929026 -0.86621094 11.118346 -6.674348 -0.92578125 12.438172 -6.3052077 -0.8364258 12.517273 -7.15091 0.86572266 11.061217 -6.63968 0.29833984 11.9938345 -6.957551 0.86572266 12.438172 -6.3052077 0.86572266 11.224792 -7.1929026 0.86572266 11.591979 -7.4634104 0.9555664 12.070984 -7.4731755 0.9555664 12.517273 -7.15091 -0.92578125 11.224792 -7.1929026 -0.6870117 11.001647 -6.634309 -0.92578125 11.591979 -7.4634104 -0.8364258 12.070984 -7.4731755 -0.8364258 12.517273 -7.15091</float_array>
                    <technique_common>
                        <accessor count="53" offset="0" source="Joint_1_Object_0_SINGLE-geometry-POSITION-array" stride="3">
                            <param name="X" type="float" />
                            <param name="Y" type="float" />
                            <param name="Z" type="float" />
                        </accessor>
                    </technique_common>
                </source>
                <source id="Joint_1_Object_0_SINGLE-geometry-NORMAL">
                    <float_array id="Joint_1_Object_0_SINGLE-geometry-NORMAL-array" count="156">-0.8099247 0.10888918 0.5763377 -0.8028677 -0.5292432 0.27441785 -0.4333287 0.4647318 0.7721727 -0.90608835 0.4218849 -0.03189159 0.06152375 -0.88068056 -0.4696984 0.12420759 -0.37683412 -0.9179153 -0.120485894 -0.3748856 -0.91920835 -0.109071605 0.3516293 -0.92976356 0.49457768 0.23065643 -0.8379681 -0.18851198 0.97963953 -0.069063 -0.0414741 0.97285587 -0.22766493 -0.08355931 0.44291303 0.8926623 0.08606103 0.43692744 0.89537024 0.09509551 -0.84603256 0.52458155 0.016845884 -0.84287393 0.5378474 -0.40491745 -0.82875615 -0.38627076 -0.43723762 -0.30368882 -0.8465202 0.13931614 0.34067604 -0.9298015 -0.1542404 0.8322084 -0.5325778 0.11093312 0.97065693 -0.21335159 0.12271244 0.97284913 -0.19622995 -0.43333074 0.46467298 0.7722069 0.9203298 0.3899888 0.030029679 0.51645947 0.35608622 0.7787633 0.78337336 0.10949948 0.61183006 0.52006817 -0.7430373 0.4212182 0.8615643 -0.4795962 0.16641665 0.7460614 -0.40415972 -0.529195 0.8462247 0.12521856 -0.51790357 0.43076435 -0.42948243 -0.79371715 -0.0058289384 -0.8857543 -0.46411774 0.76307225 -0.171267 -0.6232081 0.43646953 -0.8207225 -0.36865836 -0.028107168 -0.8594506 0.51044554 -0.74061483 0.27274075 0.6140864 -0.9664617 0.02902313 0.2551656 -0.7364621 -0.14209215 0.6613875 -0.7971657 0.47361168 0.37445816 -0.8654542 0.4078542 -0.29093632 -0.8116204 -0.3083821 -0.49615803 -0.75941753 -0.60478115 0.2398433 0.85508347 0.41391543 -0.31225997 0.94294715 -0.0565805 0.32809964 0.8102784 -0.37958044 -0.44650602 0.80086446 0.48237407 0.35486817 0.71549433 0.15194902 0.6818939 0.6111289 -0.2950509 0.7344838 0.6442913 -0.6788678 0.35217506 -0.7786205 -0.45167485 -0.4355916 -0.19559374 -0.81802064 0.5409116 -0.8064771 -0.0465404 -0.5894307 -0.8538373 0.23279257 -0.46558508</float_array>
                    <technique_common>
                        <accessor count="52" offset="0" source="Joint_1_Object_0_SINGLE-geometry-NORMAL-array" stride="3">
                            <param name="X" type="float" />
                            <param name="Y" type="float" />
                            <param name="Z" type="float" />
                        </accessor>
                    </technique_common>
                </source>
                <source id="Joint_1_Object_0_SINGLE-geometry-TEXCOORD">
                    <float_array id="Joint_1_Object_0_SINGLE-geometry-TEXCOORD-array" count="76">0 0.546875 0.0625 0.109375 0.15625 0.546875 0.234375 1 0.6875 0.171875 0.6875 0.578125 1.234375 0.578125 1.3125 0.828125 1.84375 0.859375 1.84375 1 1.3125 0.96875 1.234375 0.546875 0.6875 0.546875 0.78125 0 0.25 0.0625 0.15625 0.1875 0.15625 0.578125 0.765625 0.828125 0.234375 0.859375 0.765625 0.96875 2 0.828125 1.765625 0.546875 1.921875 0.546875 1.796875 0.046875 1.921875 0.078125 1.921875 0.3125 2 0.734375 1.765625 0.578125 1.234375 0.234375 1.921875 0.5625 1.765625 0.21875 1.3125 0.078125 0 0.5625 0.609375 0.5625 0.078125 0.734375 0 0.3125 0.078125 0.828125 1.3125 0.5625</float_array>
                    <technique_common>
                        <accessor count="38" offset="0" source="Joint_1_Object_0_SINGLE-geometry-TEXCOORD-array" stride="2">
                            <param name="S" type="float" />
                            <param name="T" type="float" />
                        </accessor>
                    </technique_common>
                </source>
                <vertices id="Joint_1_Object_0_SINGLE-vertices">
                    <input semantic="POSITION" source="#Joint_1_Object_0_SINGLE-geometry-POSITION" />
                </vertices>
                <triangles count="72" material="Joint_1_Object_0_Material_0">
                    <input semantic="VERTEX" source="#Joint_1_Object_0_SINGLE-vertices" offset="0" set="0" />
                    <input semantic="NORMAL" source="#Joint_1_Object_0_SINGLE-geometry-NORMAL" offset="1" set="0" />
                    <input semantic="TEXCOORD" source="#Joint_1_Object_0_SINGLE-geometry-TEXCOORD" offset="2" set="0" />
                    <p>0 0 0 2 2 2 1 1 1 0 0 0 3 3 3 2 2 2 4 4 4 6 6 6 5 5 5 6 6 6 8 8 8 7 7 7 7 7 7 8 8 8 9 9 9 10 10 10 7 7 7 9 9 9 10 10 10 9 9 9 11 11 11 12 12 12 10 10 10 11 11 11 12 12 12 11 11 11 13 13 13 14 14 14 12 12 12 13 13 13 14 14 14 13 13 13 4 4 4 15 15 15 14 14 14 4 4 4 15 15 15 4 4 4 5 5 5 16 16 16 15 15 15 5 5 5 16 16 16 5 5 5 17 17 17 18 18 18 16 16 16 17 17 17 18 18 18 17 17 17 19 19 19 20 20 3 18 18 18 19 19 19 20 20 3 19 19 19 21 21 2 9 9 9 8 8 8 22 22 20 23 23 21 9 9 9 22 22 20 23 23 21 22 22 20 24 24 22 25 25 23 23 23 21 24 24 22 25 25 23 24 24 22 26 26 24 27 27 25 25 25 23 26 26 24 28 28 26 22 22 20 8 8 8 29 29 27 28 28 26 8 8 8 29 29 27 8 8 8 6 6 6 30 30 28 29 29 27 6 6 6 30 30 28 6 6 6 4 4 4 13 13 13 30 30 28 4 4 4 31 31 29 28 28 26 29 29 27 32 32 30 31 31 29 29 29 27 32 32 30 29 29 27 30 30 28 33 33 31 32 32 30 30 30 28 33 33 31 30 30 28 13 13 13 11 11 11 33 33 31 13 13 13 27 27 25 31 31 29 32 32 30 25 25 23 27 27 25 32 32 30 25 25 23 32 32 30 33 33 31 23 23 21 25 25 23 33 33 31 23 23 21 33 33 31 11 11 11 9 9 9 23 23 21 11 11 11 5 5 5 6 6 6 7 7 7 17 17 17 5 5 5 7 7 7 17 17 17 7 7 7 10 10 10 19 19 19 17 17 17 10 10 10 19 19 19 10 10 10 12 12 12 21 21 2 19 19 19 12 12 12 21 21 2 12 12 12 14 14 14 34 34 32 36 36 34 35 35 33 37 37 35 34 34 32 35 35 33 37 37 35 35 35 33 38 38 1 39 39 0 38 38 1 35 35 33 40 40 36 39 39 0 35 35 33 40 40 36 35 35 33 36 36 34 41 41 24 43 43 22 42 42 37 44 44 25 41 41 24 42 42 37 44 44 25 42 42 37 45 45 29 46 46 26 45 45 29 42 42 37 47 47 20 46 46 26 42 42 37 47 47 20 42 42 37 43 43 22 15 15 15 48 48 35 1 1 1 49 49 14 15 15 15 1 1 1 49 49 14 1 1 1 2 2 2 48 48 35 15 15 15 16 16 16 50 50 32 48 48 35 16 16 16 50 50 32 16 16 16 18 18 18 51 51 34 50 50 32 18 18 18 51 51 34 18 18 18 3 3 3 52 3 36 51 51 34 3 3 3 52 3 36 3 3 3 0 0 0</p>
                </triangles>
            </mesh>
        </geometry>
        <geometry id="Joint_1_Object_1_SINGLE-geometry" name="Joint_1_Object_1_SINGLE">
            <mesh>
                <source id="Joint_1_Object_1_SINGLE-geometry-POSITION">
                    <float_array id="Joint_1_Object_1_SINGLE-geometry-POSITION-array" count="114">0.8300781 10.809264 -6.77884 0.86865234 11.8703 -8.110869 0.3100586 11.985045 -7.0210276 0.017578125 11.871276 -7.8511057 -0.8457031 11.8703 -8.112334 0.015625 12.814146 -7.2417293 0.017578125 11.871276 -7.8511057 0.8828125 12.978697 -7.298858 0.86865234 11.8703 -8.110869 -0.8457031 11.8703 -8.112334 -0.8461914 10.817565 -6.77884 -0.3725586 11.985045 -7.3388987 0.013671875 12.491395 -5.947297 -0.8461914 10.817565 -6.77884 0.01953125 10.996764 -6.77884 0.8227539 12.487976 -5.877473 0.01953125 10.996764 -6.77884 0.8300781 10.809264 -6.77884 0.86865234 11.8703 -8.110869 0.8300781 10.809264 -6.77884 0.01953125 10.996764 -6.77884 0.017578125 11.871276 -7.8511057 0.017578125 11.871276 -7.8511057 0.01953125 10.996764 -6.77884 -0.8461914 10.817565 -6.77884 -0.8457031 11.8703 -8.112334 -0.8852539 12.487976 -5.8286448 -0.8076172 12.97772 -7.29837 0.013671875 12.491395 -5.947297 0.015625 12.814146 -7.2417293 -0.8852539 12.487976 -5.8286448 -0.8461914 10.817565 -6.77884 -0.8076172 12.97772 -7.29837 -0.8457031 11.8703 -8.112334 0.8828125 12.978697 -7.298858 0.86865234 11.8703 -8.110869 0.8227539 12.487976 -5.877473 0.8300781 10.809264 -6.77884</float_array>
                    <technique_common>
                        <accessor count="38" offset="0" source="Joint_1_Object_1_SINGLE-geometry-POSITION-array" stride="3">
                            <param name="X" type="float" />
                            <param name="Y" type="float" />
                            <param name="Z" type="float" />
                        </accessor>
                    </technique_common>
                </source>
                <source id="Joint_1_Object_1_SINGLE-geometry-NORMAL">
                    <float_array id="Joint_1_Object_1_SINGLE-geometry-NORMAL-array" count="42">0.9268797 -0.3625301 0.09729318 0.5754506 -0.47882995 -0.6630071 0.99704826 -0.049469408 0.0587163 0.00082398544 -0.15216257 -0.9883551 -0.56204337 0.28540096 -0.7763076 0.059144028 0.9379423 -0.34171078 0.42798275 0.85477513 -0.29358187 -0.5091346 -0.8268592 0.23892666 -0.9937719 -0.016724108 0.11017154 -0.0062561645 0.38302973 0.9237149 -0.07739493 -0.97717184 0.19785139 0.70647216 -0.129673 0.69576 -0.708665 0.5721871 0.41279024 -0.8658393 0.49330032 -0.08352899</float_array>
                    <technique_common>
                        <accessor count="14" offset="0" source="Joint_1_Object_1_SINGLE-geometry-NORMAL-array" stride="3">
                            <param name="X" type="float" />
                            <param name="Y" type="float" />
                            <param name="Z" type="float" />
                        </accessor>
                    </technique_common>
                </source>
                <source id="Joint_1_Object_1_SINGLE-geometry-TEXCOORD">
                    <float_array id="Joint_1_Object_1_SINGLE-geometry-TEXCOORD-array" count="76">1.921875 0.3125 1.921875 0.5625 1.3125 0.5625 0.765625 0.828125 0.234375 0.859375 0.765625 0.96875 1.3125 0.828125 1.84375 1 1.84375 0.859375 0 0.5625 0 0.3125 0.609375 0.5625 0.6875 0.546875 0.25 0.0625 0.78125 0 1.765625 0.546875 1.3125 0.078125 1.796875 0.046875 1.765625 0.578125 1.765625 0.21875 1.234375 0.234375 1.234375 0.578125 0.6875 0.578125 0.6875 0.171875 0.15625 0.1875 0.15625 0.578125 0.15625 0.546875 0.234375 1 1.234375 0.546875 1.3125 0.96875 0 0.546875 0.0625 0.109375 0.078125 0.828125 0.078125 0.734375 2 0.828125 2 0.734375 1.921875 0.546875 1.921875 0.078125</float_array>
                    <technique_common>
                        <accessor count="38" offset="0" source="Joint_1_Object_1_SINGLE-geometry-TEXCOORD-array" stride="2">
                            <param name="S" type="float" />
                            <param name="T" type="float" />
                        </accessor>
                    </technique_common>
                </source>
                <vertices id="Joint_1_Object_1_SINGLE-vertices">
                    <input semantic="POSITION" source="#Joint_1_Object_1_SINGLE-geometry-POSITION" />
                </vertices>
                <triangles count="24" material="Joint_1_Object_1_Material_1">
                    <input semantic="VERTEX" source="#Joint_1_Object_1_SINGLE-vertices" offset="0" set="0" />
                    <input semantic="NORMAL" source="#Joint_1_Object_1_SINGLE-geometry-NORMAL" offset="1" set="0" />
                    <input semantic="TEXCOORD" source="#Joint_1_Object_1_SINGLE-geometry-TEXCOORD" offset="2" set="0" />
                    <p>0 0 0 2 2 2 1 1 1 3 3 3 5 5 5 4 4 4 6 3 6 8 1 8 7 6 7 9 4 9 11 8 11 10 7 10 12 9 12 14 10 14 13 7 13 15 11 15 17 0 17 16 10 16 18 1 18 20 10 20 19 0 19 21 3 21 20 10 20 18 1 18 22 3 22 24 7 24 23 10 23 25 4 25 24 7 24 22 3 22 12 9 12 13 7 13 26 12 26 5 5 5 12 9 12 26 12 26 5 5 5 26 12 26 27 13 27 4 4 4 5 5 5 27 13 27 15 11 15 16 10 16 28 9 28 7 6 7 15 11 15 28 9 28 7 6 7 28 9 28 29 5 29 6 3 6 7 6 7 29 5 29 30 12 30 31 7 31 11 8 11 32 13 32 30 12 30 11 8 11 32 13 32 11 8 11 33 4 33 34 6 34 35 1 35 2 2 2 36 11 36 34 6 34 2 2 2 36 11 36 2 2 2 37 0 37</p>
                </triangles>
            </mesh>
        </geometry>
    </library_geometries>
    <library_controllers>
        <controller id="Joint_0_Object_0-controller" name="Joint_0_Object_0">
            <skin source="#Joint_0_Object_0-geometry">
                <bind_shape_matrix>1 0 0 0 0 1 0 0 0 0 1 0 0 0 0 1</bind_shape_matrix>
                <source id="Joint_0_Object_0-joints">
                    <Name_array id="Joint_0_Object_0-joints-array" count="4">JOBJ_3 JOBJ_4 JOBJ_5 JOBJ_1</Name_array>
                    <technique_common>
                        <accessor count="4" offset="0" source="#Joint_0_Object_0-joints-array" stride="1">
                            <param name="JOINT" type="Name" />
                        </accessor>
                    </technique_common>
                </source>
                <source id="Joint_0_Object_0-matrices">
                    <float_array id="Joint_0_Object_0-matrices-array" count="64">1.000001 1E-06 1E-06 -2.2539988 1E-06 1.0596046E-06 -0.9999991 -7.6619983 1E-06 1.0000011 1.0596046E-06 -10.965998 1E-06 1E-06 1E-06 1.000001 1.000001 1E-06 1E-06 -3.4756222 1E-06 1.0596046E-06 -0.9999991 -9.04361 1E-06 1.0000011 1.0596046E-06 -9.625249 1E-06 1E-06 1E-06 1.000001 1.000001 1E-06 1E-06 -4.377849 1E-06 1.0596046E-06 -0.9999991 -10.519997 1E-06 1.0000011 1.0596046E-06 -8.248998 1E-06 1E-06 1E-06 1.000001 1.000001 1E-06 1E-06 1E-06 1E-06 1.0596046E-06 -0.9999991 0.07565001 1E-06 1.0000011 1.0596046E-06 -8.697446 1E-06 1E-06 1E-06 1.000001</float_array>
                    <technique_common>
                        <accessor count="4" offset="0" source="#Joint_0_Object_0-matrices-array" stride="16">
                            <param name="TRANSFORM" type="float4x4" />
                        </accessor>
                    </technique_common>
                </source>
                <source id="Joint_0_Object_0-weights">
                    <float_array id="Joint_0_Object_0-weights-array" count="13">0.301553 0.698447 1 0.749913 0.250087 0.999824 0.000176 0.999653 0.000347 0.749885 0.250115 0.301681 0.698319</float_array>
                    <technique_common>
                        <accessor count="13" offset="0" source="#Joint_0_Object_0-weights-array" stride="1">
                            <param name="WEIGHT" type="float" />
                        </accessor>
                    </technique_common>
                </source>
                <joints>
                    <input semantic="JOINT" source="#Joint_0_Object_0-joints" />
                    <input semantic="INV_BIND_MATRIX" source="#Joint_0_Object_0-matrices" />
                </joints>
                <vertex_weights count="110">
                    <input semantic="JOINT" source="#Joint_0_Object_0-joints" offset="0" set="0" />
                    <input semantic="WEIGHT" source="#Joint_0_Object_0-weights" offset="1" set="0" />
                    <vcount>2 1 2 2 2 1 1 1 2 1 1 2 1 1 2 1 2 1 2 1 2 2 1 1 2 1 1 2 1 2 1 2 1 1 2 1 2 1 1 2 1 1 2 1 2 1 1 2 1 1 2 1 1 2 2 2 1 1 1 2 2 1 1 1 2 1 1 2 2 2 2 2 1 1 1 1 1 1 2 1 1 1 2 2 1 2 2 1 1 1 1 1 1 1 1 1 1 1 1 1 1 1 1 1 1 1 1 1 1 2</vcount>
                    <v>0 0 1 1 0 2 0 3 1 4 0 5 1 6 0 0 1 1 2 2 2 2 2 2 0 3 1 4 2 2 2 2 0 3 1 4 2 2 2 2 0 3 1 4 2 2 0 3 1 4 2 2 0 3 1 4 2 2 0 0 1 1 0 3 1 4 2 2 3 2 0 7 1 8 0 2 0 2 0 5 1 6 3 2 0 9 1 10 0 2 0 11 1 12 2 2 2 2 0 11 1 12 2 2 0 9 1 10 2 2 2 2 0 9 1 10 2 2 2 2 0 9 1 10 2 2 0 9 1 10 2 2 2 2 0 9 1 10 2 2 2 2 0 9 1 10 2 2 2 2 0 9 1 10 0 11 1 12 0 7 1 8 3 2 3 2 0 2 0 7 1 8 0 11 1 12 0 2 3 2 3 2 0 3 1 4 0 2 0 2 0 9 1 10 0 5 1 6 0 0 1 1 0 11 1 12 0 7 1 8 2 2 2 2 2 2 2 2 2 2 2 2 0 0 1 1 2 2 2 2 2 2 0 11 1 12 0 0 1 1 2 2 0 3 1 4 0 9 1 10 2 2 2 2 2 2 2 2 2 2 2 2 2 2 2 2 2 2 2 2 2 2 2 2 2 2 2 2 2 2 2 2 2 2 2 2 2 2 2 2 2 2 0 2 0 5 1 6</v>
                </vertex_weights>
            </skin>
        </controller>
        <controller id="Joint_0_Object_1-controller" name="Joint_0_Object_1">
            <skin source="#Joint_0_Object_1-geometry">
                <bind_shape_matrix>1 0 0 0 0 1 0 0 0 0 1 0 0 0 0 1</bind_shape_matrix>
                <source id="Joint_0_Object_1-joints">
                    <Name_array id="Joint_0_Object_1-joints-array" count="4">JOBJ_1 JOBJ_7 JOBJ_8 JOBJ_9</Name_array>
                    <technique_common>
                        <accessor count="4" offset="0" source="#Joint_0_Object_1-joints-array" stride="1">
                            <param name="JOINT" type="Name" />
                        </accessor>
                    </technique_common>
                </source>
                <source id="Joint_0_Object_1-matrices">
                    <float_array id="Joint_0_Object_1-matrices-array" count="64">1.000001 1E-06 1E-06 1E-06 1E-06 1.0596046E-06 -0.9999991 0.07565001 1E-06 1.0000011 1.0596046E-06 -8.697446 1E-06 1E-06 1E-06 1.000001 1.000001 1E-06 1E-06 2.414001 1E-06 1.0596046E-06 -0.9999991 -7.6619983 1E-06 1.0000011 1.0596046E-06 -10.965998 1E-06 1E-06 1E-06 1.000001 1.000001 1E-06 1E-06 3.5976517 1E-06 1.0596046E-06 -0.9999991 -9.04361 1E-06 1.0000011 1.0596046E-06 -9.625249 1E-06 1E-06 1E-06 1.000001 1.000001 1E-06 1E-06 4.3780007 1E-06 1.0596046E-06 -0.9999991 -10.520038 1E-06 1.0000011 1.0596046E-06 -8.248615 1E-06 1E-06 1E-06 1.000001</float_array>
                    <technique_common>
                        <accessor count="4" offset="0" source="#Joint_0_Object_1-matrices-array" stride="16">
                            <param name="TRANSFORM" type="float4x4" />
                        </accessor>
                    </technique_common>
                </source>
                <source id="Joint_0_Object_1-weights">
                    <float_array id="Joint_0_Object_1-weights-array" count="22">0.303743 0.558877 0.13738 0.381052 0.618948 0.03881096 0.6383564 0.3228327 0.003993 0.995723 0.000284 1 0.000406 0.998849 0.000745 0.998224 0.001776 0.036896 0.638931 0.324173 0.381735 0.618265</float_array>
                    <technique_common>
                        <accessor count="22" offset="0" source="#Joint_0_Object_1-weights-array" stride="1">
                            <param name="WEIGHT" type="float" />
                        </accessor>
                    </technique_common>
                </source>
                <joints>
                    <input semantic="JOINT" source="#Joint_0_Object_1-joints" />
                    <input semantic="INV_BIND_MATRIX" source="#Joint_0_Object_1-matrices" />
                </joints>
                <vertex_weights count="113">
                    <input semantic="JOINT" source="#Joint_0_Object_1-joints" offset="0" set="0" />
                    <input semantic="WEIGHT" source="#Joint_0_Object_1-weights" offset="1" set="0" />
                    <vcount>3 2 3 3 1 2 1 3 1 1 3 1 1 3 1 1 3 1 1 3 1 1 3 2 1 3 2 3 3 3 2 3 3 2 1 1 2 3 1 1 3 1 1 3 1 1 3 1 1 3 1 1 3 1 1 3 1 2 2 3 2 3 3 2 2 3 2 3 3 3 3 2 3 2 3 1 1 1 1 1 1 1 2 1 2 1 2 3 1 3 1 1 1 1 1 1 1 1 1 1 1 1 1 1 1 1 1 1 1 1 1 3 3</vcount>
                    <v>0 0 1 1 2 2 1 3 2 4 0 5 1 6 2 7 0 8 1 9 2 10 3 11 1 3 2 4 3 11 0 5 1 6 2 7 3 11 3 11 0 5 1 6 2 7 3 11 3 11 0 5 1 6 2 7 3 11 3 11 0 5 1 6 2 7 3 11 3 11 0 5 1 6 2 7 3 11 3 11 0 5 1 6 2 7 1 3 2 4 3 11 0 12 1 13 2 14 0 15 1 16 0 0 1 1 2 2 0 8 1 9 2 10 0 0 1 1 2 2 0 15 1 16 0 0 1 1 2 2 0 17 1 18 2 19 1 20 2 21 3 11 3 11 1 20 2 21 0 17 1 18 2 19 3 11 3 11 0 17 1 18 2 19 3 11 3 11 0 17 1 18 2 19 3 11 3 11 0 17 1 18 2 19 3 11 3 11 0 17 1 18 2 19 3 11 3 11 0 17 1 18 2 19 3 11 3 11 0 17 1 18 2 19 3 11 1 20 2 21 0 15 1 16 0 12 1 13 2 14 0 15 1 16 0 12 1 13 2 14 0 0 1 1 2 2 1 20 2 21 0 15 1 16 0 0 1 1 2 2 0 15 1 16 0 0 1 1 2 2 0 5 1 6 2 7 0 0 1 1 2 2 0 17 1 18 2 19 1 3 2 4 0 8 1 9 2 10 1 20 2 21 0 12 1 13 2 14 3 11 3 11 3 11 3 11 3 11 3 11 3 11 1 3 2 4 3 11 1 20 2 21 3 11 1 3 2 4 0 5 1 6 2 7 3 11 0 17 1 18 2 19 3 11 3 11 3 11 3 11 3 11 3 11 3 11 3 11 3 11 3 11 3 11 3 11 3 11 3 11 3 11 3 11 3 11 3 11 3 11 3 11 3 11 0 0 1 1 2 2 0 8 1 9 2 10</v>
                </vertex_weights>
            </skin>
        </controller>
        <controller id="Joint_0_Object_2-controller" name="Joint_0_Object_2">
            <skin source="#Joint_0_Object_2-geometry">
                <bind_shape_matrix>1 0 0 0 0 1 0 0 0 0 1 0 0 0 0 1</bind_shape_matrix>
                <source id="Joint_0_Object_2-joints">
                    <Name_array id="Joint_0_Object_2-joints-array" count="4">JOBJ_9 JOBJ_8 JOBJ_7 JOBJ_1</Name_array>
                    <technique_common>
                        <accessor count="4" offset="0" source="#Joint_0_Object_2-joints-array" stride="1">
                            <param name="JOINT" type="Name" />
                        </accessor>
                    </technique_common>
                </source>
                <source id="Joint_0_Object_2-matrices">
                    <float_array id="Joint_0_Object_2-matrices-array" count="64">1.000001 1E-06 1E-06 4.3780007 1E-06 1.0596046E-06 -0.9999991 -10.520038 1E-06 1.0000011 1.0596046E-06 -8.248615 1E-06 1E-06 1E-06 1.000001 1.000001 1E-06 1E-06 3.5976517 1E-06 1.0596046E-06 -0.9999991 -9.04361 1E-06 1.0000011 1.0596046E-06 -9.625249 1E-06 1E-06 1E-06 1.000001 1.000001 1E-06 1E-06 2.414001 1E-06 1.0596046E-06 -0.9999991 -7.6619983 1E-06 1.0000011 1.0596046E-06 -10.965998 1E-06 1E-06 1E-06 1.000001 1.000001 1E-06 1E-06 1E-06 1E-06 1.0596046E-06 -0.9999991 0.07565001 1E-06 1.0000011 1.0596046E-06 -8.697446 1E-06 1E-06 1E-06 1.000001</float_array>
                    <technique_common>
                        <accessor count="4" offset="0" source="#Joint_0_Object_2-matrices-array" stride="16">
                            <param name="TRANSFORM" type="float4x4" />
                        </accessor>
                    </technique_common>
                </source>
                <source id="Joint_0_Object_2-weights">
                    <float_array id="Joint_0_Object_2-weights-array" count="55">1 0.029307 0.970693 0.998224 0.001776 0.500401 0.498851 0.000747 0.026678 0.973322 0.500406 0.498849 0.000745 0.303743 0.558877 0.13738 0.298499 0.56045 0.141051 0.036896 0.638931 0.324173 0.381735 0.618265 0.381052 0.618948 0.746003 0.253997 0.745955 0.254045 0.003902 0.995819 0.000279 0.000406 0.998849 0.234397 0.545043 0.22056 0.038811 0.638357 0.322833 0.187716 0.593685 0.218599 0.298481 0.560456 0.141063 0.003929 0.9958 0.00027 0.003993 0.995723 0.000284 0.004484 0.994771</float_array>
                    <technique_common>
                        <accessor count="55" offset="0" source="#Joint_0_Object_2-weights-array" stride="1">
                            <param name="WEIGHT" type="float" />
                        </accessor>
                    </technique_common>
                </source>
                <joints>
                    <input semantic="JOINT" source="#Joint_0_Object_2-joints" />
                    <input semantic="INV_BIND_MATRIX" source="#Joint_0_Object_2-matrices" />
                </joints>
                <vertex_weights count="238">
                    <input semantic="JOINT" source="#Joint_0_Object_2-joints" offset="0" set="0" />
                    <input semantic="WEIGHT" source="#Joint_0_Object_2-weights" offset="1" set="0" />
                    <vcount>1 1 1 1 1 1 1 1 1 1 1 1 1 1 1 1 1 1 1 1 1 1 1 1 1 1 1 1 1 1 1 1 1 1 1 2 1 1 1 1 1 1 1 1 1 1 1 1 1 1 1 1 1 1 1 2 2 3 1 1 1 1 1 1 1 1 1 1 1 1 2 2 1 1 1 1 1 1 1 1 1 1 1 1 1 1 1 1 1 1 1 1 1 1 1 1 1 1 1 1 1 1 1 1 1 1 1 1 1 1 1 1 1 1 1 1 1 1 1 1 1 1 1 1 1 1 1 1 1 1 1 1 1 1 1 1 1 1 1 1 1 1 1 1 1 1 1 1 1 1 1 1 1 2 1 1 1 1 1 1 2 1 1 1 1 1 3 3 3 1 1 1 1 1 1 1 3 1 2 2 2 2 2 3 3 2 3 3 2 3 2 3 3 3 3 3 3 3 2 3 3 3 2 3 3 3 3 3 3 2 3 2 3 3 3 3 3 2 2 3 3 3 3 3 3 3 3 3 3 3 3 3 3 3 3 2 3 3</vcount>
                    <v>0 0 0 0 0 0 1 0 0 0 0 0 0 0 0 0 0 0 0 0 0 0 0 0 0 0 0 0 0 0 0 0 0 0 0 0 0 0 0 0 0 0 0 0 0 0 0 0 0 0 0 0 0 0 0 0 0 0 0 0 0 0 0 0 0 0 0 0 0 0 2 1 1 2 0 0 0 0 0 0 0 0 0 0 0 0 0 0 0 0 0 0 0 0 0 0 0 0 0 0 0 0 0 0 0 0 0 0 0 0 0 0 3 3 2 4 3 3 2 4 3 5 2 6 1 7 0 0 0 0 0 0 0 0 0 0 0 0 1 0 0 0 0 0 0 0 0 0 0 0 2 1 1 2 2 8 1 9 0 0 0 0 0 0 0 0 0 0 0 0 0 0 0 0 0 0 0 0 0 0 0 0 0 0 0 0 0 0 0 0 0 0 0 0 0 0 0 0 0 0 0 0 0 0 0 0 0 0 0 0 0 0 0 0 0 0 0 0 0 0 0 0 0 0 0 0 0 0 0 0 0 0 0 0 0 0 0 0 0 0 0 0 0 0 0 0 0 0 0 0 0 0 0 0 0 0 0 0 0 0 0 0 0 0 0 0 0 0 0 0 0 0 0 0 0 0 0 0 0 0 0 0 0 0 0 0 0 0 0 0 0 0 0 0 0 0 0 0 0 0 0 0 0 0 0 0 0 0 0 0 0 0 0 0 0 0 0 0 0 0 2 8 1 9 0 0 0 0 0 0 0 0 0 0 0 0 2 1 1 2 0 0 0 0 0 0 0 0 0 0 3 10 2 11 1 12 3 13 2 14 1 15 3 16 2 17 1 18 0 0 0 0 0 0 0 0 0 0 1 0 1 0 3 19 2 20 1 21 0 0 2 22 1 23 2 24 1 25 2 26 1 27 2 8 1 9 2 28 1 29 3 30 2 31 1 32 3 33 2 34 1 12 2 22 1 23 3 35 2 36 1 37 3 19 2 20 1 21 2 28 1 29 3 33 2 34 1 12 2 24 1 25 3 38 2 39 1 40 3 41 2 42 1 43 3 38 2 39 1 40 3 35 2 36 1 37 3 41 2 42 1 43 3 44 2 45 1 46 3 13 2 14 1 15 2 26 1 27 3 30 2 31 1 32 3 33 2 34 1 12 3 47 2 48 1 49 3 3 2 4 3 30 2 31 1 32 3 50 2 51 1 52 3 47 2 48 1 49 3 50 2 51 1 52 3 30 2 31 1 32 3 41 2 42 1 43 3 3 2 4 3 33 2 34 1 12 3 3 2 4 3 41 2 42 1 43 3 13 2 14 1 15 3 50 2 51 1 52 3 53 2 54 1 12 3 33 2 34 1 12 3 3 2 4 3 3 2 4 3 10 2 11 1 12 3 53 2 54 1 12 3 33 2 34 1 12 3 30 2 31 1 32 3 47 2 48 1 49 3 53 2 54 1 12 3 16 2 17 1 18 3 44 2 45 1 46 3 53 2 54 1 12 3 44 2 45 1 46 3 5 2 6 1 7 3 16 2 17 1 18 3 13 2 14 1 15 3 44 2 45 1 46 3 16 2 17 1 18 3 5 2 6 1 7 3 3 2 4 3 47 2 48 1 49 3 5 2 6 1 7</v>
                </vertex_weights>
            </skin>
        </controller>
        <controller id="Joint_0_Object_3-controller" name="Joint_0_Object_3">
            <skin source="#Joint_0_Object_3-geometry">
                <bind_shape_matrix>1 0 0 0 0 1 0 0 0 0 1 0 0 0 0 1</bind_shape_matrix>
                <source id="Joint_0_Object_3-joints">
                    <Name_array id="Joint_0_Object_3-joints-array" count="4">JOBJ_5 JOBJ_4 JOBJ_3 JOBJ_1</Name_array>
                    <technique_common>
                        <accessor count="4" offset="0" source="#Joint_0_Object_3-joints-array" stride="1">
                            <param name="JOINT" type="Name" />
                        </accessor>
                    </technique_common>
                </source>
                <source id="Joint_0_Object_3-matrices">
                    <float_array id="Joint_0_Object_3-matrices-array" count="64">1.000001 1E-06 1E-06 -4.377849 1E-06 1.0596046E-06 -0.9999991 -10.519997 1E-06 1.0000011 1.0596046E-06 -8.248998 1E-06 1E-06 1E-06 1.000001 1.000001 1E-06 1E-06 -3.4756222 1E-06 1.0596046E-06 -0.9999991 -9.04361 1E-06 1.0000011 1.0596046E-06 -9.625249 1E-06 1E-06 1E-06 1.000001 1.000001 1E-06 1E-06 -2.2539988 1E-06 1.0596046E-06 -0.9999991 -7.6619983 1E-06 1.0000011 1.0596046E-06 -10.965998 1E-06 1E-06 1E-06 1.000001 1.000001 1E-06 1E-06 1E-06 1E-06 1.0596046E-06 -0.9999991 0.07565001 1E-06 1.0000011 1.0596046E-06 -8.697446 1E-06 1E-06 1E-06 1.000001</float_array>
                    <technique_common>
                        <accessor count="4" offset="0" source="#Joint_0_Object_3-matrices-array" stride="16">
                            <param name="TRANSFORM" type="float4x4" />
                        </accessor>
                    </technique_common>
                </source>
                <source id="Joint_0_Object_3-weights">
                    <float_array id="Joint_0_Object_3-weights-array" count="25">1 0.999653 0.000347 0.999654 0.000346 0.850378 0.149622 0.301553 0.698447 0.749913 0.250087 0.850109 0.149891 0.301681 0.698319 0.500536 0.499464 0.749885 0.250115 0.500543 0.499457 0.999772 0.000228 0.999824 0.000176</float_array>
                    <technique_common>
                        <accessor count="25" offset="0" source="#Joint_0_Object_3-weights-array" stride="1">
                            <param name="WEIGHT" type="float" />
                        </accessor>
                    </technique_common>
                </source>
                <joints>
                    <input semantic="JOINT" source="#Joint_0_Object_3-joints" />
                    <input semantic="INV_BIND_MATRIX" source="#Joint_0_Object_3-matrices" />
                </joints>
                <vertex_weights count="234">
                    <input semantic="JOINT" source="#Joint_0_Object_3-joints" offset="0" set="0" />
                    <input semantic="WEIGHT" source="#Joint_0_Object_3-weights" offset="1" set="0" />
                    <vcount>1 1 1 1 1 1 1 1 1 1 1 1 1 1 1 1 1 1 1 1 1 1 1 1 1 1 1 1 1 1 1 1 1 1 1 1 1 1 1 1 1 1 1 1 1 1 1 1 1 1 1 1 1 1 1 1 1 1 1 1 1 1 2 1 1 1 2 1 2 2 1 1 1 1 1 1 1 1 1 1 1 1 1 1 1 1 1 1 1 1 1 1 1 1 1 1 1 1 1 1 1 1 1 1 1 1 1 1 1 1 1 1 1 1 1 1 1 1 1 1 1 1 1 1 1 1 1 1 1 1 1 1 1 1 1 1 1 1 1 1 1 1 1 1 1 1 1 1 1 1 1 1 1 1 1 1 1 1 1 1 1 1 1 2 2 1 1 2 2 1 1 1 1 1 1 1 2 2 2 2 2 2 1 1 1 1 1 1 1 1 1 1 1 1 1 1 2 2 1 1 1 2 1 1 2 2 1 1 1 1 1 2 1 2 1 1 2 2 2 2 2 2 1 2 2 2 2 2 1 2 1 2 2 2</vcount>
                    <v>0 0 0 0 0 0 0 0 0 0 0 0 0 0 0 0 0 0 0 0 0 0 0 0 0 0 0 0 0 0 0 0 0 0 0 0 0 0 0 0 0 0 0 0 0 0 0 0 0 0 0 0 0 0 0 0 0 0 0 0 0 0 0 0 0 0 0 0 0 0 0 0 0 0 0 0 0 0 0 0 0 0 0 0 0 0 0 0 0 0 0 0 1 0 0 0 0 0 0 0 0 0 0 0 0 0 0 0 0 0 0 0 0 0 0 0 0 0 0 0 0 0 2 0 2 1 1 2 2 0 0 0 0 0 2 3 1 4 2 0 2 5 1 6 2 7 1 8 0 0 0 0 0 0 0 0 0 0 0 0 0 0 0 0 0 0 0 0 0 0 0 0 0 0 0 0 0 0 0 0 0 0 1 0 0 0 0 0 0 0 0 0 0 0 0 0 0 0 0 0 0 0 0 0 0 0 0 0 0 0 0 0 2 0 2 0 2 0 2 0 0 0 0 0 0 0 0 0 0 0 0 0 0 0 0 0 0 0 0 0 0 0 0 0 0 0 0 0 0 0 0 0 0 0 0 0 0 0 0 0 0 0 0 0 0 0 0 0 0 0 0 0 0 0 0 0 0 0 0 0 0 0 0 0 0 0 0 0 0 0 0 0 0 0 0 0 0 0 0 0 0 0 0 0 0 0 0 0 0 0 0 0 0 0 0 0 0 0 0 0 0 0 0 0 0 0 0 0 0 0 1 0 1 0 2 9 1 10 2 1 1 2 2 0 2 0 2 11 1 12 2 13 1 14 0 0 0 0 0 0 0 0 0 0 1 0 1 0 2 7 1 8 2 13 1 14 2 5 1 6 2 11 1 12 2 3 1 4 2 1 1 2 1 0 0 0 0 0 0 0 0 0 0 0 1 0 0 0 1 0 0 0 0 0 0 0 3 0 2 0 3 15 2 16 2 1 1 2 3 0 3 0 3 0 2 1 1 2 2 0 2 0 2 17 1 18 2 9 1 10 2 0 2 0 2 0 2 0 2 0 3 15 2 16 2 0 3 19 2 20 3 0 3 0 2 17 1 18 2 21 1 22 2 3 1 4 2 1 1 2 3 19 2 20 2 21 1 22 3 0 2 21 1 22 3 19 2 20 2 23 1 24 2 21 1 22 2 23 1 24 2 0 3 19 2 20 2 0 2 3 1 4 2 23 1 24 2 3 1 4</v>
                </vertex_weights>
            </skin>
        </controller>
        <controller id="Joint_1_Object_0_SINGLE-controller" name="Joint_1_Object_0_SINGLE">
            <skin source="#Joint_1_Object_0_SINGLE-geometry">
                <bind_shape_matrix>1 0 0 0 0 1 0 0 0 0 1 0 0 0 0 1</bind_shape_matrix>
                <source id="Joint_1_Object_0_SINGLE-joints">
                    <Name_array id="Joint_1_Object_0_SINGLE-joints-array" count="1">JOBJ_1</Name_array>
                    <technique_common>
                        <accessor count="1" offset="0" source="#Joint_1_Object_0_SINGLE-joints-array" stride="1">
                            <param name="JOINT" type="Name" />
                        </accessor>
                    </technique_common>
                </source>
                <source id="Joint_1_Object_0_SINGLE-matrices">
                    <float_array id="Joint_1_Object_0_SINGLE-matrices-array" count="16">1.000001 1E-06 1E-06 1E-06 1E-06 1.0596046E-06 -0.9999991 0.07565001 1E-06 1.0000011 1.0596046E-06 -8.697446 1E-06 1E-06 1E-06 1.000001</float_array>
                    <technique_common>
                        <accessor count="1" offset="0" source="#Joint_1_Object_0_SINGLE-matrices-array" stride="16">
                            <param name="TRANSFORM" type="float4x4" />
                        </accessor>
                    </technique_common>
                </source>
                <source id="Joint_1_Object_0_SINGLE-weights">
                    <float_array id="Joint_1_Object_0_SINGLE-weights-array" count="1">1</float_array>
                    <technique_common>
                        <accessor count="1" offset="0" source="#Joint_1_Object_0_SINGLE-weights-array" stride="1">
                            <param name="WEIGHT" type="float" />
                        </accessor>
                    </technique_common>
                </source>
                <joints>
                    <input semantic="JOINT" source="#Joint_1_Object_0_SINGLE-joints" />
                    <input semantic="INV_BIND_MATRIX" source="#Joint_1_Object_0_SINGLE-matrices" />
                </joints>
                <vertex_weights count="53">
                    <input semantic="JOINT" source="#Joint_1_Object_0_SINGLE-joints" offset="0" set="0" />
                    <input semantic="WEIGHT" source="#Joint_1_Object_0_SINGLE-weights" offset="1" set="0" />
                    <vcount>1 1 1 1 1 1 1 1 1 1 1 1 1 1 1 1 1 1 1 1 1 1 1 1 1 1 1 1 1 1 1 1 1 1 1 1 1 1 1 1 1 1 1 1 1 1 1 1 1 1 1 1 1</vcount>
                    <v>0 0 0 0 0 0 0 0 0 0 0 0 0 0 0 0 0 0 0 0 0 0 0 0 0 0 0 0 0 0 0 0 0 0 0 0 0 0 0 0 0 0 0 0 0 0 0 0 0 0 0 0 0 0 0 0 0 0 0 0 0 0 0 0 0 0 0 0 0 0 0 0 0 0 0 0 0 0 0 0 0 0 0 0 0 0 0 0 0 0 0 0 0 0 0 0 0 0 0 0 0 0 0 0 0 0</v>
                </vertex_weights>
            </skin>
        </controller>
        <controller id="Joint_1_Object_1_SINGLE-controller" name="Joint_1_Object_1_SINGLE">
            <skin source="#Joint_1_Object_1_SINGLE-geometry">
                <bind_shape_matrix>1 0 0 0 0 1 0 0 0 0 1 0 0 0 0 1</bind_shape_matrix>
                <source id="Joint_1_Object_1_SINGLE-joints">
                    <Name_array id="Joint_1_Object_1_SINGLE-joints-array" count="1">JOBJ_1</Name_array>
                    <technique_common>
                        <accessor count="1" offset="0" source="#Joint_1_Object_1_SINGLE-joints-array" stride="1">
                            <param name="JOINT" type="Name" />
                        </accessor>
                    </technique_common>
                </source>
                <source id="Joint_1_Object_1_SINGLE-matrices">
                    <float_array id="Joint_1_Object_1_SINGLE-matrices-array" count="16">1.000001 1E-06 1E-06 1E-06 1E-06 1.0596046E-06 -0.9999991 0.07565001 1E-06 1.0000011 1.0596046E-06 -8.697446 1E-06 1E-06 1E-06 1.000001</float_array>
                    <technique_common>
                        <accessor count="1" offset="0" source="#Joint_1_Object_1_SINGLE-matrices-array" stride="16">
                            <param name="TRANSFORM" type="float4x4" />
                        </accessor>
                    </technique_common>
                </source>
                <source id="Joint_1_Object_1_SINGLE-weights">
                    <float_array id="Joint_1_Object_1_SINGLE-weights-array" count="1">1</float_array>
                    <technique_common>
                        <accessor count="1" offset="0" source="#Joint_1_Object_1_SINGLE-weights-array" stride="1">
                            <param name="WEIGHT" type="float" />
                        </accessor>
                    </technique_common>
                </source>
                <joints>
                    <input semantic="JOINT" source="#Joint_1_Object_1_SINGLE-joints" />
                    <input semantic="INV_BIND_MATRIX" source="#Joint_1_Object_1_SINGLE-matrices" />
                </joints>
                <vertex_weights count="38">
                    <input semantic="JOINT" source="#Joint_1_Object_1_SINGLE-joints" offset="0" set="0" />
                    <input semantic="WEIGHT" source="#Joint_1_Object_1_SINGLE-weights" offset="1" set="0" />
                    <vcount>1 1 1 1 1 1 1 1 1 1 1 1 1 1 1 1 1 1 1 1 1 1 1 1 1 1 1 1 1 1 1 1 1 1 1 1 1 1</vcount>
                    <v>0 0 0 0 0 0 0 0 0 0 0 0 0 0 0 0 0 0 0 0 0 0 0 0 0 0 0 0 0 0 0 0 0 0 0 0 0 0 0 0 0 0 0 0 0 0 0 0 0 0 0 0 0 0 0 0 0 0 0 0 0 0 0 0 0 0 0 0 0 0 0 0 0 0 0 0</v>
                </vertex_weights>
            </skin>
        </controller>
    </library_controllers>
    <library_visual_scenes>
        <visual_scene id="Scene" name="Scene">
            <node id="JOBJ_0" sid="JOBJ_0" name="JOBJ_0" type="JOINT">
                <matrix>1 0 0 0 0 1 0 0 0 0 1 0 0 0 0 1</matrix>
                <node id="JOBJ_1" sid="JOBJ_1" name="JOBJ_1" type="JOINT">
                    <matrix>1 0 0 0 0 5.9604638E-08 0.9999998 8.697446 0 -0.9999998 5.9604638E-08 0.075649515 0 0 0 1</matrix>
                    <node id="JOBJ_2" sid="JOBJ_2" name="JOBJ_2" type="JOINT">
                        <matrix>1 0 0 0.961666 0 1 0 6.967648 0 0 1 3.282553 0 0 0 1</matrix>
                        <node id="JOBJ_3" sid="JOBJ_3" name="JOBJ_3" type="JOINT">
                            <matrix>1 0 0 1.292334 0 1 7.1054274E-15 0.77000064 0 -7.1054274E-15 1 -1.0140018 0 0 0 1</matrix>
                            <node id="JOBJ_4" sid="JOBJ_4" name="JOBJ_4" type="JOINT">
                                <matrix>1 0 0 1.2216234 0 1 0 1.381612 0 0 1 -1.3407478 0 0 0 1</matrix>
                                <node id="JOBJ_5" sid="JOBJ_5" name="JOBJ_5" type="JOINT">
                                    <matrix>1 0 0 0.9022269 0 1 0 1.4763865 0 0 1 -1.3762503 0 0 0 1</matrix>
                                </node>
                            </node>
                        </node>
                    </node>
                    <node id="JOBJ_6" sid="JOBJ_6" name="JOBJ_6" type="JOINT">
                        <matrix>1 0 0 -0.954244 0 1 0 6.967555 0 0 1 3.282479 0 0 0 1</matrix>
                        <node id="JOBJ_7" sid="JOBJ_7" name="JOBJ_7" type="JOINT">
                            <matrix>1 0 0 -1.459756 0 1 7.1054274E-15 0.7700936 0 -7.1054274E-15 1 -1.0139275 0 0 0 1</matrix>
                            <node id="JOBJ_8" sid="JOBJ_8" name="JOBJ_8" type="JOINT">
                                <matrix>1 0 0 -1.183651 0 1 0 1.381612 0 0 1 -1.3407478 0 0 0 1</matrix>
                                <node id="JOBJ_9" sid="JOBJ_9" name="JOBJ_9" type="JOINT">
                                    <matrix>1 0 0 -0.7803495 0 1 0 1.4764276 0 0 1 -1.3766327 0 0 0 1</matrix>
                                </node>
                            </node>
                        </node>
                    </node>
                </node>
            </node>
            <node id="Joint_0_Object_0" sid="Joint_0_Object_0" name="Joint_0_Object_0">
                <instance_controller url="#Joint_0_Object_0-controller">
                    <skeleton>#JOBJ_0</skeleton>
                    <bind_material>
                        <technique_common>
                            <instance_material target="#Joint_0_Object_0_Material_0" symbol="Joint_0_Object_0_Material_0" />
                        </technique_common>
                    </bind_material>
                </instance_controller>
            </node>
            <node id="Joint_0_Object_1" sid="Joint_0_Object_1" name="Joint_0_Object_1">
                <instance_controller url="#Joint_0_Object_1-controller">
                    <skeleton>#JOBJ_0</skeleton>
                    <bind_material>
                        <technique_common>
                            <instance_material target="#Joint_0_Object_1_Material_1" symbol="Joint_0_Object_1_Material_1" />
                        </technique_common>
                    </bind_material>
                </instance_controller>
            </node>
            <node id="Joint_0_Object_2" sid="Joint_0_Object_2" name="Joint_0_Object_2">
                <instance_controller url="#Joint_0_Object_2-controller">
                    <skeleton>#JOBJ_0</skeleton>
                    <bind_material>
                        <technique_common>
                            <instance_material target="#Joint_0_Object_2_Material_2" symbol="Joint_0_Object_2_Material_2" />
                        </technique_common>
                    </bind_material>
                </instance_controller>
            </node>
            <node id="Joint_0_Object_3" sid="Joint_0_Object_3" name="Joint_0_Object_3">
                <instance_controller url="#Joint_0_Object_3-controller">
                    <skeleton>#JOBJ_0</skeleton>
                    <bind_material>
                        <technique_common>
                            <instance_material target="#Joint_0_Object_3_Material_3" symbol="Joint_0_Object_3_Material_3" />
                        </technique_common>
                    </bind_material>
                </instance_controller>
            </node>
            <node id="Joint_1_Object_0_SINGLE" sid="Joint_1_Object_0_SINGLE" name="Joint_1_Object_0_SINGLE">
                <instance_controller url="#Joint_1_Object_0_SINGLE-controller">
                    <skeleton>#JOBJ_0</skeleton>
                    <bind_material>
                        <technique_common>
                            <instance_material target="#Joint_1_Object_0_Material_0" symbol="Joint_1_Object_0_Material_0" />
                        </technique_common>
                    </bind_material>
                </instance_controller>
            </node>
            <node id="Joint_1_Object_1_SINGLE" sid="Joint_1_Object_1_SINGLE" name="Joint_1_Object_1_SINGLE">
                <instance_controller url="#Joint_1_Object_1_SINGLE-controller">
                    <skeleton>#JOBJ_0</skeleton>
                    <bind_material>
                        <technique_common>
                            <instance_material target="#Joint_1_Object_1_Material_1" symbol="Joint_1_Object_1_Material_1" />
                        </technique_common>
                    </bind_material>
                </instance_controller>
            </node>
        </visual_scene>
    </library_visual_scenes>
    <scene>
        <instance_visual_scene url="#Scene" />
    </scene>
</COLLADA>